,owner,culture,religion,hre,base_tax,base_production,trade_goods,base_manpower,capital,is_city,center_of_trade,name,province_id,trade_node,middle_x_pos,middle_y_pos
0,SWE,swedish,catholic,False,5,5,grain,3,Stockholm,True,2,Uppland,1,baltic_sea,3077.0,321.0
1,NOR,Unowned,catholic,False,1,1,fur,1,Frösön,True,0,Jamtland,10,north_sea,3029.0,234.0
2,FRI,frisian,catholic,True,6,6,livestock,2,Leeuwarden,True,0,Friesland,100,english_channel,2896.0,465.0
3,ENG,cree,totemism,False,1,2,unknown,1,Cree,True,0,Cree,1000,james_bay,1579.0,228.0
4,FRA,anishinabe,totemism,False,2,2,unknown,1,Sault,True,0,Sault,1001,ohio,1510.0,368.0
5,FRA,algonquin,totemism,False,1,1,unknown,1,Abitbi,True,0,Abitbi,1002,james_bay,1579.0,329.0
6,ENG,cree,totemism,False,1,2,unknown,1,MooseCree,True,0,MooseCree,1003,james_bay,1532.0,274.0
7,ENG,cree,totemism,False,1,2,unknown,1,Attawapiskat,True,0,Attawapiskat,1004,james_bay,1503.0,231.0
8,ENG,cree,totemism,False,1,2,unknown,1,SwampyCree,True,0,SwampyCree,1005,james_bay,1356.0,172.0
9,GBR,inuit,totemism,False,1,2,unknown,1,Ahiarmiut,True,0,Chipewyan,1006,james_bay,1315.0,130.0
10,---,anishinabe,totemism,False,1,1,unknown,1,Ojibwa,False,0,Ojibwa,1007,ohio,1398.0,325.0
11,FRA,bungi,totemism,False,1,1,unknown,1,Manitoba,True,1,Winnipeg,1008,james_bay,1304.0,310.0
12,GBR,bungi,totemism,False,1,1,unknown,1,Manitoba,True,0,Atikaki,1009,james_bay,1302.0,260.0
13,GEN,ligurian,catholic,True,10,10,paper,5,Genova,True,3,Genoa,101,genua,2949.0,639.0
14,FRA,chipewyan,totemism,False,1,1,unknown,1,Manitoba,True,0,Manitoba,1010,james_bay,1267.0,284.0
15,FRA,plains_cree,totemism,False,1,1,unknown,1,WoodsCree,True,0,WoodsCree,1011,james_bay,1243.0,250.0
16,SMZ,kyushuan,shinto,False,3,3,iron,3,Kagoshima,True,0,Satsuma,1012,nippon,4844.0,884.0
17,KOR,korean,confucianism,False,3,3,grain,2,Cheongju,True,0,Cheongju,1013,nippon,4786.0,789.0
18,OTM,kyushuan,shinto,False,4,2,tropical_wood,3,Funai,True,0,Bungo,1014,nippon,4856.0,850.0
19,RYU,Unowned,animism,False,2,2,chinaware,1,Shuri,True,0,Okinawa,1015,nippon,4817.0,953.0
20,DAI,vietnamese,mahayana,False,5,3,fish,3,HaTinh,True,0,HaTinh,1016,canton,4454.0,1103.0
21,OUC,japanese,shinto,False,4,2,silk,3,Yamaguchi,True,1,Suo,1017,nippon,4860.0,830.0
22,AMA,japanese,shinto,False,3,3,iron,2,Matsue,True,0,Izumo,1018,nippon,4886.0,804.0
23,YMN,japanese,shinto,False,3,3,grain,2,Himeji,True,0,Harima,1019,nippon,4910.0,817.0
24,SAV,ligurian,catholic,True,4,4,fish,2,Nice,True,0,Nice,102,genua,2918.0,649.0
25,ASK,japanese,shinto,False,6,5,silk,2,Kyoto,True,0,Yamashiro,1020,nippon,4929.0,813.0
26,HSK,japanese,shinto,False,6,6,chinaware,3,Naniwa,True,1,Settsu,1021,nippon,4920.0,823.0
27,CHA,cham,hinduism,False,4,4,incense,2,Indrapura,True,0,Indrapura,1022,gulf_of_siam,4490.0,1145.0
28,SBA,japanese,shinto,False,3,4,paper,2,Takefu,True,0,Echizen,1023,nippon,4931.0,801.0
29,UES,togoku,shinto,False,4,4,grain,3,Naoetsu,True,0,Echigo,1024,nippon,4971.0,767.0
30,SBA,togoku,shinto,False,2,2,grain,3,Yamagata,True,0,Dewa,1025,nippon,4993.0,750.0
31,DTE,togoku,shinto,False,3,3,grain,3,Aizu,True,0,Rikuzen,1026,nippon,4997.0,762.0
32,STK,togoku,shinto,False,2,2,fish,2,Ota,True,0,Hitachi,1027,nippon,4997.0,791.0
33,UES,togoku,shinto,False,6,6,fish,3,Kawagoe,True,2,Musashi,1028,nippon,4981.0,800.0
34,TKD,togoku,shinto,False,3,3,livestock,3,Kofu,True,0,Kai,1029,nippon,4970.0,805.0
35,SAV,piedmontese,catholic,True,7,7,wine,3,Torino,True,0,Piedmont,103,genua,2923.0,621.0
36,ODA,togoku,shinto,False,4,4,dyes,2,Kiyosu,True,0,Owari,1030,nippon,4944.0,814.0
37,ANU,ainu,animism,False,1,1,fish,1,Kamikawa,True,0,Kamikawa,1031,nippon,5040.0,640.0
38,ANU,ainu,animism,False,1,1,fish,1,Kuril,True,0,Kurils,1032,nippon,5154.0,587.0
39,ANU,ainu,animism,False,1,1,fish,1,Sakhalin,True,0,Sakhalin,1033,girin,5042.0,551.0
40,KMC,kamchatkan,tengri_pagan_reformed,False,1,1,fish,1,Kamchatka,True,0,Kamchatka,1034,girin,5315.0,434.0
41,CHU,kamchatkan,tengri_pagan_reformed,False,1,1,fish,1,Penzhinsky,True,0,Penchisky,1035,girin,5343.0,263.0
42,RUS,yukagyr,tengri_pagan_reformed,False,1,1,unknown,1,Srednekolymsk,True,0,Podzhiversk,1036,girin,5211.0,112.0
43,RUS,yukagyr,tengri_pagan_reformed,False,1,1,unknown,1,Omolon,True,0,Nizhe,1037,girin,5285.0,123.0
44,HOD,yukagyr,tengri_pagan_reformed,False,1,1,fur,1,Karalveyem,True,0,Anadyrsk,1038,girin,5395.0,145.0
45,RUS,yukagyr,tengri_pagan_reformed,False,1,1,unknown,1,Verkhoyansk,True,0,Verkhoyansk,1039,girin,5018.0,154.0
46,MLO,lombard,catholic,True,8,7,cloth,6,Milano,False,2,Milan,104,genua,2947.0,616.0
47,RUS,yukagyr,tengri_pagan_reformed,False,1,1,unknown,1,SuntarKhayat,True,0,SuntarKhayat,1040,girin,5090.0,214.0
48,RUS,kamchatkan,tengri_pagan_reformed,False,1,1,unknown,1,Gizhiga,True,0,Gizhiga,1041,girin,5218.0,241.0
49,RUS,yakut,tengri_pagan_reformed,False,1,1,unknown,1,Sakha,True,0,Kamnuskoye,1042,girin,4947.0,214.0
50,RUS,yakut,tengri_pagan_reformed,False,1,1,unknown,1,Okhotsk,True,0,Okhotsk,1043,girin,4998.0,310.0
51,RUS,kamchatkan,tengri_pagan_reformed,False,1,1,unknown,1,Tauisk,True,0,Tauisk,1044,girin,5138.0,283.0
52,RUS,yakut,tengri_pagan_reformed,False,1,1,unknown,1,Yakutsk,True,0,Yakutsk,1045,siberia,4719.0,249.0
53,RUS,yakut,tengri_pagan_reformed,False,1,1,unknown,1,Ust-Maya,True,0,Butalsk,1046,girin,4852.0,311.0
54,RUS,yakut,tengri_pagan_reformed,False,1,1,unknown,1,Jugjur,True,0,Jugjur,1047,girin,4910.0,381.0
55,NVK,nivkh,tengri_pagan_reformed,False,2,2,fur,2,Udskoye,True,0,Udskoye,1048,girin,4958.0,472.0
56,SOL,evenk,tengri_pagan_reformed,False,2,2,fur,2,Haiilanboo,True,0,Hailanboo,1049,girin,4832.0,493.0
57,MLO,romagnan,catholic,True,6,5,livestock,4,Parma,False,0,Parma,105,venice,2959.0,635.0
58,NVK,nivkh,tengri_pagan_reformed,False,4,4,fur,3,Deren,True,0,Deren,1050,girin,4996.0,490.0
59,RUS,yakut,tengri_pagan_reformed,False,1,1,unknown,1,Aldan,True,0,Uchurskoye,1051,siberia,4779.0,327.0
60,RUS,yakut,tengri_pagan_reformed,False,1,1,unknown,2,Stanovoy,True,0,Verkohzehkoye,1052,girin,4787.0,381.0
61,SOL,evenk,tengri_pagan_reformed,False,2,2,fur,3,Hinggan,True,0,Hinggan,1053,girin,4743.0,485.0
62,Unowned,tungus,tengri_pagan_reformed,False,1,1,unknown,1,Mukhtuya,True,0,Ilimsk,1054,siberia,4555.0,300.0
63,RUS,buryat,tengri_pagan_reformed,False,2,2,unknown,2,Kirenga,False,0,Verkne,1055,girin,4542.0,386.0
64,RUS,buryat,tengri_pagan_reformed,False,3,3,unknown,3,Barguzin,False,0,Barguzinsky,1056,girin,4563.0,455.0
65,RUS,buryat,tengri_pagan_reformed,False,3,3,unknown,2,Udinskoye,False,0,Udinsky,1057,girin,4493.0,506.0
66,KHA,buryat,tengri_pagan_reformed,False,1,1,fur,1,Nerchinsky,True,0,Nerchinsky,1058,girin,4618.0,498.0
67,RUS,tungus,tengri_pagan_reformed,False,1,1,unknown,1,Kezemskoe,True,0,Bratsk,1059,siberia,4432.0,294.0
68,FER,romagnan,catholic,True,5,5,livestock,2,Modena,True,0,Modena,106,venice,2973.0,639.0
69,RUS,buryat,tengri_pagan_reformed,False,1,1,unknown,1,Irkutsk,True,1,Irkutsk,1060,siberia,4429.0,456.0
70,RUS,tungus,tengri_pagan_reformed,False,1,1,unknown,1,Novoselovo,True,0,Yeniseysk,1061,siberia,4301.0,283.0
71,RUS,buryat,tengri_pagan_reformed,False,1,1,unknown,1,Angara,True,0,Kachinsk,1062,siberia,4363.0,381.0
72,RUS,buryat,tengri_pagan_reformed,False,1,1,unknown,1,Sayan,True,0,Sayan,1063,siberia,4320.0,441.0
73,RUS,ostyaki,tengri_pagan_reformed,False,1,1,unknown,1,Tomsk,True,0,Tomsk,1064,siberia,4180.0,340.0
74,OIR,kirgiz,tengri_pagan_reformed,False,1,1,unknown,1,Kuznetsk,True,0,Kuznetsk,1065,siberia,4220.0,439.0
75,OIR,buryat,tengri_pagan_reformed,False,1,1,fur,1,Altai,True,0,Altai,1066,siberia,4157.0,501.0
76,RUS,samoyed,orthodox,False,1,1,unknown,1,Turukhan,True,0,Narym,1067,siberia,4181.0,251.0
77,RUS,ostyaki,tengri_pagan_reformed,False,1,1,unknown,1,Ket,True,0,PegayaOrda,1068,siberia,4114.0,310.0
78,SIB,samoyed,orthodox,False,1,1,unknown,1,Sörgüt,True,0,Surgut,1069,siberia,3980.0,232.0
79,Unowned,lombard,catholic,True,5,5,cloth,3,Brescia,True,0,Brescia,107,venice,2968.0,611.0
80,SIB,samoyed,orthodox,False,1,1,unknown,1,Narim,True,0,Koda,1070,siberia,4086.0,218.0
81,SHY,siberian,sunni,False,2,2,fur,2,Tara,True,0,Tara,1071,siberia,3949.0,386.0
82,RUS,samoyed,orthodox,False,1,1,unknown,1,Obdorsk,True,0,Obdorsk,1072,siberia,3895.0,104.0
83,RUS,samoyed,orthodox,False,1,1,unknown,1,Berezov,True,0,Berezov,1073,siberia,3883.0,201.0
84,SHY,ostyaki,sunni,False,2,2,fur,2,Qashliq,True,0,Sibir,1074,siberia,3890.0,330.0
85,SHY,siberian,sunni,False,4,4,fur,4,Chimgi-Tura,True,1,Tyumen,1075,siberia,3853.0,380.0
86,SHY,siberian,sunni,False,3,3,fur,3,Kurgan,True,0,Kurgan,1076,siberia,3814.0,404.0
87,PRM,uralic,Unowned,False,3,0,,1,Solikamsk,True,0,Solikamsk,1077,white_sea,3704.0,325.0
88,SIB,uralic,orthodox,False,1,1,unknown,1,Neromkar,True,0,MiddleUrals,1078,siberia,3752.0,354.0
89,MOS,russian,orthodox,False,3,3,copper,4,Hlynov,True,0,Viatka,1079,kazan,3582.0,339.0
90,MLO,venetian,catholic,False,5,5,grain,3,Verona,True,1,Verona,108,venice,2976.0,616.0
91,RUS,uralic,orthodox,False,1,1,unknown,1,Pelym,True,0,NorthUrals,1080,siberia,3776.0,257.0
92,KAZ,kazani,sunni,False,1,1,iron,1,Bolgar,True,0,Simbirsk,1081,kazan,3548.0,442.0
93,KAZ,kazani,sunni,False,6,6,grain,3,Kazan,True,2,Kazan,1082,kazan,3573.0,397.0
94,MOS,russian,orthodox,False,3,3,grain,2,Yur,True,0,Zavolochye,1083,kazan,3521.0,357.0
95,NOO,nyoongah,dreamtime,False,3,4,livestock,2,Wadjuk,True,1,Wadjuk,1084,australia,4670.0,1896.0
96,GBR,palawa,dreamtime,False,2,2,fish,2,Paredarerme,True,0,Paredarerme,1085,australia,5075.0,2031.0
97,KAU,yura,dreamtime,False,3,3,fish,1,Kaurna,True,1,Kaurna,1086,australia,4959.0,1908.0
98,WRU,kulin,dreamtime,False,4,5,livestock,2,Wurundjeri,True,1,Wurundjeri,1087,australia,5043.0,1966.0
99,Unowned,kulin,dreamtime,False,1,1,unknown,1,Wergaia,False,0,Wergaia,1088,australia,5048.0,1930.0
100,Unowned,gamilaraay,dreamtime,False,3,3,unknown,2,Wiradjuri,False,0,Wiradjuri,1089,australia,5097.0,1894.0
101,MAN,romagnan,catholic,True,8,8,livestock,3,Mantova,True,1,Mantua,109,venice,2969.0,625.0
102,EOR,aboriginal,dreamtime,False,5,4,fish,2,Eora,True,1,Eora,1090,australia,5129.0,1911.0
103,Unowned,gamilaraay,dreamtime,False,1,1,unknown,1,Kamilaroi,False,0,Kamilaroi,1091,australia,5094.0,1863.0
104,Unowned,aboriginal,dreamtime,False,3,3,unknown,2,Gubbi-Gubbi,False,0,Bundjalung,1092,australia,5153.0,1855.0
105,Unowned,gamilaraay,dreamtime,False,1,1,unknown,1,Barunggam,False,0,Barunggam,1093,australia,5087.0,1777.0
106,MIA,gamilaraay,dreamtime,False,2,2,naval_supplies,1,Turrbal,True,0,Turrbal,1094,australia,5134.0,1774.0
107,FRA,cosmopolitan_french,catholic,False,1,1,unknown,1,Falklands,True,0,Falklands,1095,laplata,1893.0,1970.0
108,POR,portugese,catholic,False,1,1,unknown,1,CapeVerde,True,0,CapeVerde,1096,ivory_coast,2424.0,1139.0
109,POR,yorumba,catholic,False,2,2,unknown,1,FernandoPo,True,0,FernandoPo,1097,ivory_coast,2941.0,1342.0
110,NED,dutch,reformed,False,1,1,unknown,1,St,True,0,St,1098,ivory_coast,2721.0,1651.0
111,MHR,mahri_culture,coptic,False,1,2,fish,1,Suqutra,True,0,Socotra,1099,gulf_of_aden,3637.0,1198.0
112,SWE,swedish,catholic,False,1,1,fur,1,Umeå,True,0,Vasterbotten,11,baltic_sea,3135.0,178.0
113,TNT,venetian,catholic,True,4,3,iron,1,Trent,True,0,Trent,110,,2981.0,602.0
114,FRA,cosmopolitan_french,catholic,False,2,2,unknown,1,Mahe,True,0,Mahe,1100,zanzibar,3682.0,1472.0
115,FRA,cosmopolitan_french,catholic,False,1,1,unknown,1,DiegoGarcia,True,0,DiegoGarcia,1101,comorin_cape,3969.0,1530.0
116,NED,dutch,reformed,False,5,5,unknown,1,Mauritius,True,0,Mauritius,1102,zanzibar,3710.0,1716.0
117,FRA,cosmopolitan_french,catholic,False,5,5,unknown,1,Bourbon,True,0,Bourbon,1103,zanzibar,3669.0,1735.0
118,DAN,inuit,totemism,False,1,1,unknown,1,Eiriksfjord,True,0,Eiriksfjord,1104,st_lawrence,2087.0,179.0
119,DAN,inuit,totemism,False,1,1,unknown,1,Vestbygden,True,0,Vestbygden,1105,st_lawrence,2015.0,83.0
120,TTT,maori,animism,False,4,4,tropical_wood,2,Whangarei,True,0,TeTaiTokerau,1106,polynesia_node,5534.0,1825.0
121,TNK,maori,animism,False,4,4,salt,2,Ngamotu,True,0,Taranaki,1107,polynesia_node,5550.0,1910.0
122,TEA,maori,animism,False,4,4,fish,2,Tauranga,True,0,TeMoanaaToi,1108,polynesia_node,5568.0,1883.0
123,Unowned,maori,animism,False,1,1,naval_supplies,1,Kaiapoi,False,0,Timaru,1109,polynesia_node,5496.0,1989.0
124,AQU,venetian,catholic,False,5,5,wine,2,Udine,False,0,Friuli,111,venice,3005.0,607.0
125,MOR,berber,sunni,False,3,3,sugar,2,Agadir,True,1,RiodeOro,1110,safi,2650.0,913.0
126,POR,berber,sunni,False,1,1,unknown,1,Arguin,True,0,Arguin,1111,ivory_coast,2550.0,1051.0
127,JOL,senegambian,sunni,False,1,1,salt,1,Awlil,True,0,Trarza,1112,ivory_coast,2563.0,1115.0
128,JOL,senegambian,Unowned,False,3,3,slaves,2,Mboul,True,0,Cayor,1113,ivory_coast,2554.0,1147.0
129,MAL,senegambian,Unowned,False,3,3,ivory,2,Kansala,True,1,Gabu,1114,ivory_coast,2567.0,1206.0
130,Unowned,fulani,Unowned,False,1,1,unknown,1,Aligh,False,0,Brakna,1115,timbuktu,2593.0,1127.0
131,JOL,senegambian,Unowned,False,3,3,slaves,2,Jowol,True,0,Wolof,1116,ivory_coast,2573.0,1159.0
132,MAL,fulani,Unowned,False,3,3,ivory,3,Timbo,True,0,FutaJallon,1117,ivory_coast,2620.0,1223.0
133,GBR,dyola,Unowned,False,1,1,unknown,1,Sherbro,True,0,SierraLeone,1118,ivory_coast,2617.0,1267.0
134,Unowned,dyola,Unowned,False,1,1,,1,Mesurado,False,0,GrainCoast,1119,ivory_coast,2672.0,1314.0
135,VEN,venetian,catholic,False,10,12,glass,5,Venezia,False,3,Venezia,112,venice,2996.0,619.0
136,MAL,soninke,Unowned,False,6,6,gold,2,Bambuk,True,0,Bambuk,1120,timbuktu,2631.0,1187.0
137,MAL,mali,Unowned,False,6,6,gold,2,Kurussa,True,0,Bure,1121,timbuktu,2653.0,1230.0
138,MAL,dyola,Unowned,False,1,1,dyes,1,Tingrela,True,0,Bagoe,1122,timbuktu,2694.0,1233.0
139,MAL,bambara,Unowned,False,5,5,grain,2,Kirina,True,0,Segu,1123,timbuktu,2700.0,1175.0
140,MAL,mali,Unowned,False,4,4,grain,8,Niani,True,1,Wasuju,1124,timbuktu,2676.0,1214.0
141,KNG,dyola,Unowned,False,2,2,ivory,2,Kong,True,0,Kong,1125,timbuktu,2731.0,1247.0
142,Unowned,aka,Unowned,False,1,1,unknown,1,Assinie,False,0,IvoryCoast,1126,ivory_coast,2714.0,1314.0
143,MOR,tuareg,sunni,False,1,1,unknown,1,Tawat,True,0,Tuat,1127,timbuktu,2723.0,964.0
144,TMB,tuareg,sunni,False,1,1,salt,1,Tawdani,True,0,Taodeni,1128,timbuktu,2760.0,1033.0
145,TMB,tuareg,sunni,False,1,1,salt,1,Arawan,True,0,Azawadd,1129,timbuktu,2758.0,1073.0
146,FER,romagnan,catholic,True,6,6,salt,2,Ferrara,True,0,Ferrara,113,venice,2990.0,630.0
147,SON,tuareg,sunni,False,1,1,wool,1,Tadmekka,True,0,Tadmekka,1130,timbuktu,2816.0,1100.0
148,JNN,bambara,Unowned,False,4,4,grain,1,Macina,True,1,Massina,1131,timbuktu,2718.0,1159.0
149,TMB,tuareg,sunni,False,8,8,cloth,2,Timbuktu,True,2,Timbuktu,1132,timbuktu,2763.0,1111.0
150,SON,songhai,sunni,False,7,7,cloth,2,Gao,True,1,Gao,1133,timbuktu,2813.0,1133.0
151,ZAF,bozo,Unowned,False,7,7,cloth,3,Jenne,True,2,Jenne,1134,timbuktu,2737.0,1184.0
152,YAT,mossi,Unowned,False,3,3,livestock,2,Gursi,True,0,Yatenga,1135,timbuktu,2767.0,1187.0
153,GUR,Unowned,Unowned,False,1,1,ivory,1,Bilanga,True,0,Gurma,1136,timbuktu,2825.0,1204.0
154,WGD,Unowned,Unowned,False,3,3,grain,3,Wagadugu,True,0,Wagadugi,1137,timbuktu,2781.0,1206.0
155,ASH,aka,Unowned,False,4,4,gold,1,Kumasi,True,0,Kumasi,1138,timbuktu,2791.0,1279.0
156,Unowned,aka,Unowned,False,2,2,unknown,1,Accra,False,1,GoldCoast,1139,ivory_coast,2800.0,1306.0
157,PAP,romagnan,catholic,False,4,5,salt,2,Ravenna,True,0,Romagna,114,venice,2993.0,642.0
158,Unowned,fon,Unowned,False,1,1,slaves,1,Allada,True,0,Abomey,1140,timbuktu,2829.0,1272.0
159,Unowned,fon,Unowned,False,1,1,unknown,1,Whydah,False,0,Whydah,1141,ivory_coast,2828.0,1290.0
160,SON,songhai,sunni,False,3,3,grain,1,Lulama,True,0,Dendi,1142,timbuktu,2846.0,1188.0
161,GUR,dagomba,Unowned,False,1,1,grain,1,Bussa,True,0,Borgu,1143,timbuktu,2853.0,1221.0
162,OYO,yorumba,Unowned,False,3,3,grain,1,Oyo,True,0,Oyo,1144,katsina,2870.0,1266.0
163,NUP,nupe,Unowned,False,2,2,,2,Nupe,True,0,Nupe,1145,katsina,2897.0,1252.0
164,OYO,yorumba,Unowned,False,3,3,,2,Ife,True,0,Ife,1146,katsina,2890.0,1267.0
165,BEN,yorumba,Unowned,False,4,4,,3,Oredo,True,1,Benin,1147,ivory_coast,2888.0,1297.0
166,KTS,hausa,sunni,False,3,3,iron,3,Gobir,True,0,Gobir,1148,katsina,2898.0,1179.0
167,KTS,hausa,sunni,False,6,6,cloth,3,Katsina,True,2,Katsina,1149,katsina,2921.0,1198.0
168,PIS,tuscan,catholic,True,6,6,wine,3,Pisa,False,1,Pisa,115,genua,2970.0,663.0
169,ZZZ,hausa,Unowned,False,3,3,grain,1,Dutsi,True,0,Zamfara,1150,katsina,2898.0,1208.0
170,Unowned,sawabantu,Unowned,False,1,1,slaves,2,Bonny,False,0,Bonny,1151,ivory_coast,2919.0,1314.0
171,NUP,nupe,Unowned,False,1,1,ivory,1,Idah,True,0,Idah,1152,katsina,2923.0,1286.0
172,NUP,nupe,Unowned,False,1,1,livestock,1,Lafia,True,0,Pindinga,1153,katsina,2930.0,1257.0
173,ZZZ,hausa,Unowned,False,3,3,slaves,3,Turunku,True,0,Zazzau,1154,katsina,2921.0,1231.0
174,KAN,hausa,sunni,False,5,5,dyes,5,Kano,True,0,Kano,1155,katsina,2937.0,1203.0
175,AIR,tuareg,sunni,False,1,1,livestock,1,Mashina,True,0,Damagaram,1156,katsina,2962.0,1149.0
176,KBO,kanuri,sunni,False,4,4,grain,1,Gatiga,True,2,Borno,1157,katsina,3007.0,1196.0
177,YAO,kanuri,sunni,False,3,3,,2,Ngala,True,1,Kanem,1158,katsina,3031.0,1164.0
178,YAO,Unowned,Unowned,False,3,3,ivory,1,Massenya,True,0,Bagirmi,1159,katsina,3061.0,1198.0
179,LAN,tuscan,catholic,True,10,12,wine,6,Firenze,True,2,Firenze,116,genua,2980.0,653.0
180,KBO,kanuri,Unowned,False,1,1,tropical_wood,1,Wandala,True,0,Mandara,1160,katsina,3016.0,1230.0
181,SOK,jukun,Unowned,False,1,1,unknown,1,Bauchi,True,0,Bauchi,1161,katsina,2965.0,1241.0
182,SOK,jukun,Unowned,False,1,1,unknown,1,Wukari,True,0,Wukari,1162,katsina,2946.0,1276.0
183,Unowned,sawabantu,Unowned,False,1,1,slaves,1,Calabar,False,1,Calabar,1163,ivory_coast,2941.0,1313.0
184,Unowned,sawabantu,Unowned,False,1,1,unknown,1,Cameroon,False,0,Cameroon,1164,ivory_coast,2966.0,1353.0
185,Unowned,kongolese,Unowned,False,2,2,unknown,1,Gabon,False,0,Gabon,1165,ivory_coast,2960.0,1402.0
186,LOA,kongolese,Unowned,False,3,3,gems,3,Loango,True,0,Loango,1166,ivory_coast,2997.0,1456.0
187,POR,mbundu,Unowned,False,2,2,unknown,1,Luanda,True,0,Luanda,1167,ivory_coast,3024.0,1560.0
188,KON,kongolese,Unowned,False,2,2,slaves,1,Lovata,True,0,Kisarna,1168,ivory_coast,3020.0,1531.0
189,TYO,kongolese,Unowned,False,2,2,copper,2,Anziku,True,0,Mayombe,1169,kongo,3031.0,1459.0
190,SIE,tuscan,catholic,True,8,8,glass,4,Siena,True,0,Siena,117,genua,2982.0,670.0
191,KON,kongolese,Unowned,False,6,6,iron,3,Kongo,True,2,Kongo,1170,kongo,3033.0,1508.0
192,NDO,mbundu,Unowned,False,2,2,slaves,3,Kabasa,True,1,Ndongo,1171,ivory_coast,3048.0,1559.0
193,POR,mbundu,Unowned,False,4,4,unknown,2,Benguela,True,1,Benguela,1172,ivory_coast,3019.0,1605.0
194,Unowned,Unowned,Unowned,False,0,0,,0,Damaraland,False,0,Damaraland,1173,cape_of_good_hope,3032.0,1744.0
195,Unowned,khoisan,Unowned,False,1,1,unknown,1,WalvisBay,False,0,WalvisBay,1174,ivory_coast,3038.0,1770.0
196,Unowned,khoisan,Unowned,False,1,1,unknown,1,LesserNamaqualand,False,0,LesserNamaqualand,1175,cape_of_good_hope,3081.0,1886.0
197,Unowned,khoisan,Unowned,False,1,1,unknown,1,Roggeveld,False,0,Roggeveld,1176,cape_of_good_hope,3127.0,1912.0
198,NED,khoisan,reformed,False,7,7,unknown,1,Cape,True,1,Cape,1177,cape_of_good_hope,3117.0,1947.0
199,Unowned,khoisan,Unowned,False,3,3,unknown,1,Beaufort,False,0,GreatKaroo,1178,cape_of_good_hope,3171.0,1914.0
200,NED,khoisan,reformed,False,2,2,unknown,2,Swellendam,True,0,LittleKaroo,1179,cape_of_good_hope,3165.0,1950.0
201,PAP,umbrian,catholic,False,9,9,paper,7,Roma,True,1,Roma,118,genua,2996.0,684.0
202,Unowned,nguni,Unowned,False,1,1,unknown,1,Thembu,False,0,Transkei,1180,cape_of_good_hope,3245.0,1917.0
203,Unowned,nguni,Unowned,False,2,2,unknown,1,Magulu,False,0,Natal,1181,cape_of_good_hope,3277.0,1886.0
204,POR,nguni,Unowned,False,4,4,unknown,1,Xefina,True,0,DelagoaBay,1182,cape_of_good_hope,3325.0,1803.0
205,POR,nguni,Unowned,False,4,4,unknown,1,Inhambane,True,1,Inhambane,1183,zanzibar,3343.0,1760.0
206,ZIM,shona,shamanism,False,5,4,gold,5,Zimbabwe,True,1,Zimbabwe,1184,zambezi,3285.0,1734.0
207,RZW,shona,shamanism,False,3,3,gold,1,Khami,True,0,Buha,1185,zambezi,3272.0,1701.0
208,SFA,nguni,sunni,False,3,4,gold,2,Sofala,True,1,Sofala,1186,zanzibar,3347.0,1711.0
209,ZIM,shona,shamanism,False,2,2,ivory,2,Sena,True,0,Sena,1187,zambezi,3349.0,1674.0
210,ZIM,shona,shamanism,False,2,2,gold,1,Massapa,True,0,Masapa,1188,zambezi,3288.0,1671.0
211,RZW,shona,shamanism,False,2,2,livestock,1,Shangwe,True,0,Shangwe,1189,zambezi,3248.0,1675.0
212,PAP,umbrian,catholic,False,5,5,paper,4,Ancona,True,0,Ancona,119,venice,3013.0,662.0
213,ZIM,shona,shamanism,False,2,2,ivory,1,Chikova,True,0,Zumbo,1190,zambezi,3278.0,1650.0
214,ZIM,shona,shamanism,False,2,2,ivory,1,Tete,True,2,Tete,1191,zambezi,3322.0,1655.0
215,SFA,nyasa,sunni,False,3,3,ivory,1,Quelimane,True,0,Quelimane,1192,zanzibar,3377.0,1681.0
216,SKA,madagasque,Unowned,False,3,3,slaves,3,Morondava,True,1,Menabe,1193,zanzibar,3498.0,1737.0
217,SKA,Unowned,Unowned,False,2,2,fish,1,Besalampy,True,0,Boina,1194,zanzibar,3514.0,1669.0
218,ZAN,swahili,sunni,False,2,2,ivory,2,Mozambique,True,0,Mozambique,1195,zanzibar,3431.0,1627.0
219,ZAN,swahili,sunni,False,4,4,gold,2,Kilwa,True,1,Kilwa,1196,zanzibar,3409.0,1539.0
220,ZAN,swahili,Unowned,False,1,1,,1,Mzizima,True,0,Mzizima,1197,zanzibar,3403.0,1513.0
221,ZAN,swahili,sunni,False,2,2,fish,1,Lindi,True,0,Lindi,1198,zanzibar,3418.0,1565.0
222,ZAN,swahili,Unowned,False,1,1,ivory,1,Bagamayo,True,0,Bagamoyo,1199,zanzibar,3402.0,1500.0
223,DAN,danish,catholic,False,8,8,fish,4,København,True,2,Sjaelland,12,,2989.0,414.0
224,NAP,neapolitan,catholic,False,5,5,wine,3,L'Aquila,True,0,Abbruzzi,120,venice,3021.0,679.0
225,MBA,swahili,Unowned,False,2,2,ivory,2,Tanga,True,0,Tanga,1200,zanzibar,3403.0,1471.0
226,ZAN,swahili,ibadi,False,2,2,slaves,1,Zanzibar,True,2,Zanzibar,1201,zanzibar,3422.0,1500.0
227,MBA,swahili,sunni,False,5,5,ivory,2,Mombasa,True,2,Mombasa,1202,zanzibar,3409.0,1457.0
228,MLI,swahili,sunni,False,4,4,iron,2,Malindi,True,1,Malindi,1203,zanzibar,3418.0,1438.0
229,MLI,swahili,sunni,False,3,3,ivory,1,Lamu,True,0,Lamu,1204,zanzibar,3437.0,1427.0
230,MDI,somali,sunni,False,4,4,ivory,2,Maqdishu,True,2,Mogadishu,1205,gulf_of_aden,3510.0,1356.0
231,MRE,somali,sunni,False,1,1,incense,1,Qardho,True,0,Qardho,1206,gulf_of_aden,3583.0,1249.0
232,OGD,somali,sunni,False,1,1,incense,1,Bale,False,0,Ogaden,1207,ethiopia,3490.0,1295.0
233,ADA,somali,sunni,False,1,1,livestock,1,Degehabur,True,0,Degehabur,1208,ethiopia,3496.0,1262.0
234,WAR,somali,sunni,False,4,4,slaves,2,Berbera,True,0,Berbera,1209,gulf_of_aden,3520.0,1236.0
235,NAP,neapolitan,catholic,False,8,8,grain,6,Napoli,False,2,Napoli,121,genua,3028.0,700.0
236,ETH,harari,sunni,False,1,1,grain,1,Dawaro,True,0,Dawaro,1210,ethiopia,3447.0,1280.0
237,ADA,harari,sunni,False,6,6,coffee,4,Harer,True,1,Harer,1211,gulf_of_aden,3453.0,1251.0
238,ADA,Unowned,sunni,False,5,5,incense,3,Zayla,True,2,Zeila,1212,gulf_of_aden,3481.0,1229.0
239,ETH,amhara,sunni,False,3,3,grain,3,Badeqe,True,0,Shoa,1213,ethiopia,3404.0,1245.0
240,ETH,amhara,coptic,False,2,2,grain,2,Hayq,True,0,Awsa,1214,ethiopia,3417.0,1217.0
241,ADA,afar,sunni,False,2,2,livestock,2,Tajura,True,0,Tajura,1215,gulf_of_aden,3471.0,1207.0
242,NUB,Unowned,Unowned,False,1,1,unknown,1,Takala,True,0,DarNuba,1216,ethiopia,3283.0,1211.0
243,Unowned,Unowned,Unowned,False,1,1,unknown,2,Alays,False,0,Fazughli,1217,ethiopia,3325.0,1238.0
244,WLY,sidamo,shamanism,False,2,2,coffee,2,Irgalem,True,0,Kefa,1218,ethiopia,3415.0,1296.0
245,DAR,tunjur,Unowned,False,1,1,unknown,1,Al-Fashir,True,1,Kordofan,1219,ethiopia,3200.0,1184.0
246,NAP,neapolitan,catholic,False,3,3,wine,2,Taranto,True,0,Apulia,122,venice,3080.0,717.0
247,ABB,nubian,sunni,False,1,1,livestock,2,Bayuda,True,0,DarJaal,1220,ethiopia,3305.0,1120.0
248,NUB,nubian,Unowned,False,1,1,unknown,1,Al-Ubayyid,True,0,Taqali,1221,ethiopia,3278.0,1170.0
249,ALO,nubian,coptic,False,1,1,grain,2,Gezira,True,0,Gezira,1222,ethiopia,3326.0,1165.0
250,ETH,amhara,coptic,False,2,2,coffee,2,Gojjam,True,0,Gojjam,1223,ethiopia,3394.0,1223.0
251,ETH,amhara,coptic,False,4,4,grain,2,Gondar,True,2,Gonder,1224,ethiopia,3400.0,1206.0
252,ALO,nubian,sunni,False,1,1,ivory,1,Qarri,True,0,Butana,1225,ethiopia,3353.0,1156.0
253,BEJ,beja,sunni,False,1,1,livestock,2,Taka,True,0,Taka,1226,ethiopia,3374.0,1136.0
254,ETH,tigray,Unowned,False,2,2,grain,3,Debarwa,True,0,Tigre,1227,ethiopia,3401.0,1171.0
255,ABB,nubian,shiite,False,2,1,grain,2,Dunqula,True,0,Dongola,1228,ethiopia,3297.0,1084.0
256,BEJ,beja,sunni,False,1,1,unknown,2,Berber,True,0,Berber,1229,ethiopia,3350.0,1094.0
257,NAP,sicilian,catholic,False,2,2,fish,2,Calabria,True,0,Calabria,123,genua,3061.0,750.0
258,MED,tigray,coptic,False,2,2,,1,Mitsiwa,True,0,Massawa,1230,gulf_of_aden,3415.0,1136.0
259,MAM,al_misr_arabic,sunni,False,2,2,livestock,1,Aswan,True,0,Aswan,1231,alexandria,3316.0,1009.0
260,MAM,beja,sunni,False,1,1,slaves,1,Suakin,True,0,Suakin,1232,gulf_of_aden,3387.0,1084.0
261,MAM,al_misr_arabic,sunni,False,1,1,livestock,1,Kharga,True,0,Kharga,1233,alexandria,3291.0,989.0
262,MAK,nubian,Unowned,False,2,2,livestock,2,QasrIbrim,True,0,QasrIbrim,1234,alexandria,3316.0,1029.0
263,SPA,polynesian,animism,False,1,1,unknown,1,Guam,True,0,Guam,1235,polynesia_node,5047.0,1081.0
264,Unowned,papuan,animism,False,1,1,unknown,1,Rabaul,False,0,Rabaul,1236,polynesia_node,5158.0,1458.0
265,Unowned,papuan,animism,False,1,1,unknown,1,Hanuabada,False,0,Hanuabada,1237,the_moluccas,5152.0,1556.0
266,Unowned,melanesian,animism,False,1,1,unknown,1,Solomon,False,0,SolomonIslands,1238,polynesia_node,5278.0,1531.0
267,Unowned,melanesian,animism,False,1,1,unknown,1,Vanuatu,False,0,Vanuatu,1239,polynesia_node,5425.0,1644.0
268,SIC,sicilian,catholic,False,6,6,fish,5,Messina,True,0,Messina,124,genua,3037.0,764.0
269,HAW,polynesian,animism,False,3,3,livestock,1,Kailua-Kona,True,0,Hawaii,1240,polynesia_node,341.0,1031.0
270,Unowned,polynesian,animism,False,1,1,unknown,1,Kiribati,False,0,Kiribati,1241,polynesia_node,92.0,1441.0
271,VIL,melanesian,animism,False,3,3,livestock,1,Viseisei,True,0,Fiji,1242,polynesia_node,5550.0,1683.0
272,SAM,polynesian,animism,False,3,3,cloth,2,Falealupo,True,0,Samoa,1243,polynesia_node,134.0,1621.0
273,Unowned,polynesian,animism,False,3,3,unknown,1,Tahiti,False,0,Tahiti,1244,polynesia_node,605.0,1701.0
274,Unowned,papuan,animism,False,1,1,unknown,1,Manokwari,False,0,Manokwari,1245,the_moluccas,4882.0,1391.0
275,Unowned,maori,animism,False,1,1,gems,1,Hokitika,False,0,AtaWhenua,1246,polynesia_node,5471.0,1982.0
276,GEN,sardinian,catholic,True,3,3,naval_supplies,2,Bastia,True,0,Corsica,1247,genua,2947.0,682.0
277,DGL,malayalam,sunni,False,2,2,,1,Malé,True,0,Maldives,1248,comorin_cape,3944.0,1349.0
278,SOK,jukun,Unowned,False,1,1,unknown,1,Kwararafa,True,0,Yola,1249,katsina,2976.0,1258.0
279,SIC,sicilian,catholic,False,5,5,wine,3,Palermo,True,1,Palermo,125,genua,3018.0,763.0
280,Unowned,Unowned,Unowned,False,0,0,,0,Vanern,False,0,Vanern,1250,,3010.0,338.0
281,Unowned,Unowned,Unowned,False,0,0,,0,Vattern,False,0,Vattern,1251,,3030.0,351.0
282,Unowned,Unowned,Unowned,False,0,0,,0,GulfofBothnia,False,0,GulfofBothnia,1252,,3139.0,215.0
283,Unowned,Unowned,Unowned,False,0,0,,0,AlandsHav,False,0,AlandsHav,1253,,3130.0,290.0
284,Unowned,Unowned,Unowned,False,0,0,,0,GulfofFinland,False,0,GulfofFinland,1254,,3224.0,312.0
285,Unowned,Unowned,Unowned,False,0,0,,0,WesternBalticSea,False,0,WesternBalticSea,1255,,3085.0,364.0
286,Unowned,Unowned,Unowned,False,0,0,,0,GulfofRiga,False,0,GulfofRiga,1256,,3169.0,363.0
287,Unowned,Unowned,Unowned,False,0,0,,0,SouthernBalticSea,False,0,SouthernBalticSea,1257,,3049.0,426.0
288,Unowned,Unowned,Unowned,False,0,0,,0,Oresund,False,0,Oresund,1258,,2984.0,421.0
289,Unowned,Unowned,Unowned,False,0,0,,0,Kattegat,False,0,Kattegat,1259,,2971.0,376.0
290,SIC,maltese,catholic,False,3,3,fish,2,Mdina,True,0,Malta,126,genua,3029.0,798.0
291,Unowned,Unowned,Unowned,False,0,0,,0,PeipsiJarv,False,0,PeipsiJarv,1260,,3235.0,348.0
292,Unowned,Unowned,Unowned,False,0,0,,0,Ladoga,False,0,Ladoga,1261,,3297.0,293.0
293,Unowned,Unowned,Unowned,False,0,0,,0,Onega,False,0,Onega,1262,,3346.0,260.0
294,Unowned,Unowned,Unowned,False,0,0,,0,WhiteSea,False,0,WhiteSea,1263,,3550.0,71.0
295,Unowned,Unowned,Unowned,False,0,0,,0,LofotenSea,False,0,LofotenSea,1264,,3121.0,51.0
296,Unowned,Unowned,Unowned,False,0,0,,0,NorthernNorwegianSea,False,0,NorthernNorwegianSea,1265,,2976.0,101.0
297,Unowned,Unowned,Unowned,False,0,0,,0,SouthernNorwegianSea,False,0,SouthernNorwegianSea,1266,north_sea,2894.0,338.0
298,Unowned,Unowned,Unowned,False,0,0,,0,Skagerrack,False,0,Skagerrack,1267,,2956.0,346.0
299,Unowned,Unowned,Unowned,False,0,0,,0,HelgolandBight,False,0,HelgolandBight,1268,,2923.0,423.0
300,Unowned,Unowned,Unowned,False,0,0,,0,CoastofHolland,False,0,CoastofHolland,1269,english_channel,2869.0,471.0
301,SAR,sardinian,catholic,False,3,3,fish,2,Sassari,True,0,Sassari,127,genua,2945.0,710.0
302,Unowned,Unowned,Unowned,False,0,0,,0,DoggerBank,False,0,DoggerBank,1270,english_channel,2827.0,467.0
303,Unowned,Unowned,Unowned,False,0,0,,0,StraitsofDover,False,0,StraitsofDover,1271,english_channel,2810.0,524.0
304,Unowned,Unowned,Unowned,False,0,0,,0,TheChannel,False,0,TheChannel,1272,,2759.0,536.0
305,Unowned,Unowned,Unowned,False,1,1,unknown,1,Taveta,False,0,Taveta,1273,african_great_lakes,3384.0,1440.0
306,Unowned,Unowned,Unowned,False,0,0,,0,CoastofBritanny,False,0,CoastofBritanny,1274,,2721.0,564.0
307,Unowned,Unowned,Unowned,False,0,0,,0,QuiberonBay,False,0,QuiberonBay,1275,,2763.0,595.0
308,Unowned,Unowned,Unowned,False,0,0,,0,CoteD'Argent,False,0,CoteD'Argent,1276,bordeaux,2764.0,637.0
309,Unowned,Unowned,Unowned,False,0,0,,0,BayofBiscay,False,0,BayofBiscay,1277,,2714.0,600.0
310,Unowned,Unowned,Unowned,False,0,0,,0,CantabrianSea,False,0,CantabrianSea,1278,,2708.0,643.0
311,Unowned,Unowned,Unowned,False,0,0,,0,Tyne,False,0,Tyne,1279,,2806.0,423.0
312,HAB,Unowned,catholic,True,4,3,iron,3,Klagenfurt,True,0,Karnten,128,,3029.0,593.0
313,Unowned,Unowned,Unowned,False,0,0,,0,FirthofForth,False,0,FirthofForth,1280,north_sea,2776.0,388.0
314,Unowned,Unowned,Unowned,False,0,0,,0,TheNorthSea,False,0,TheNorthSea,1281,north_sea,2814.0,314.0
315,Unowned,Unowned,Unowned,False,0,0,,0,MorayFirth,False,0,MorayFirth,1282,north_sea,2764.0,350.0
316,Unowned,Unowned,Unowned,False,0,0,,0,NorthChannel,False,0,NorthChannel,1283,,2680.0,353.0
317,Unowned,Unowned,Unowned,False,0,0,,0,IrishSea,False,0,IrishSea,1284,,2727.0,443.0
318,Unowned,Unowned,Unowned,False,0,0,,0,St,False,0,St,1285,,2719.0,522.0
319,Unowned,Unowned,Unowned,False,0,0,,0,DonegalBay,False,0,DonegalBay,1286,,2631.0,409.0
320,Unowned,Unowned,Unowned,False,0,0,,0,DingleBay,False,0,DingleBay,1287,,2611.0,471.0
321,Unowned,Unowned,Unowned,False,0,0,,0,CelticSea,False,0,CelticSea,1288,,2657.0,520.0
322,Unowned,Unowned,Unowned,False,0,0,,0,WesternApproaches,False,0,WesternApproaches,1289,,2659.0,569.0
323,HAB,slovene,catholic,True,4,4,livestock,2,Laibach,True,0,Krain,129,venice,3033.0,609.0
324,Unowned,Unowned,Unowned,False,0,0,,0,FinisterreBay,False,0,FinisterreBay,1290,,2646.0,626.0
325,Unowned,Unowned,Unowned,False,0,0,,0,LusitanianSea,False,0,LusitanianSea,1291,,2619.0,687.0
326,Unowned,Unowned,Unowned,False,0,0,,0,GulfofCadiz,False,0,GulfofCadiz,1292,,2635.0,764.0
327,Unowned,Unowned,Unowned,False,0,0,,0,StraitsofGibraltar,False,0,StraitsofGibraltar,1293,sevilla,2708.0,806.0
328,Unowned,Unowned,Unowned,False,0,0,,0,GulfofAlmeira,False,0,GulfofAlmeira,1294,,2776.0,787.0
329,Unowned,Unowned,Unowned,False,0,0,,0,GulfofValencia,False,0,GulfofValencia,1295,valencia,2823.0,735.0
330,Unowned,Unowned,Unowned,False,0,0,,0,GulfofLion,False,0,GulfofLion,1296,,2862.0,692.0
331,Unowned,Unowned,Unowned,False,0,0,,0,CoteD'Azur,False,0,CoteD'Azur,1297,,2906.0,683.0
332,Unowned,Unowned,Unowned,False,0,0,,0,LigurianSea,False,0,LigurianSea,1298,genua,2944.0,674.0
333,Unowned,Unowned,Unowned,False,0,0,,0,CoastoftheFaroes,False,0,CoastoftheFaroes,1299,,2739.0,301.0
334,SHL,danish,catholic,False,4,4,livestock,3,Slesvig,True,0,Slesvig,13,,2948.0,426.0
335,VEN,dalmatian,catholic,False,2,3,,3,Pula,True,1,Istria,130,venice,3027.0,626.0
336,Unowned,Unowned,Unowned,False,0,0,,0,WesternMediterranean,False,0,WesternMediterranean,1300,,2899.0,722.0
337,Unowned,Unowned,Unowned,False,0,0,,0,BarbaryCoast,False,0,BarbaryCoast,1301,,2864.0,762.0
338,Unowned,Unowned,Unowned,False,0,0,,0,CapeBon,False,0,CapeBon,1302,,2959.0,760.0
339,Unowned,Unowned,Unowned,False,0,0,,0,TyrreneanSea,False,0,TyrreneanSea,1303,,2991.0,705.0
340,Unowned,Unowned,Unowned,False,0,0,,0,BayofNaples,False,0,BayofNaples,1304,,3021.0,734.0
341,Unowned,Unowned,Unowned,False,0,0,,0,GulfofGabes,False,0,GulfofGabes,1305,,3009.0,814.0
342,POR,yorumba,catholic,False,1,1,unknown,1,SaoTomel,True,0,SaoTomel,1306,ivory_coast,2914.0,1384.0
343,Unowned,Unowned,Unowned,False,0,0,,0,StraitsofMessina,False,0,StraitsofMessina,1307,,3074.0,782.0
344,Unowned,Unowned,Unowned,False,0,0,,0,GulfofVenice,False,0,GulfofVenice,1308,venice,3019.0,639.0
345,Unowned,Unowned,Unowned,False,0,0,,0,AdriaticSea,False,0,AdriaticSea,1309,,3056.0,678.0
346,CRO,croatian,catholic,False,3,3,cloth,1,Zagreb,True,0,Zagorje,131,ragusa,3056.0,616.0
347,Unowned,Unowned,Unowned,False,0,0,,0,StraitsofOtranto,False,0,StraitsofOtranto,1310,,3092.0,701.0
348,Unowned,Unowned,Unowned,False,0,0,,0,GulfofTaranto,False,0,GulfofTaranto,1311,,3099.0,752.0
349,Unowned,Unowned,Unowned,False,0,0,,0,IonianSea,False,0,IonianSea,1312,,3134.0,790.0
350,Unowned,Unowned,Unowned,False,0,0,,0,GulfofSirte,False,0,GulfofSirte,1313,,3097.0,853.0
351,Unowned,Unowned,Unowned,False,0,0,,0,GulfofTobruk,False,0,GulfofTobruk,1314,,3186.0,844.0
352,Unowned,Unowned,Unowned,False,0,0,,0,BayofAlexandrian,False,0,BayofAlexandrian,1315,,3256.0,858.0
353,Unowned,Unowned,Unowned,False,0,0,,0,PalestinianCoast,False,0,PalestinianCoast,1316,,3328.0,851.0
354,Unowned,Unowned,Unowned,False,0,0,,0,GulfofCyprus,False,0,GulfofCyprus,1317,,3326.0,799.0
355,HUN,slovak,catholic,False,3,4,copper,2,Spiš,True,0,Spis,1318,pest,3119.0,551.0
356,Unowned,Unowned,Unowned,False,0,0,,0,AegeanSea,False,0,AegeanSea,1319,constantinople,3203.0,759.0
357,HAB,austrian,catholic,True,4,4,grain,3,Judenburg,True,0,Steiermark,132,,3031.0,580.0
358,Unowned,Unowned,Unowned,False,0,0,,0,SeaofMarmara,False,0,SeaofMarmara,1320,constantinople,3241.0,712.0
359,Unowned,Unowned,Unowned,False,0,0,,0,GulfofVarna,False,0,GulfofVarna,1321,,3284.0,666.0
360,Unowned,Unowned,Unowned,False,0,0,,0,GulfofOdessa,False,0,GulfofOdessa,1322,crimea,3302.0,621.0
361,Unowned,Unowned,Unowned,False,0,0,,0,SeaofAzov,False,0,SeaofAzov,1323,crimea,3375.0,605.0
362,Unowned,Unowned,Unowned,False,0,0,,0,EasternBlackSea,False,0,EasternBlackSea,1324,,3393.0,666.0
363,Unowned,Unowned,Unowned,False,0,0,,0,LakeBalaton,False,0,LakeBalaton,1325,,3082.0,593.0
364,Unowned,Unowned,Unowned,False,0,0,,0,CaspianSea,False,0,CaspianSea,1326,,3600.0,688.0
365,Unowned,Unowned,Unowned,False,0,0,,0,AralSea,False,0,AralSea,1327,,3745.0,625.0
366,Unowned,Unowned,Unowned,False,0,0,,0,GulfofSuez,False,0,GulfofSuez,1328,gulf_of_aden,3349.0,954.0
367,Unowned,Unowned,Unowned,False,0,0,,0,RedSea,False,0,RedSea,1329,gulf_of_aden,3400.0,1044.0
368,HAB,austrian,catholic,True,4,4,grain,3,Linz,True,0,Linz,133,,3034.0,555.0
369,Unowned,Unowned,Unowned,False,0,0,,0,StraitsofObokk,False,0,StraitsofObokk,1330,gulf_of_aden,3480.0,1196.0
370,Unowned,Unowned,Unowned,False,0,0,,0,BalelMandeb,False,0,BalelMandeb,1331,gulf_of_aden,3549.0,1195.0
371,Unowned,Unowned,Unowned,False,0,0,,0,CoastofMascate,False,0,CoastofMascate,1332,hormuz,3739.0,1010.0
372,Unowned,Unowned,Unowned,False,0,0,,0,MascateCoast,False,0,MascateCoast,1333,,3731.0,1088.0
373,Unowned,Unowned,Unowned,False,0,0,,0,StraitsofHormuz,False,0,StraitsofHormuz,1334,hormuz,3674.0,980.0
374,Unowned,Unowned,Unowned,False,0,0,,0,PersianGulf,False,0,PersianGulf,1335,basra,3595.0,935.0
375,Unowned,Unowned,Unowned,False,0,0,,0,GulfofIndus,False,0,GulfofIndus,1336,,3815.0,1017.0
376,Unowned,Unowned,Unowned,False,0,0,,0,GulfofGujarat,False,0,GulfofGujarat,1337,,3884.0,1047.0
377,Unowned,Unowned,Unowned,False,0,0,,0,LaquediveIslands,False,0,LaquediveIslands,1338,,3913.0,1102.0
378,Unowned,Unowned,Unowned,False,0,0,,0,CoastofMalabar,False,0,CoastofMalabar,1339,,3942.0,1191.0
379,HAB,austrian,catholic,True,6,6,wine,6,Wien,True,2,Wien,134,,3062.0,567.0
380,Unowned,Unowned,Unowned,False,0,0,,0,ComorinCape,False,0,ComorinCape,1340,comorin_cape,3996.0,1270.0
381,Unowned,Unowned,Unowned,False,0,0,,0,CoastofCaramandel,False,0,CoastofCaramandel,1341,,4080.0,1189.0
382,Unowned,Unowned,Unowned,False,0,0,,0,CoastofOrissa,False,0,CoastofOrissa,1342,,4124.0,1117.0
383,Unowned,Unowned,Unowned,False,0,0,,0,GangesDelta,False,0,GangesDelta,1343,ganges_delta,4200.0,1056.0
384,Unowned,Unowned,Unowned,False,0,0,,0,AkyabBay,False,0,AkyabBay,1344,,4241.0,1099.0
385,Unowned,Unowned,Unowned,False,0,0,,0,IrrawadyDelta,False,0,IrrawadyDelta,1345,,4294.0,1153.0
386,Unowned,Unowned,Unowned,False,0,0,,0,AndamanSea,False,0,AndamanSea,1346,,4209.0,1182.0
387,Unowned,Unowned,Unowned,False,0,0,,0,MerguiArchipelago,False,0,MerguiArchipelago,1347,,4298.0,1219.0
388,Unowned,Unowned,Unowned,False,0,0,,0,StraitsofMalacca,False,0,StraitsofMalacca,1348,,4328.0,1312.0
389,Unowned,Unowned,Unowned,False,0,0,,0,NicobarIsles,False,0,NicobarIsles,1349,,4244.0,1266.0
390,HUN,hungarian,catholic,False,3,3,grain,2,Sopron,True,0,Sopron,135,pest,3068.0,581.0
391,Unowned,Unowned,Unowned,False,0,0,,0,CoastofAtjeh,False,0,CoastofAtjeh,1350,,4283.0,1351.0
392,Unowned,Unowned,Unowned,False,0,0,,0,CoastofSumatra,False,0,CoastofSumatra,1351,,4335.0,1431.0
393,Unowned,Unowned,Unowned,False,0,0,,0,ChristmasIsland,False,0,ChristmasIsland,1352,,4400.0,1502.0
394,Unowned,Unowned,Unowned,False,0,0,,0,CoastofJava,False,0,CoastofJava,1353,,4464.0,1547.0
395,Unowned,Unowned,Unowned,False,0,0,,0,CoastofSurabaya,False,0,CoastofSurabaya,1354,,4563.0,1555.0
396,Unowned,Unowned,Unowned,False,0,0,,0,StraitsofLombok,False,0,StraitsofLombok,1355,,4622.0,1552.0
397,Unowned,Unowned,Unowned,False,0,0,,0,TimorSea,False,0,TimorSea,1356,,4720.0,1569.0
398,Unowned,Unowned,Unowned,False,0,0,,0,TheMoluccas,False,0,TheMoluccas,1357,the_moluccas,4713.0,1487.0
399,Unowned,Unowned,Unowned,False,0,0,,0,JavaSea,False,0,JavaSea,1358,,4604.0,1481.0
400,Unowned,Unowned,Unowned,False,0,0,,0,StraitsofMakassar,False,0,StraitsofMakassar,1359,,4657.0,1385.0
401,DAL,dalmatian,catholic,False,4,3,wool,2,Split,True,0,Dalmatia,136,ragusa,3060.0,659.0
402,Unowned,Unowned,Unowned,False,0,0,,0,KarimataStrait,False,0,KarimataStrait,1360,,4503.0,1453.0
403,Unowned,Unowned,Unowned,False,0,0,,0,StraitsofJohore,False,0,StraitsofJohore,1361,malacca,4440.0,1396.0
404,Unowned,Unowned,Unowned,False,0,0,,0,MalayanSea,False,0,MalayanSea,1362,,4438.0,1332.0
405,Unowned,Unowned,Unowned,False,0,0,,0,CoastofSarawk,False,0,CoastofSarawk,1363,,4535.0,1339.0
406,Unowned,Unowned,Unowned,False,0,0,,0,MekongDelta,False,0,MekongDelta,1364,,4424.0,1263.0
407,Unowned,Unowned,Unowned,False,0,0,,0,GulfofSiam,False,0,GulfofSiam,1365,gulf_of_siam,4389.0,1221.0
408,Unowned,Unowned,Unowned,False,0,0,,0,CamRahBay,False,0,CamRahBay,1366,,4511.0,1232.0
409,Unowned,Unowned,Unowned,False,0,0,,0,SouthChinaSea,False,0,SouthChinaSea,1367,,4558.0,1253.0
410,Unowned,Unowned,Unowned,False,0,0,,0,CoastofBrunei,False,0,CoastofBrunei,1368,,4630.0,1275.0
411,Unowned,Unowned,Unowned,False,0,0,,0,CoastofAnnam,False,0,CoastofAnnam,1369,,4533.0,1159.0
412,RAG,dalmatian,catholic,False,5,6,salt,3,Ragusa,True,2,Ragusa,137,ragusa,3082.0,671.0
413,Unowned,Unowned,Unowned,False,0,0,,0,GulfofTonkin,False,0,GulfofTonkin,1370,,4509.0,1087.0
414,Unowned,Unowned,Unowned,False,0,0,,0,GuanghouBay,False,0,GuanghouBay,1371,canton,4612.0,1057.0
415,Unowned,Unowned,Unowned,False,0,0,,0,TaiwanStrait,False,0,TaiwanStrait,1372,,4686.0,989.0
416,Unowned,Unowned,Unowned,False,0,0,,0,YangTseDelta,False,0,YangTseDelta,1373,,4716.0,884.0
417,Unowned,Unowned,Unowned,False,0,0,,0,YellowSea,False,0,YellowSea,1374,,4751.0,801.0
418,Unowned,Unowned,Unowned,False,0,0,,0,KoreaBay,False,0,KoreaBay,1375,,4730.0,748.0
419,Unowned,Unowned,Unowned,False,0,0,,0,SouthKoreanSea,False,0,SouthKoreanSea,1376,nippon,4843.0,804.0
420,Unowned,Unowned,Unowned,False,0,0,,0,NorthKoreanSea,False,0,NorthKoreanSea,1377,,4822.0,744.0
421,Unowned,Unowned,Unowned,False,0,0,,0,CoastofOlga,False,0,CoastofOlga,1378,,4862.0,693.0
422,Unowned,Unowned,Unowned,False,0,0,,0,TatarStraits,False,0,TatarStraits,1379,,5008.0,516.0
423,MON,serbian,orthodox,False,2,2,livestock,1,Zabljak,True,0,Zeta,138,ragusa,3113.0,672.0
424,Unowned,Unowned,Unowned,False,0,0,,0,AmurDelta,False,0,AmurDelta,1380,,4944.0,425.0
425,Unowned,Unowned,Unowned,False,0,0,,0,BajofAyan,False,0,BajofAyan,1381,,5132.0,360.0
426,Unowned,Unowned,Unowned,False,0,0,,0,BayofKomenskoie,False,0,BayofKomenskoie,1382,,5294.0,287.0
427,Unowned,Unowned,Unowned,False,0,0,,0,CoastofKamchatska,False,0,CoastofKamchatska,1383,,5123.0,418.0
428,Unowned,Unowned,Unowned,False,0,0,,0,OktothskSea,False,0,OktothskSea,1384,,4998.0,403.0
429,Unowned,Unowned,Unowned,False,0,0,,0,CoastSahkalin,False,0,CoastSahkalin,1385,,5080.0,526.0
430,Unowned,Unowned,Unowned,False,0,0,,0,SoyaStrait,False,0,SoyaStrait,1386,,4983.0,615.0
431,Unowned,Unowned,Unowned,False,0,0,,0,TsugaruStrait,False,0,TsugaruStrait,1387,,4988.0,694.0
432,Unowned,Unowned,Unowned,False,0,0,,0,SeaofJapan,False,0,SeaofJapan,1388,,4892.0,762.0
433,Unowned,Unowned,Unowned,False,0,0,,0,AmakusaSea,False,0,AmakusaSea,1389,,4795.0,869.0
434,HRZ,bosnian,catholic,False,3,3,wool,2,Hum,True,0,Hum,139,ragusa,3076.0,654.0
435,Unowned,Unowned,Unowned,False,0,0,,0,SettoInlandSea,False,0,SettoInlandSea,1390,,4873.0,871.0
436,Unowned,Unowned,Unowned,False,0,0,,0,TokaiSea,False,0,TokaiSea,1391,,4938.0,846.0
437,Unowned,Unowned,Unowned,False,0,0,,0,RyukyuIslands,False,0,RyukyuIslands,1392,,4781.0,952.0
438,Unowned,Unowned,Unowned,False,0,0,,0,LuzonStrait,False,0,LuzonStrait,1393,,4697.0,1067.0
439,Unowned,Unowned,Unowned,False,0,0,,0,ParacelIslands,False,0,ParacelIslands,1394,,4612.0,1148.0
440,Unowned,Unowned,Unowned,False,0,0,,0,ManilaBay,False,0,ManilaBay,1395,,4664.0,1176.0
441,Unowned,Unowned,Unowned,False,0,0,,0,CoastofLuzon,False,0,CoastofLuzon,1396,,4755.0,1069.0
442,Unowned,Unowned,Unowned,False,0,0,,0,GulfofLeyte,False,0,GulfofLeyte,1397,philippines,4732.0,1224.0
443,Unowned,Unowned,Unowned,False,0,0,,0,SuluSea,False,0,SuluSea,1398,,4702.0,1313.0
444,Unowned,Unowned,Unowned,False,0,0,,0,SeaofCelebes,False,0,SeaofCelebes,1399,,4732.0,1375.0
445,DAN,danish,catholic,False,5,5,fish,4,Odense,True,0,Fyn,14,,2968.0,417.0
446,TUR,bosnian,orthodox,False,3,3,salt,1,Bosnia,True,0,Bosnia,140,ragusa,3087.0,633.0
447,Unowned,Unowned,Unowned,False,0,0,,0,SeaofTernete,False,0,SeaofTernete,1400,,4821.0,1398.0
448,Unowned,Unowned,Unowned,False,0,0,,0,SeaofBanda,False,0,SeaofBanda,1401,,4797.0,1508.0
449,Unowned,Unowned,Unowned,False,0,0,,0,PhilipineSea,False,0,PhilipineSea,1402,,4812.0,1277.0
450,Unowned,Unowned,Unowned,False,0,0,,0,PalauIslands,False,0,PalauIslands,1403,,4938.0,1304.0
451,Unowned,Unowned,Unowned,False,0,0,,0,BiakBay,False,0,BiakBay,1404,,4983.0,1371.0
452,Unowned,Unowned,Unowned,False,0,0,,0,VilianStrait,False,0,VilianStrait,1405,,5140.0,1463.0
453,Unowned,Unowned,Unowned,False,0,0,,0,TrobrianIslands,False,0,TrobrianIslands,1406,,5205.0,1597.0
454,Unowned,Unowned,Unowned,False,0,0,,0,TorresStrait,False,0,TorresStrait,1407,,5099.0,1609.0
455,Unowned,Unowned,Unowned,False,0,0,,0,ArafuamSea,False,0,ArafuamSea,1408,,4801.0,1593.0
456,Unowned,Unowned,Unowned,False,0,0,,0,KolepomBay,False,0,KolepomBay,1409,,4911.0,1498.0
457,SER,serbian,orthodox,False,3,3,grain,2,Smederevo,True,0,Serbia,141,ragusa,3128.0,643.0
458,Unowned,Unowned,Unowned,False,0,0,,0,GulfofCarpentaria,False,0,GulfofCarpentaria,1410,,4950.0,1593.0
459,Unowned,Unowned,Unowned,False,0,0,,0,GreatBarrierReef,False,0,GreatBarrierReef,1411,australia,5178.0,1749.0
460,Unowned,Unowned,Unowned,False,0,0,,0,CapricornBay,False,0,CapricornBay,1412,australia,5278.0,1723.0
461,Unowned,Unowned,Unowned,False,0,0,,0,CapeHowe,False,0,CapeHowe,1413,,4690.0,1967.0
462,Unowned,Unowned,Unowned,False,0,0,,0,BassStrait,False,0,BassStrait,1414,,5066.0,1989.0
463,Unowned,Unowned,Unowned,False,0,0,,0,KangarooIsland,False,0,KangarooIsland,1415,,4960.0,1948.0
464,Unowned,Unowned,Unowned,False,0,0,,0,GreatAustralianBight,False,0,GreatAustralianBight,1416,,4812.0,1937.0
465,Unowned,Unowned,Unowned,False,0,0,,0,CapeLeuwiin,False,0,CapeLeuwiin,1417,,4605.0,1960.0
466,Unowned,Unowned,Unowned,False,0,0,,0,SharkBay,False,0,SharkBay,1418,,4566.0,1857.0
467,Unowned,Unowned,Unowned,False,0,0,,0,NorthwestCape,False,0,NorthwestCape,1419,,4584.0,1737.0
468,VEN,greek,orthodox,False,2,1,fish,3,Corfu,True,0,Corfu,142,ragusa,3115.0,732.0
469,Unowned,Unowned,Unowned,False,0,0,,0,KingSound,False,0,KingSound,1420,,4665.0,1655.0
470,Unowned,Unowned,Unowned,False,0,0,,0,TasmanSea,False,0,TasmanSea,1421,,5124.0,2004.0
471,Unowned,Unowned,Unowned,False,0,0,,0,SouthernTasmanSea,False,0,SouthernTasmanSea,1422,,4982.0,2016.0
472,Unowned,Unowned,Unowned,False,0,0,,0,CookStrait,False,0,CookStrait,1423,,5480.0,1870.0
473,Unowned,Unowned,Unowned,False,0,0,,0,NorthernTasmanSea,False,0,NorthernTasmanSea,1424,,5211.0,1925.0
474,Unowned,Unowned,Unowned,False,0,0,,0,CapeFarwell,False,0,CapeFarwell,1425,,5333.0,1907.0
475,Unowned,Unowned,Unowned,False,0,0,,0,CoastofNewZealand,False,0,CoastofNewZealand,1426,,5575.0,1908.0
476,Unowned,Unowned,Unowned,False,0,0,,0,CanteburyBight,False,0,CanteburyBight,1427,,5271.0,2009.0
477,Unowned,Unowned,Unowned,False,0,0,,0,SeaofAntarctica,False,0,SeaofAntarctica,1428,,5495.0,2008.0
478,Unowned,Unowned,Unowned,False,0,0,,0,NewCaledonianSea,False,0,NewCaledonianSea,1429,,5408.0,1738.0
479,TUR,albanian,orthodox,False,2,1,,1,Vlorë,True,0,Vlore,143,ragusa,3120.0,715.0
480,Unowned,Unowned,Unowned,False,0,0,,0,CoralSea,False,0,CoralSea,1430,,5422.0,1616.0
481,Unowned,Unowned,Unowned,False,0,0,,0,GilbertSea,False,0,GilbertSea,1431,,5538.0,1711.0
482,Unowned,Unowned,Unowned,False,0,0,,0,SolomonSea,False,0,SolomonSea,1432,,5307.0,1542.0
483,Unowned,Unowned,Unowned,False,0,0,,0,NauruIsland,False,0,NauruIsland,1433,,5513.0,1504.0
484,Unowned,Unowned,Unowned,False,0,0,,0,MelanesiaSea,False,0,MelanesiaSea,1434,,5123.0,1358.0
485,Unowned,Unowned,Unowned,False,0,0,,0,MicronesiaSea,False,0,MicronesiaSea,1435,,4968.0,1156.0
486,Unowned,Unowned,Unowned,False,0,0,,0,YapIslands,False,0,YapIslands,1436,,4859.0,1137.0
487,Unowned,Unowned,Unowned,False,0,0,,0,MarianaIslands,False,0,MarianaIslands,1437,,4898.0,961.0
488,Unowned,Unowned,Unowned,False,0,0,,0,TinianSea,False,0,TinianSea,1438,,5056.0,1014.0
489,Unowned,Unowned,Unowned,False,0,0,,0,IwoJimaSea,False,0,IwoJimaSea,1439,,5080.0,873.0
490,EPI,greek,orthodox,False,2,1,wool,1,Ioannina,True,0,Janina,144,ragusa,3130.0,730.0
491,Unowned,Unowned,Unowned,False,0,0,,0,TaiheiOcean,False,0,TaiheiOcean,1440,,5094.0,772.0
492,Unowned,Unowned,Unowned,False,0,0,,0,TheKuriles,False,0,TheKuriles,1441,,5156.0,560.0
493,Unowned,Unowned,Unowned,False,0,0,,0,BayofUka,False,0,BayofUka,1442,,5300.0,439.0
494,Unowned,Unowned,Unowned,False,0,0,,0,BayofOljut,False,0,BayofOljut,1443,,5411.0,293.0
495,Unowned,Unowned,Unowned,False,0,0,,0,BayofAnadyr,False,0,BayofAnadyr,1444,,5580.0,60.0
496,Unowned,Unowned,Unowned,False,0,0,,0,BeringSea,False,0,BeringSea,1445,,164.0,171.0
497,Unowned,Unowned,Unowned,False,0,0,,0,HornofAfrica,False,0,HornofAfrica,1446,,3607.0,1267.0
498,Unowned,Unowned,Unowned,False,0,0,,0,CoastofPepper,False,0,CoastofPepper,1447,,3551.0,1399.0
499,Unowned,Unowned,Unowned,False,0,0,,0,ZanzibarStrait,False,0,ZanzibarStrait,1448,zanzibar,3484.0,1487.0
500,Unowned,Unowned,Unowned,False,0,0,,0,MozambiqueChannel,False,0,MozambiqueChannel,1449,,3497.0,1603.0
501,BYZ,greek,orthodox,False,3,2,wine,1,Mystras,True,0,Morea,145,ragusa,3158.0,781.0
502,Unowned,Unowned,Unowned,False,0,0,,0,DiegoSuarezBay,False,0,DiegoSuarezBay,1450,,3624.0,1533.0
503,Unowned,Unowned,Unowned,False,0,0,,0,WesternArabianSea,False,0,WesternArabianSea,1451,,3722.0,1193.0
504,Unowned,Unowned,Unowned,False,0,0,,0,EasternArabianSea,False,0,EasternArabianSea,1452,,3819.0,1115.0
505,Unowned,Unowned,Unowned,False,0,0,,0,TheSeychelles,False,0,TheSeychelles,1453,,3682.0,1367.0
506,Unowned,Unowned,Unowned,False,0,0,,0,CoastofTamatave,False,0,CoastofTamatave,1454,,3616.0,1705.0
507,Unowned,Unowned,Unowned,False,0,0,,0,TheMascareignes,False,0,TheMascareignes,1455,,3721.0,1686.0
508,Unowned,Unowned,Unowned,False,0,0,,0,GulfofZambeze,False,0,GulfofZambeze,1456,,3449.0,1733.0
509,Unowned,Unowned,Unowned,False,0,0,,0,CoastofNatal,False,0,CoastofNatal,1457,,3387.0,1742.0
510,Unowned,Unowned,Unowned,False,0,0,,0,CoastofTranskei,False,0,CoastofTranskei,1458,,3347.0,1878.0
511,Unowned,Unowned,Unowned,False,0,0,,0,CoastofCiskei,False,0,CoastofCiskei,1459,,3263.0,1979.0
512,VEN,greek,orthodox,False,4,4,grain,3,Athens,True,1,Athens,146,ragusa,3169.0,756.0
513,Unowned,Unowned,Unowned,False,0,0,,0,CapeofGoodHope,False,0,CapeofGoodHope,1460,cape_of_good_hope,3100.0,1975.0
514,Unowned,Unowned,Unowned,False,0,0,,0,CoastofNamibia,False,0,CoastofNamibia,1461,,2993.0,1889.0
515,Unowned,Unowned,Unowned,False,0,0,,0,CoastofAngola,False,0,CoastofAngola,1462,,2960.0,1690.0
516,Unowned,Unowned,Unowned,False,0,0,,0,GulfofKongo,False,0,GulfofKongo,1463,,2950.0,1539.0
517,Unowned,Unowned,Unowned,False,0,0,,0,CoastofCameroon,False,0,CoastofCameroon,1464,,2927.0,1429.0
518,Unowned,Unowned,Unowned,False,0,0,,0,GulfofNigeria,False,0,GulfofNigeria,1465,,2893.0,1349.0
519,Unowned,Unowned,Unowned,False,0,0,,0,IvoryCoast,False,0,IvoryCoast,1466,ivory_coast,2763.0,1347.0
520,Unowned,Unowned,Unowned,False,0,0,,0,GoldCoast,False,0,GoldCoast,1467,,2625.0,1336.0
521,Unowned,Unowned,Unowned,False,0,0,,0,CoastofGamvia,False,0,CoastofGamvia,1468,,2522.0,1255.0
522,Unowned,Unowned,Unowned,False,0,0,,0,CoastofGuinea,False,0,CoastofGuinea,1469,,2466.0,1124.0
523,TUR,greek,orthodox,False,5,5,wool,2,Trikala,True,0,Salonica,147,ragusa,3155.0,732.0
524,Unowned,Unowned,Unowned,False,0,0,,0,MaueretanianCoast,False,0,MaueretanianCoast,1470,,2501.0,990.0
525,Unowned,Unowned,Unowned,False,0,0,,0,CanarianSea,False,0,CanarianSea,1471,,2563.0,912.0
526,Unowned,Unowned,Unowned,False,0,0,,0,CoastofMorocco,False,0,CoastofMorocco,1472,,2622.0,854.0
527,Unowned,Unowned,Unowned,False,0,0,,0,JanMayenSea,False,0,JanMayenSea,1473,,2818.0,190.0
528,Unowned,Unowned,Unowned,False,0,0,,0,SpitzbergSea,False,0,SpitzbergSea,1474,,2805.0,48.0
529,Unowned,Unowned,Unowned,False,0,0,,0,IcelandicSea,False,0,IcelandicSea,1475,,2634.0,67.0
530,Unowned,Unowned,Unowned,False,0,0,,0,ShetlandStraits,False,0,ShetlandStraits,1476,,2636.0,201.0
531,Unowned,Unowned,Unowned,False,0,0,,0,CoastofIceland,False,0,CoastofIceland,1477,,2510.0,133.0
532,Unowned,Unowned,Unowned,False,0,0,,0,NortheasternAtlantic,False,0,NortheasternAtlantic,1478,,2593.0,317.0
533,Unowned,Unowned,Unowned,False,0,0,,0,Rockall,False,0,Rockall,1479,,2521.0,421.0
534,TUR,greek,orthodox,False,4,4,cloth,2,Thessaloniki,True,2,Thessaloniki,148,ragusa,3170.0,715.0
535,Unowned,Unowned,Unowned,False,0,0,,0,DenmarkStrait,False,0,DenmarkStrait,1480,,2378.0,68.0
536,Unowned,Unowned,Unowned,False,0,0,,0,EasternCoastofGreenland,False,0,EasternCoastofGreenland,1481,,2235.0,91.0
537,Unowned,Unowned,Unowned,False,0,0,,0,WesternCoastofGreenland,False,0,WesternCoastofGreenland,1482,,2006.0,166.0
538,Unowned,Unowned,Unowned,False,0,0,,0,LabradorStrait,False,0,LabradorStrait,1483,,1892.0,157.0
539,Unowned,Unowned,Unowned,False,0,0,,0,BaffinBay,False,0,BaffinBay,1484,,1881.0,62.0
540,Unowned,Unowned,Unowned,False,0,0,,0,HudsonStraits,False,0,HudsonStraits,1485,,1735.0,69.0
541,Unowned,Unowned,Unowned,False,0,0,,0,JamesBay,False,0,JamesBay,1486,james_bay,1535.0,202.0
542,Unowned,Unowned,Unowned,False,0,0,,0,WesternHudsonBay,False,0,WesternHudsonBay,1487,,1425.0,91.0
543,Unowned,Unowned,Unowned,False,0,0,,0,EasternHudsonBay,False,0,EasternHudsonBay,1488,,1529.0,67.0
544,Unowned,Unowned,Unowned,False,0,0,,0,FoxeBassin,False,0,FoxeBassin,1489,,1634.0,19.0
545,TUR,greek,orthodox,False,6,5,cloth,3,Edirne,True,0,Edirne,149,constantinople,3223.0,690.0
546,Unowned,Unowned,Unowned,False,0,0,,0,GulfofSt,False,0,GulfofSt,1490,st_lawrence,1810.0,322.0
547,Unowned,Unowned,Unowned,False,0,0,,0,CabotStrait,False,0,CabotStrait,1491,,1844.0,369.0
548,Unowned,Unowned,Unowned,False,0,0,,0,BayofFundy,False,0,BayofFundy,1492,,1788.0,435.0
549,Unowned,Unowned,Unowned,False,0,0,,0,StraitofBelleIsle,False,0,StraitofBelleIsle,1493,,1962.0,269.0
550,Unowned,Unowned,Unowned,False,0,0,,0,FortuneBay,False,0,FortuneBay,1494,,1921.0,422.0
551,Unowned,Unowned,Unowned,False,0,0,,0,NotreDameBay,False,0,NotreDameBay,1495,,2023.0,367.0
552,Unowned,Unowned,Unowned,False,0,0,,0,LabradorSea,False,0,LabradorSea,1496,,2071.0,304.0
553,Unowned,Unowned,Unowned,False,0,0,,0,GreenlandSea,False,0,GreenlandSea,1497,,2237.0,297.0
554,Unowned,Unowned,Unowned,False,0,0,,0,NorthernAtlantic,False,0,NorthernAtlantic,1498,,2424.0,306.0
555,Unowned,Unowned,Unowned,False,0,0,,0,MasschusettsBay,False,0,MasschusettsBay,1499,,1720.0,464.0
556,DAN,danish,catholic,False,2,2,livestock,1,Ribe,True,0,Jylland,15,,2941.0,402.0
557,TUR,bulgarian,orthodox,False,2,4,grain,2,Nikopol,True,0,Tarnovo,150,constantinople,3186.0,663.0
558,Unowned,Unowned,Unowned,False,0,0,,0,ChesapaeakeBay,False,0,ChesapaeakeBay,1500,chesapeake_bay,1664.0,525.0
559,Unowned,Unowned,Unowned,False,0,0,,0,CapeHatteras,False,0,CapeHatteras,1501,,1623.0,575.0
560,Unowned,Unowned,Unowned,False,0,0,,0,CoastofCarolina,False,0,CoastofCarolina,1502,,1583.0,671.0
561,Unowned,Unowned,Unowned,False,0,0,,0,CoastofFlorida,False,0,CoastofFlorida,1503,,1593.0,758.0
562,Unowned,Unowned,Unowned,False,0,0,,0,SeaofSargassos,False,0,SeaofSargassos,1504,,1644.0,740.0
563,Unowned,Unowned,Unowned,False,0,0,,0,FloridaStraits,False,0,FloridaStraits,1505,,1545.0,787.0
564,Unowned,Unowned,Unowned,False,0,0,,0,ApalacheeBay,False,0,ApalacheeBay,1506,,1497.0,734.0
565,Unowned,Unowned,Unowned,False,0,0,,0,MobileBay,False,0,MobileBay,1507,mississippi_river,1419.0,708.0
566,Unowned,Unowned,Unowned,False,0,0,,0,GalvestonBay,False,0,GalvestonBay,1508,,1332.0,732.0
567,Unowned,Unowned,Unowned,False,0,0,,0,TampicoBay,False,0,TampicoBay,1509,,1312.0,818.0
568,BYZ,greek,orthodox,False,8,8,glass,4,Constantinople,True,2,Constantinople,151,constantinople,3245.0,696.0
569,Unowned,Unowned,Unowned,False,0,0,,0,YucatanSea,False,0,YucatanSea,1510,,1351.0,855.0
570,Unowned,Unowned,Unowned,False,0,0,,0,GulfofMexico,False,0,GulfofMexico,1511,,1401.0,789.0
571,Unowned,Unowned,Unowned,False,0,0,,0,YucatanChannel,False,0,YucatanChannel,1512,,1481.0,823.0
572,Unowned,Unowned,Unowned,False,0,0,,0,BelizeBay,False,0,BelizeBay,1513,,1460.0,893.0
573,Unowned,Unowned,Unowned,False,0,0,,0,MoscitosCoast,False,0,MoscitosCoast,1514,,1541.0,935.0
574,Unowned,Unowned,Unowned,False,0,0,,0,GulfofDarien,False,0,GulfofDarien,1515,,1566.0,1001.0
575,Unowned,Unowned,Unowned,False,0,0,,0,JamicaChannel,False,0,JamicaChannel,1516,carribean_trade,1648.0,889.0
576,Unowned,Unowned,Unowned,False,0,0,,0,CentralCarribean,False,0,CentralCarribean,1517,,1632.0,947.0
577,Unowned,Unowned,Unowned,False,0,0,,0,NorthwesternCarribean,False,0,NorthwesternCarribean,1518,,1546.0,866.0
578,Unowned,Unowned,Unowned,False,0,0,,0,VenezualanGulf,False,0,VenezualanGulf,1519,,1720.0,988.0
579,CRO,croatian,catholic,False,3,2,cloth,1,Varazdin,True,0,Belovar,152,pest,3060.0,601.0
580,Unowned,Unowned,Unowned,False,0,0,,0,VenezuelanSea,False,0,VenezuelanSea,1520,,1782.0,987.0
581,Unowned,Unowned,Unowned,False,0,0,,0,EasternCarribean,False,0,EasternCarribean,1521,,1734.0,927.0
582,Unowned,Unowned,Unowned,False,0,0,,0,WindwardIslands,False,0,WindwardIslands,1522,,1856.0,996.0
583,Unowned,Unowned,Unowned,False,0,0,,0,LesserAntilles,False,0,LesserAntilles,1523,,1838.0,918.0
584,Unowned,Unowned,Unowned,False,0,0,,0,Turks&CaicosSea,False,0,Turks&CaicosSea,1524,,1693.0,825.0
585,Unowned,Unowned,Unowned,False,0,0,,0,CoastofCuba,False,0,CoastofCuba,1525,,1600.0,818.0
586,Unowned,Unowned,Unowned,False,0,0,,0,CoastofHispaniola,False,0,CoastofHispaniola,1526,,1773.0,869.0
587,Unowned,Unowned,Unowned,False,0,0,,0,GuyanaCoast,False,0,GuyanaCoast,1527,,1921.0,1057.0
588,Unowned,Unowned,Unowned,False,0,0,,0,BayofBelem,False,0,BayofBelem,1528,,2010.0,1106.0
589,Unowned,Unowned,Unowned,False,0,0,,0,AmazonasGulf,False,0,AmazonasGulf,1529,,2059.0,1166.0
590,HUN,hungarian,catholic,False,5,4,grain,2,Buda,True,2,Pest,153,pest,3107.0,581.0
591,Unowned,Unowned,Unowned,False,0,0,,0,CoastofBrazil,False,0,CoastofBrazil,1530,,2198.0,1230.0
592,Unowned,Unowned,Unowned,False,0,0,,0,CoastofRecife,False,0,CoastofRecife,1531,brazil,2244.0,1348.0
593,Unowned,Unowned,Unowned,False,0,0,,0,CoastofPernambuc,False,0,CoastofPernambuc,1532,,2216.0,1470.0
594,Unowned,Unowned,Unowned,False,0,0,,0,TodosSantosBay,False,0,TodosSantosBay,1533,,2143.0,1564.0
595,Unowned,Unowned,Unowned,False,0,0,,0,RioDeJaneiro,False,0,RioDeJaneiro,1534,,2078.0,1631.0
596,Unowned,Unowned,Unowned,False,0,0,,0,BaiaParangua,False,0,BaiaParangua,1535,,2002.0,1719.0
597,Unowned,Unowned,Unowned,False,0,0,,0,RioDeLaPlata,False,0,RioDeLaPlata,1536,laplata,1925.0,1779.0
598,Unowned,Unowned,Unowned,False,0,0,,0,BahiaBlanca,False,0,BahiaBlanca,1537,,1834.0,1883.0
599,Unowned,Unowned,Unowned,False,0,0,,0,CoastofPatagonia,False,0,CoastofPatagonia,1538,,1800.0,1975.0
600,Unowned,Unowned,Unowned,False,0,0,,0,MagellanStrait,False,0,MagellanStrait,1539,,1712.0,2015.0
601,HUN,slovak,catholic,False,3,3,,2,Hont,True,0,Hont,154,pest,3098.0,558.0
602,Unowned,Unowned,Unowned,False,0,0,,0,SouthChileanCoast,False,0,SouthChileanCoast,1540,,1648.0,1927.0
603,Unowned,Unowned,Unowned,False,0,0,,0,CoastofChile,False,0,CoastofChile,1541,,1644.0,1814.0
604,Unowned,Unowned,Unowned,False,0,0,,0,AtacamaCoast,False,0,AtacamaCoast,1542,,1649.0,1668.0
605,Unowned,Unowned,Unowned,False,0,0,,0,AricaGulf,False,0,AricaGulf,1543,,1654.0,1554.0
606,Unowned,Unowned,Unowned,False,0,0,,0,ArequipaBay,False,0,ArequipaBay,1544,,1619.0,1466.0
607,Unowned,Unowned,Unowned,False,0,0,,0,CoastofPeru,False,0,CoastofPeru,1545,,1531.0,1368.0
608,Unowned,Unowned,Unowned,False,0,0,,0,GuayaguilBay,False,0,GuayaguilBay,1546,,1487.0,1226.0
609,Unowned,Unowned,Unowned,False,0,0,,0,CoastofEcuador,False,0,CoastofEcuador,1547,,1527.0,1135.0
610,Unowned,Unowned,Unowned,False,0,0,,0,GulfofPanama,False,0,GulfofPanama,1548,,1543.0,1073.0
611,Unowned,Unowned,Unowned,False,0,0,,0,BayofCostaRica,False,0,BayofCostaRica,1549,,1444.0,1030.0
612,HUN,hungarian,catholic,False,2,2,wine,2,Gyula,True,0,Bekes,155,pest,3135.0,593.0
613,Unowned,Unowned,Unowned,False,0,0,,0,AcapulcoBay,False,0,AcapulcoBay,1550,,1345.0,965.0
614,Unowned,Unowned,Unowned,False,0,0,,0,ManzazillaBay,False,0,ManzazillaBay,1551,mexico,1211.0,944.0
615,Unowned,Unowned,Unowned,False,0,0,,0,MazatlanBay,False,0,MazatlanBay,1552,,1133.0,892.0
616,Unowned,Unowned,Unowned,False,0,0,,0,GulfofCalifornia,False,0,GulfofCalifornia,1553,,1083.0,747.0
617,Unowned,Unowned,Unowned,False,0,0,,0,CoastofBaja,False,0,CoastofBaja,1554,,1029.0,805.0
618,Unowned,Unowned,Unowned,False,0,0,,0,CoastofCalifornia,False,0,CoastofCalifornia,1555,,937.0,673.0
619,Unowned,Unowned,Unowned,False,0,0,,0,SantaCatalinaIslands,False,0,SantaCatalinaIslands,1556,,847.0,557.0
620,Unowned,Unowned,Unowned,False,0,0,,0,CoastofOregon,False,0,CoastofOregon,1557,,805.0,450.0
621,Unowned,Unowned,Unowned,False,0,0,,0,CoastofColumbia,False,0,CoastofColumbia,1558,,811.0,338.0
622,Unowned,Unowned,Unowned,False,0,0,,0,HecateStrait,False,0,HecateStrait,1559,,728.0,243.0
623,HUN,transylvanian,catholic,False,3,3,wool,2,Temesvár,True,0,Temes,156,pest,3150.0,620.0
624,Unowned,Unowned,Unowned,False,0,0,,0,GulfofAlaska,False,0,GulfofAlaska,1560,,625.0,127.0
625,Unowned,Unowned,Unowned,False,0,0,,0,CoastofAlaska,False,0,CoastofAlaska,1561,,485.0,128.0
626,Unowned,Unowned,Unowned,False,0,0,,0,KuskowimBay,False,0,KuskowimBay,1562,,227.0,29.0
627,Unowned,Unowned,Unowned,False,0,0,,0,HattonBank,False,0,HattonBank,1563,,2533.0,589.0
628,Unowned,Unowned,Unowned,False,0,0,,0,EasternGibbsFracture,False,0,EasternGibbsFracture,1564,,2369.0,482.0
629,Unowned,Unowned,Unowned,False,0,0,,0,WesternGibbsFracture,False,0,WesternGibbsFracture,1565,,2160.0,417.0
630,Unowned,Unowned,Unowned,False,0,0,,0,IberianShelf,False,0,IberianShelf,1566,,2501.0,765.0
631,Unowned,Unowned,Unowned,False,0,0,,0,SeaofAzores,False,0,SeaofAzores,1567,,2395.0,703.0
632,Unowned,Unowned,Unowned,False,0,0,,0,CornerSeamounts,False,0,CornerSeamounts,1568,,2224.0,584.0
633,Unowned,Unowned,Unowned,False,0,0,,0,NewEnglandSeamounts,False,0,NewEnglandSeamounts,1569,,2059.0,501.0
634,HUN,transylvanian,orthodox,False,2,2,naval_supplies,1,Oradea,True,0,Bihar,157,pest,3163.0,580.0
635,Unowned,Unowned,Unowned,False,0,0,,0,SableIslandBank,False,0,SableIslandBank,1570,,1737.0,541.0
636,Unowned,Unowned,Unowned,False,0,0,,0,BlakePlataeu,False,0,BlakePlataeu,1571,,1688.0,662.0
637,Unowned,Unowned,Unowned,False,0,0,,0,WestBermudaSea,False,0,WestBermudaSea,1572,,1858.0,671.0
638,Unowned,Unowned,Unowned,False,0,0,,0,EastBermudaSea,False,0,EastBermudaSea,1573,,1899.0,546.0
639,Unowned,Unowned,Unowned,False,0,0,,0,SomeFunnySeaname,False,0,SomeFunnySeaname,1574,,1758.0,759.0
640,Unowned,Unowned,Unowned,False,0,0,,0,NorthernGuianaBasin,False,0,NorthernGuianaBasin,1575,,1907.0,836.0
641,Unowned,Unowned,Unowned,False,0,0,,0,GuianaBasin,False,0,GuianaBasin,1576,,1998.0,1007.0
642,Unowned,Unowned,Unowned,False,0,0,,0,SouthernGuianaBasin,False,0,SouthernGuianaBasin,1577,,2161.0,1121.0
643,Unowned,Unowned,Unowned,False,0,0,,0,CanaryApproach,False,0,CanaryApproach,1578,,2391.0,894.0
644,Unowned,Unowned,Unowned,False,0,0,,0,CapVerdeApproach,False,0,CapVerdeApproach,1579,,2330.0,1039.0
645,HUN,Unowned,catholic,False,3,3,wool,2,Maros,True,0,Maros,158,pest,3203.0,598.0
646,Unowned,Unowned,Unowned,False,0,0,,0,CentralAtlantic1,False,0,CentralAtlantic1,1580,,2225.0,764.0
647,Unowned,Unowned,Unowned,False,0,0,,0,CentralAtlantic2,False,0,CentralAtlantic2,1581,,2191.0,961.0
648,Unowned,Unowned,Unowned,False,0,0,,0,CentralAtlantic3,False,0,CentralAtlantic3,1582,,2053.0,673.0
649,Unowned,Unowned,Unowned,False,0,0,,0,CentralAtlantic4,False,0,CentralAtlantic4,1583,,2058.0,854.0
650,Unowned,Unowned,Unowned,False,0,0,,0,RomancheGap,False,0,RomancheGap,1584,,2351.0,1263.0
651,Unowned,Unowned,Unowned,False,0,0,,0,EastGuineaBasin,False,0,EastGuineaBasin,1585,,2773.0,1494.0
652,Unowned,Unowned,Unowned,False,0,0,,0,WestGuineaBasin,False,0,WestGuineaBasin,1586,,2600.0,1478.0
653,Unowned,Unowned,Unowned,False,0,0,,0,CoastofFalklands,False,0,CoastofFalklands,1587,,1902.0,1965.0
654,Unowned,Unowned,Unowned,False,0,0,,0,NewGeorgiaIslands,False,0,NewGeorgiaIslands,1588,,1985.0,1886.0
655,Unowned,Unowned,Unowned,False,0,0,,0,WesternAtlantic1,False,0,WesternAtlantic1,1589,,2047.0,1798.0
656,TUR,bulgarian,orthodox,False,2,2,fish,2,Silistra,True,0,Silistria,159,constantinople,3241.0,652.0
657,Unowned,Unowned,Unowned,False,0,0,,0,WesternAtlantic2,False,0,WesternAtlantic2,1590,,2146.0,1690.0
658,Unowned,Unowned,Unowned,False,0,0,,0,WesternAtlantic3,False,0,WesternAtlantic3,1591,,2269.0,1587.0
659,Unowned,Unowned,Unowned,False,0,0,,0,WesternAtlantic4,False,0,WesternAtlantic4,1592,,2248.0,1761.0
660,Unowned,Unowned,Unowned,False,0,0,,0,WesternAtlantic5,False,0,WesternAtlantic5,1593,,2160.0,1906.0
661,Unowned,Unowned,Unowned,False,0,0,,0,WesternAtlantic6,False,0,WesternAtlantic6,1594,,2016.0,2004.0
662,Unowned,Unowned,Unowned,False,0,0,,0,EastofMagellans,False,0,EastofMagellans,1595,,1844.0,2024.0
663,Unowned,Unowned,Unowned,False,0,0,,0,CentralAtlantic5,False,0,CentralAtlantic5,1596,,2333.0,1442.0
664,Unowned,Unowned,Unowned,False,0,0,,0,CentralAtlantic6,False,0,CentralAtlantic6,1597,,2479.0,1386.0
665,Unowned,Unowned,Unowned,False,0,0,,0,CentralAtlantic7,False,0,CentralAtlantic7,1598,,2446.0,1543.0
666,Unowned,Unowned,Unowned,False,0,0,,0,CentralAtlantic8,False,0,CentralAtlantic8,1599,,2391.0,1693.0
667,NOR,norwegian,catholic,False,2,2,fish,2,Marstrand,True,0,Bohuslan,16,,2988.0,349.0
668,WAL,romanian,orthodox,False,3,3,copper,2,Craiova,True,0,Oltenia,160,pest,3178.0,642.0
669,Unowned,Unowned,Unowned,False,0,0,,0,EasternAtlantic1,False,0,EasternAtlantic1,1600,,2627.0,1665.0
670,Unowned,Unowned,Unowned,False,0,0,,0,EasternAtlantic2,False,0,EasternAtlantic2,1601,,2824.0,1660.0
671,Unowned,Unowned,Unowned,False,0,0,,0,EasternAtlantic3,False,0,EasternAtlantic3,1602,,2832.0,1844.0
672,Unowned,Unowned,Unowned,False,0,0,,0,EasternAtlantic4,False,0,EasternAtlantic4,1603,,2928.0,1998.0
673,Unowned,Unowned,Unowned,False,0,0,,0,EasternAtlantic5,False,0,EasternAtlantic5,1604,,2659.0,1894.0
674,Unowned,Unowned,Unowned,False,0,0,,0,EasternAtlantic6,False,0,EasternAtlantic6,1605,,2461.0,1889.0
675,Unowned,Unowned,Unowned,False,0,0,,0,SouthernAtlantic1,False,0,SouthernAtlantic1,1606,,2341.0,1916.0
676,Unowned,Unowned,Unowned,False,0,0,,0,SouthernAtlantic2,False,0,SouthernAtlantic2,1607,,2264.0,2002.0
677,Unowned,Unowned,Unowned,False,0,0,,0,SouthernAtlantic3,False,0,SouthernAtlantic3,1608,,2503.0,2010.0
678,Unowned,Unowned,Unowned,False,0,0,,0,SouthernAtlantic4,False,0,SouthernAtlantic4,1609,,2700.0,2015.0
679,WAL,romanian,orthodox,False,5,5,livestock,3,Tîrgoviste,True,1,Tirgoviste,161,pest,3200.0,629.0
680,Unowned,Unowned,Unowned,False,0,0,,0,CapeofStorms,False,0,CapeofStorms,1610,,2299.0,178.0
681,Unowned,Unowned,Unowned,False,0,0,,0,GulfofBengal,False,0,GulfofBengal,1611,,4156.0,1133.0
682,Unowned,Unowned,Unowned,False,0,0,,0,NorthenBayofBengal,False,0,NorthenBayofBengal,1612,,4121.0,1208.0
683,Unowned,Unowned,Unowned,False,0,0,,0,SouthernBayofBengal,False,0,SouthernBayofBengal,1613,,4172.0,1279.0
684,Unowned,Unowned,Unowned,False,0,0,,0,CeylonSea,False,0,CeylonSea,1614,,4083.0,1289.0
685,Unowned,Unowned,Unowned,False,0,0,,0,CoastofMaldives,False,0,CoastofMaldives,1615,,3861.0,1196.0
686,Unowned,Unowned,Unowned,False,0,0,,0,IndianOcean1,False,0,IndianOcean1,1616,,3859.0,1305.0
687,Unowned,Unowned,Unowned,False,0,0,,0,IndianOcean2,False,0,IndianOcean2,1617,,3741.0,1523.0
688,Unowned,Unowned,Unowned,False,0,0,,0,IndianOcean3,False,0,IndianOcean3,1618,,3849.0,1412.0
689,Unowned,Unowned,Unowned,False,0,0,,0,IndianOcean4,False,0,IndianOcean4,1619,,3975.0,1359.0
690,HUN,slovak,catholic,False,3,2,grain,2,Kassa,True,0,Zemplen,162,pest,3148.0,553.0
691,Unowned,Unowned,Unowned,False,0,0,,0,IndianOcean5,False,0,IndianOcean5,1620,,3863.0,1537.0
692,Unowned,Unowned,Unowned,False,0,0,,0,IndianOcean6,False,0,IndianOcean6,1621,,4008.0,1506.0
693,Unowned,Unowned,Unowned,False,0,0,,0,IndianOcean7,False,0,IndianOcean7,1622,,4162.0,1412.0
694,Unowned,Unowned,Unowned,False,0,0,,0,IndianOcean8,False,0,IndianOcean8,1623,,4159.0,1539.0
695,Unowned,Unowned,Unowned,False,0,0,,0,IndianOcean9,False,0,IndianOcean9,1624,,4287.0,1517.0
696,Unowned,Unowned,Unowned,False,0,0,,0,IndianOcean10,False,0,IndianOcean10,1625,,3386.0,2015.0
697,Unowned,Unowned,Unowned,False,0,0,,0,IndianOcean11,False,0,IndianOcean11,1626,,3434.0,1956.0
698,Unowned,Unowned,Unowned,False,0,0,,0,IndianOcean12,False,0,IndianOcean12,1627,,3484.0,1866.0
699,Unowned,Unowned,Unowned,False,0,0,,0,IndianOcean13,False,0,IndianOcean13,1628,,3603.0,2018.0
700,Unowned,Unowned,Unowned,False,0,0,,0,IndianOcean14,False,0,IndianOcean14,1629,,3613.0,1931.0
701,VEN,greek,orthodox,False,5,5,fish,3,Heraklion,True,0,Crete,163,ragusa,3194.0,810.0
702,Unowned,Unowned,Unowned,False,0,0,,0,IndianOcean15,False,0,IndianOcean15,1630,,3653.0,1856.0
703,Unowned,Unowned,Unowned,False,0,0,,0,IndianOcean16,False,0,IndianOcean16,1631,,3779.0,2007.0
704,Unowned,Unowned,Unowned,False,0,0,,0,IndianOcean17,False,0,IndianOcean17,1632,,3988.0,2003.0
705,Unowned,Unowned,Unowned,False,0,0,,0,IndianOcean18,False,0,IndianOcean18,1633,,4237.0,1991.0
706,Unowned,Unowned,Unowned,False,0,0,,0,IndianOcean19,False,0,IndianOcean19,1634,,4462.0,2011.0
707,Unowned,Unowned,Unowned,False,0,0,,0,IndianOcean20,False,0,IndianOcean20,1635,,4745.0,2013.0
708,Unowned,Unowned,Unowned,False,0,0,,0,IndianOcean21,False,0,IndianOcean21,1636,,3802.0,1876.0
709,Unowned,Unowned,Unowned,False,0,0,,0,IndianOcean22,False,0,IndianOcean22,1637,,3983.0,1899.0
710,Unowned,Unowned,Unowned,False,0,0,,0,IndianOcean23,False,0,IndianOcean23,1638,,4220.0,1887.0
711,Unowned,Unowned,Unowned,False,0,0,,0,IndianOcean24,False,0,IndianOcean24,1639,,4453.0,1946.0
712,NAX,greek,orthodox,False,2,2,wine,2,Naxos,True,0,Naxos,164,constantinople,3194.0,773.0
713,Unowned,Unowned,Unowned,False,0,0,,0,IndianOcean25,False,0,IndianOcean25,1640,,4393.0,1836.0
714,Unowned,Unowned,Unowned,False,0,0,,0,IndianOcean26,False,0,IndianOcean26,1641,,4540.0,1634.0
715,Unowned,Unowned,Unowned,False,0,0,,0,IndianOcean27,False,0,IndianOcean27,1642,,4379.0,1599.0
716,Unowned,Unowned,Unowned,False,0,0,,0,IndianOcean28,False,0,IndianOcean28,1643,,4441.0,1717.0
717,Unowned,Unowned,Unowned,False,0,0,,0,IndianOcean29,False,0,IndianOcean29,1644,,4299.0,1661.0
718,Unowned,Unowned,Unowned,False,0,0,,0,IndianOcean30,False,0,IndianOcean30,1645,,4240.0,1727.0
719,Unowned,Unowned,Unowned,False,0,0,,0,IndianOcean31,False,0,IndianOcean31,1646,,4056.0,1728.0
720,Unowned,Unowned,Unowned,False,0,0,,0,IndianOcean32,False,0,IndianOcean32,1647,,3890.0,1721.0
721,Unowned,Unowned,Unowned,False,0,0,,0,LakeTchad,False,0,LakeTchad,1648,,3027.0,1181.0
722,Unowned,Unowned,Unowned,False,0,0,,0,LakeVictoria,False,0,LakeVictoria,1649,african_great_lakes,3324.0,1415.0
723,SWI,swiss,catholic,True,5,5,iron,3,Bern,True,1,Bern,165,champagne,2921.0,587.0
724,Unowned,Unowned,Unowned,False,0,0,,0,LakeTangayika,False,0,LakeTangayika,1650,,3276.0,1494.0
725,Unowned,Unowned,Unowned,False,0,0,,0,LakeMalawi,False,0,LakeMalawi,1651,,3346.0,1588.0
726,Unowned,Unowned,Unowned,False,0,0,,0,LakeKama,False,0,LakeKama,1652,white_sea,3404.0,170.0
727,Unowned,Unowned,Unowned,False,0,0,,0,LakeBalchasj,False,0,LakeBalchasj,1653,,3997.0,610.0
728,Unowned,Unowned,Unowned,False,0,0,,0,LakeBajkal,False,0,LakeBajkal,1654,,4470.0,456.0
729,Unowned,Unowned,Unowned,False,0,0,,0,PoyangLake,False,0,PoyangLake,1655,,4622.0,916.0
730,Unowned,Unowned,Unowned,False,0,0,,0,LakeTiticaca,False,0,LakeTiticaca,1656,,1724.0,1434.0
731,Unowned,Unowned,Unowned,False,0,0,,0,LakeNicaragua,False,0,LakeNicaragua,1657,,1468.0,989.0
732,Unowned,Unowned,Unowned,False,0,0,,0,Everglades,False,0,Everglades,1658,,1539.0,733.0
733,Unowned,Unowned,Unowned,False,0,0,,0,LakeOntario,False,0,LakeOntario,1659,,1590.0,431.0
734,SWI,swiss,catholic,True,4,4,iron,2,Schwyz,True,0,Schwyz,166,,2938.0,594.0
735,Unowned,Unowned,Unowned,False,0,0,,0,LakeErie,False,0,LakeErie,1660,,1538.0,463.0
736,Unowned,Unowned,Unowned,False,0,0,,0,LakeHuron,False,0,LakeHuron,1661,,1523.0,414.0
737,Unowned,Unowned,Unowned,False,0,0,,0,LakeMichigan,False,0,LakeMichigan,1662,,1459.0,430.0
738,Unowned,Unowned,Unowned,False,0,0,,0,LakeSuperior,False,0,LakeSuperior,1663,,1429.0,356.0
739,Unowned,Unowned,Unowned,False,0,0,,0,LakeNipigon,False,0,LakeNipigon,1664,,1425.0,312.0
740,Unowned,Unowned,Unowned,False,0,0,,0,LakeWinnipeg,False,0,LakeWinnipeg,1665,,1264.0,250.0
741,Unowned,Unowned,Unowned,False,0,0,,0,WesternPacific1,False,0,WesternPacific1,1666,,5458.0,324.0
742,Unowned,Unowned,Unowned,False,0,0,,0,WesternPacific2,False,0,WesternPacific2,1667,,5368.0,453.0
743,Unowned,Unowned,Unowned,False,0,0,,0,WesternPacific3,False,0,WesternPacific3,1668,,5508.0,427.0
744,Unowned,Unowned,Unowned,False,0,0,,0,WesternPacific4,False,0,WesternPacific4,1669,,5263.0,645.0
745,FRA,normand,catholic,False,4,4,glass,4,Rouen,True,0,Caux,167,english_channel,2819.0,541.0
746,Unowned,Unowned,Unowned,False,0,0,,0,WesternPacific5,False,0,WesternPacific5,1670,,5486.0,661.0
747,Unowned,Unowned,Unowned,False,0,0,,0,WesternPacific6,False,0,WesternPacific6,1671,,5296.0,867.0
748,Unowned,Unowned,Unowned,False,0,0,,0,WesternPacific7,False,0,WesternPacific7,1672,,5521.0,876.0
749,Unowned,Unowned,Unowned,False,0,0,,0,WesternPacific8,False,0,WesternPacific8,1673,,5150.0,1253.0
750,Unowned,Unowned,Unowned,False,0,0,,0,WesternPacific9,False,0,WesternPacific9,1674,,5215.0,1086.0
751,Unowned,Unowned,Unowned,False,0,0,,0,WesternPacific10,False,0,WesternPacific10,1675,,5556.0,1135.0
752,Unowned,Unowned,Unowned,False,0,0,,0,WesternPacific11,False,0,WesternPacific11,1676,,5347.0,1388.0
753,Unowned,Unowned,Unowned,False,0,0,,0,NorthernPacific1,False,0,NorthernPacific1,1677,,222.0,77.0
754,Unowned,Unowned,Unowned,False,0,0,,0,NorthernPacific2,False,0,NorthernPacific2,1678,,45.0,50.0
755,Unowned,Unowned,Unowned,False,0,0,,0,NorthernPacific3,False,0,NorthernPacific3,1679,,5557.0,225.0
756,FRA,normand,catholic,False,4,4,cloth,4,Caen,True,0,Normandie,168,english_channel,2803.0,550.0
757,Unowned,Unowned,Unowned,False,0,0,,0,NorthernPacific4,False,0,NorthernPacific4,1680,,140.0,242.0
758,Unowned,Unowned,Unowned,False,0,0,,0,NorthernPacific5,False,0,NorthernPacific5,1681,,344.0,251.0
759,Unowned,Unowned,Unowned,False,0,0,,0,NorthernPacific6,False,0,NorthernPacific6,1682,,560.0,270.0
760,Unowned,Unowned,Unowned,False,0,0,,0,NorthernPacific7,False,0,NorthernPacific7,1683,,65.0,380.0
761,Unowned,Unowned,Unowned,False,0,0,,0,NorthernPacific8,False,0,NorthernPacific8,1684,,669.0,443.0
762,Unowned,Unowned,Unowned,False,0,0,,0,NorthernPacific9,False,0,NorthernPacific9,1685,,175.0,364.0
763,Unowned,Unowned,Unowned,False,0,0,,0,NorthernPacific10,False,0,NorthernPacific10,1686,,434.0,415.0
764,Unowned,Unowned,Unowned,False,0,0,,0,CentralPacific1,False,0,CentralPacific1,1687,,770.0,625.0
765,Unowned,Unowned,Unowned,False,0,0,,0,CentralPacific2,False,0,CentralPacific2,1688,,526.0,608.0
766,Unowned,Unowned,Unowned,False,0,0,,0,CentralPacific3,False,0,CentralPacific3,1689,,291.0,577.0
767,BRI,breton,catholic,False,4,4,cloth,4,Saint-Malo,True,0,Armor,169,bordeaux,2770.0,562.0
768,Unowned,Unowned,Unowned,False,0,0,,0,CentralPacific4,False,0,CentralPacific4,1690,,84.0,568.0
769,Unowned,Unowned,Unowned,False,0,0,,0,CentralPacific5,False,0,CentralPacific5,1691,,5416.0,1066.0
770,Unowned,Unowned,Unowned,False,0,0,,0,CentralPacific6,False,0,CentralPacific6,1692,,96.0,987.0
771,Unowned,Unowned,Unowned,False,0,0,,0,CentralPacific7,False,0,CentralPacific7,1693,,643.0,822.0
772,Unowned,Unowned,Unowned,False,0,0,,0,CentralPacific8,False,0,CentralPacific8,1694,,853.0,794.0
773,Unowned,Unowned,Unowned,False,0,0,,0,CentralPacific9,False,0,CentralPacific9,1695,,992.0,910.0
774,Unowned,Unowned,Unowned,False,0,0,,0,CentralPacific10,False,0,CentralPacific10,1696,,811.0,938.0
775,Unowned,Unowned,Unowned,False,0,0,,0,CoastofHawaii,False,0,CoastofHawaii,1697,,299.0,1006.0
776,Unowned,Unowned,Unowned,False,0,0,,0,CentralPacific11,False,0,CentralPacific11,1698,,5405.0,1262.0
777,Unowned,Unowned,Unowned,False,0,0,,0,CentralPacific12,False,0,CentralPacific12,1699,,444.0,942.0
778,NOR,norwegian,catholic,False,3,3,fish,2,Oslo,True,1,Akershus,17,,2965.0,305.0
779,BRI,breton,catholic,False,3,3,naval_supplies,4,Brest,True,1,Finistere,170,bordeaux,2746.0,563.0
780,Unowned,Unowned,Unowned,False,0,0,,0,EasternPacific1,False,0,EasternPacific1,1700,,1356.0,1109.0
781,Unowned,Unowned,Unowned,False,0,0,,0,EasternPacific2,False,0,EasternPacific2,1701,,1188.0,1092.0
782,Unowned,Unowned,Unowned,False,0,0,,0,EasternPacific3,False,0,EasternPacific3,1702,,1393.0,1284.0
783,Unowned,Unowned,Unowned,False,0,0,,0,EasternPacific4,False,0,EasternPacific4,1703,,1491.0,1496.0
784,Unowned,Unowned,Unowned,False,0,0,,0,EasternPacific5,False,0,EasternPacific5,1704,,1499.0,1687.0
785,Unowned,Unowned,Unowned,False,0,0,,0,EasternPacific6,False,0,EasternPacific6,1705,,1535.0,1855.0
786,Unowned,Unowned,Unowned,False,0,0,,0,EasternPacific7,False,0,EasternPacific7,1706,,1574.0,1989.0
787,Unowned,Unowned,Unowned,False,0,0,,0,EasternPacific8,False,0,EasternPacific8,1707,,1034.0,1092.0
788,Unowned,Unowned,Unowned,False,0,0,,0,EasternPacific9,False,0,EasternPacific9,1708,,1251.0,1316.0
789,Unowned,Unowned,Unowned,False,0,0,,0,EasternPacific10,False,0,EasternPacific10,1709,,1393.0,1500.0
790,BRI,breton,catholic,False,3,3,fish,3,Vannes,True,0,Vannetais,171,bordeaux,2761.0,574.0
791,Unowned,Unowned,Unowned,False,0,0,,0,EasternPacific11,False,0,EasternPacific11,1710,,1299.0,1684.0
792,Unowned,Unowned,Unowned,False,0,0,,0,EasternPacific12,False,0,EasternPacific12,1711,,1051.0,1310.0
793,Unowned,Unowned,Unowned,False,0,0,,0,EasternPacific13,False,0,EasternPacific13,1712,,1183.0,1501.0
794,Unowned,Unowned,Unowned,False,0,0,,0,EasternPacific14,False,0,EasternPacific14,1713,,1077.0,1678.0
795,Unowned,Unowned,Unowned,False,0,0,,0,EasternPacific15,False,0,EasternPacific15,1714,,178.0,765.0
796,Unowned,Unowned,Unowned,False,0,0,,0,EasternPacific16,False,0,EasternPacific16,1715,,657.0,1045.0
797,Unowned,Unowned,Unowned,False,0,0,,0,EasternPacific17,False,0,EasternPacific17,1716,,883.0,1078.0
798,Unowned,Unowned,Unowned,False,0,0,,0,SouthernPacific1,False,0,SouthernPacific1,1717,,1404.0,1862.0
799,Unowned,Unowned,Unowned,False,0,0,,0,SouthernPacific2,False,0,SouthernPacific2,1718,,1354.0,1976.0
800,Unowned,Unowned,Unowned,False,0,0,,0,SouthernPacific3,False,0,SouthernPacific3,1719,,1085.0,1978.0
801,BRI,breton,catholic,False,4,4,salt,4,Nantes,True,0,Vendee,172,bordeaux,2777.0,585.0
802,Unowned,Unowned,Unowned,False,0,0,,0,SouthernPacific4,False,0,SouthernPacific4,1720,,855.0,1981.0
803,Unowned,Unowned,Unowned,False,0,0,,0,SouthernPacific5,False,0,SouthernPacific5,1721,,585.0,1973.0
804,Unowned,Unowned,Unowned,False,0,0,,0,SouthernPacific6,False,0,SouthernPacific6,1722,,313.0,1975.0
805,Unowned,Unowned,Unowned,False,0,0,,0,SouthernPacific7,False,0,SouthernPacific7,1723,,114.0,1930.0
806,Unowned,Unowned,Unowned,False,0,0,,0,SouthernPacific8,False,0,SouthernPacific8,1724,,285.0,1817.0
807,Unowned,Unowned,Unowned,False,0,0,,0,SouthernPacific9,False,0,SouthernPacific9,1725,,616.0,1692.0
808,Unowned,Unowned,Unowned,False,0,0,,0,SouthernPacific10,False,0,SouthernPacific10,1726,,149.0,1661.0
809,Unowned,Unowned,Unowned,False,0,0,,0,SouthernPacific11,False,0,SouthernPacific11,1727,,511.0,1851.0
810,Unowned,Unowned,Unowned,False,0,0,,0,SouthernPacific12,False,0,SouthernPacific12,1728,,362.0,1693.0
811,Unowned,Unowned,Unowned,False,0,0,,0,SouthernPacific13,False,0,SouthernPacific13,1729,,732.0,1865.0
812,ENG,basque,catholic,False,3,3,wine,4,Bayonne,True,0,Labourd,173,bordeaux,2790.0,655.0
813,Unowned,Unowned,Unowned,False,0,0,,0,SouthernPacific14,False,0,SouthernPacific14,1730,,1199.0,1843.0
814,Unowned,Unowned,Unowned,False,0,0,,0,SouthernPacific15,False,0,SouthernPacific15,1731,,957.0,1849.0
815,Unowned,Unowned,Unowned,False,0,0,,0,SouthernPacific16,False,0,SouthernPacific16,1732,,105.0,1421.0
816,Unowned,Unowned,Unowned,False,0,0,,0,SouthernPacific17,False,0,SouthernPacific17,1733,,270.0,1514.0
817,Unowned,Unowned,Unowned,False,0,0,,0,SouthernPacific18,False,0,SouthernPacific18,1734,,5544.0,1356.0
818,Unowned,Unowned,Unowned,False,0,0,,0,SouthernPacific19,False,0,SouthernPacific19,1735,,233.0,1278.0
819,Unowned,Unowned,Unowned,False,0,0,,0,SouthernPacific20,False,0,SouthernPacific20,1736,,575.0,1261.0
820,Unowned,Unowned,Unowned,False,0,0,,0,SouthernPacific22,False,0,SouthernPacific22,1737,,718.0,1485.0
821,Unowned,Unowned,Unowned,False,0,0,,0,SouthernPacific23,False,0,SouthernPacific23,1738,,483.0,1478.0
822,Unowned,Unowned,Unowned,False,0,0,,0,SouthernPacific24,False,0,SouthernPacific24,1739,,823.0,1678.0
823,ENG,gascon,catholic,False,8,8,wine,5,Bordeaux,True,1,Gascogne,174,bordeaux,2798.0,634.0
824,Unowned,Unowned,Unowned,False,0,0,,0,SouthernPacific25,False,0,SouthernPacific25,1740,,812.0,1276.0
825,Unowned,Unowned,Unowned,False,0,0,,0,SouthernPacific26,False,0,SouthernPacific26,1741,,962.0,1493.0
826,GEL,flemish,catholic,True,5,5,cloth,4,Roermond,True,0,Limburg,1742,english_channel,2899.0,508.0
827,BUR,wallonian,catholic,True,5,5,grain,2,Cambray,True,0,Cambray,1743,english_channel,2859.0,530.0
828,BRB,flemish,catholic,True,8,8,glass,3,Antwerp,True,2,Antwerpen,1744,english_channel,2878.0,505.0
829,SPA,castillian,catholic,False,3,3,naval_supplies,3,Santander,True,1,Cantabria,1745,sevilla,2743.0,664.0
830,SPA,castillian,catholic,False,3,3,cloth,2,Burgos,True,1,Burgos,1746,sevilla,2751.0,679.0
831,SPA,leonese,catholic,False,2,2,wool,2,Caceres,True,0,Caceres,1747,sevilla,2710.0,739.0
832,SPA,andalucian,catholic,False,3,4,wool,2,Jaén,True,0,LaMancha,1748,sevilla,2753.0,760.0
833,SPA,andalucian,catholic,False,5,4,naval_supplies,3,Cadiz,True,1,Cadiz,1749,sevilla,2714.0,790.0
834,FRA,gascon,catholic,False,5,5,wool,5,Auch,True,0,Armagnac,175,bordeaux,2809.0,652.0
835,SPA,catalan,catholic,False,3,3,salt,3,Alàcant,True,0,Alicante,1750,valencia,2798.0,752.0
836,MOR,moroccan,sunni,False,3,3,fish,1,Cebta,True,0,Ceuta,1751,sevilla,2723.0,808.0
837,MOS,russian,orthodox,False,5,5,grain,3,Rzhev,True,0,Rzhev,1752,,3327.0,384.0
838,MOS,russian,orthodox,False,3,3,cloth,3,Kostroma,True,0,Kostroma,1753,,3437.0,356.0
839,MOS,russian,orthodox,False,4,4,grain,4,Murom,True,0,Orel,1754,,3477.0,416.0
840,Unowned,russian,orthodox,False,2,2,fur,1,Ustyug,True,0,Ustyug,1755,white_sea,3511.0,304.0
841,MOL,romanian,orthodox,False,5,4,wool,2,Kilia,True,0,Budjak,1756,crimea,3265.0,613.0
842,PAL,bavarian,catholic,True,3,3,iron,3,Oberpfalz,True,0,Oberpfalz,1757,,2996.0,537.0
843,BRU,lower_saxon,catholic,True,4,4,cloth,4,Hannover,True,0,Hannover,1758,,2954.0,481.0
844,BRA,saxon,catholic,True,3,3,wool,2,Potsdam,True,0,Potsdam,1759,,3014.0,483.0
845,FRA,gascon,catholic,False,4,4,wool,4,Pau,True,0,Bearn,176,bordeaux,2802.0,664.0
846,TRI,hessian,catholic,True,4,4,grain,2,Koblenz,True,0,Koblenz,1760,,2921.0,524.0
847,PAL,hessian,catholic,True,4,4,wine,2,Worms,True,0,Pfalz,1761,,2928.0,539.0
848,HES,hessian,catholic,True,5,5,glass,3,Kassel,True,0,Kassel,1762,,2957.0,508.0
849,BOH,sorbian,catholic,True,2,2,livestock,1,Chotebuz,True,0,Niederlausitz,1763,,3029.0,489.0
850,TUR,bulgarian,orthodox,False,2,2,salt,1,Burgas,True,0,Burgas,1764,constantinople,3232.0,677.0
851,TUR,bulgarian,orthodox,False,4,4,iron,2,Sofia,True,0,Nis,1765,constantinople,3167.0,669.0
852,SER,serbian,orthodox,False,3,3,,2,Pristina,True,0,Kosovo,1766,ragusa,3131.0,678.0
853,CRO,croatian,catholic,False,2,2,livestock,2,Osijek,True,0,Veroce,1767,pest,3090.0,614.0
854,HAB,austrian,catholic,True,4,3,iron,2,Lienz,True,0,Lienz,1768,,3001.0,592.0
855,HAB,slovene,catholic,True,4,4,iron,2,Gorizia,True,0,Gorz,1769,venice,3019.0,607.0
856,ENG,cosmopolitan_french,catholic,False,6,6,cloth,4,Maine,True,0,Maine,177,bordeaux,2800.0,574.0
857,HAB,austrian,catholic,True,3,3,wine,4,Krems,True,0,Ostmarch,1770,,3057.0,553.0
858,BOH,czech,catholic,True,4,5,glass,2,Litomerice,True,0,Erz,1771,,3027.0,516.0
859,HUN,slovak,catholic,False,5,5,grain,3,Pressburg,True,1,Pozsony,1772,pest,3081.0,559.0
860,ACH,greek,orthodox,False,2,3,wine,1,Nafplio,True,0,Achaea,1773,ragusa,3143.0,769.0
861,VEN,venetian,catholic,False,7,7,paper,4,Treviso,False,0,Treviso,1774,venice,2992.0,606.0
862,SHL,lower_saxon,catholic,True,4,4,livestock,2,Kiel,True,1,Holstein,1775,,2968.0,444.0
863,NOV,karelian,orthodox,False,1,1,salt,1,Kem,True,0,Karelia,1776,white_sea,3305.0,188.0
864,NOV,sapmi,orthodox,False,1,1,fur,1,Kola,True,0,Kola,1777,white_sea,3351.0,115.0
865,MOS,mishary,sunni,False,4,4,livestock,5,Kasimov,True,0,Kasimov,1778,,3457.0,436.0
866,Unowned,Unowned,Unowned,False,0,0,,0,RubalKhali,False,0,RubalKhali,1779,gulf_of_aden,3609.0,1080.0
867,PRO,cosmopolitan_french,catholic,False,5,5,cloth,5,Angers,True,0,Anjou,178,bordeaux,2800.0,592.0
868,RUS,samoyed,orthodox,False,2,2,fur,1,Yarensk,True,0,Komi,1780,siberia,3782.0,160.0
869,Unowned,Unowned,Unowned,False,0,0,,0,WesternSiberia,False,0,WesternSiberia,1781,siberia,4159.0,87.0
870,Unowned,Unowned,Unowned,False,0,0,,0,CentralSiberia,False,0,CentralSiberia,1782,siberia,4614.0,100.0
871,Unowned,Unowned,Unowned,False,0,0,,0,EasternSiberia,False,0,EasternSiberia,1783,girin,5232.0,88.0
872,Unowned,Unowned,Unowned,False,0,0,,0,TiamShan,False,0,TiamShan,1784,yumen,4091.0,696.0
873,Unowned,Unowned,Unowned,False,0,0,,0,Karakoram,False,0,Karakoram,1785,lahore,3966.0,790.0
874,Unowned,Unowned,Unowned,False,0,0,,0,TaklaMakan,False,0,TaklaMakan,1786,yumen,4109.0,754.0
875,Unowned,Unowned,Unowned,False,0,0,,0,Himalaya,False,0,Himalaya,1787,lahore,4060.0,889.0
876,Unowned,Unowned,Unowned,False,0,0,,0,Arunachal,False,0,Arunachal,1788,,4282.0,940.0
877,Unowned,Unowned,Unowned,False,0,0,,0,Papua,False,0,Papua,1789,the_moluccas,5016.0,1484.0
878,BER,cosmopolitan_french,catholic,False,4,4,wine,4,Bourges,True,0,Berry,179,champagne,2838.0,590.0
879,Unowned,Unowned,Unowned,False,0,0,,0,Outback,False,0,Outback,1790,australia,4812.0,1764.0
880,Unowned,Unowned,Unowned,False,0,0,,0,Outback,False,0,Outback,1791,australia,4978.0,1781.0
881,MIR,madagasque,Unowned,False,3,3,grain,2,Alasora,True,0,Antananarivo,1792,zanzibar,3537.0,1700.0
882,Unowned,Unowned,Unowned,False,0,0,,0,ElDjouf,False,0,ElDjouf,1793,ivory_coast,2641.0,1032.0
883,Unowned,Unowned,Unowned,False,0,0,,0,CentralSahara,False,0,CentralSahara,1794,,2873.0,980.0
884,Unowned,Unowned,Unowned,False,0,0,,0,EastSahara,False,0,EastSahara,1795,,3159.0,1019.0
885,Unowned,Unowned,Unowned,False,0,0,,0,NorthernCongoBasin,False,0,NorthernCongoBasin,1797,,3132.0,1370.0
886,Unowned,Unowned,Unowned,False,0,0,,0,Uganda,False,0,Uganda,1798,african_great_lakes,3321.0,1323.0
887,Unowned,Unowned,Unowned,False,0,0,,0,Malawi,False,0,Malawi,1799,african_great_lakes,3414.0,1340.0
888,SWE,sapmi,catholic,False,1,1,unknown,1,Arvidsjaur,True,0,Lappland,18,baltic_sea,3079.0,179.0
889,FRA,cosmopolitan_french,catholic,False,4,4,livestock,4,Poitiers,True,0,Poitou,180,bordeaux,2815.0,604.0
890,Unowned,nguni,Unowned,False,1,1,unknown,1,Gaza,False,0,Limpopo,1800,cape_of_good_hope,3308.0,1776.0
891,Unowned,Unowned,Unowned,False,0,0,,0,Kalahari,False,0,Kalahari,1801,,3139.0,1718.0
892,Unowned,Unowned,Unowned,False,0,0,,0,WesternAmazonas,False,0,WesternAmazonas,1802,amazonas_node,1746.0,1247.0
893,Unowned,Unowned,Unowned,False,0,0,,0,EasternAmazonas,False,0,EasternAmazonas,1803,amazonas_node,1923.0,1305.0
894,Unowned,Unowned,Unowned,False,0,0,,0,Greenland,False,0,Greenland,1804,st_lawrence,2136.0,95.0
895,Unowned,Unowned,Unowned,False,0,0,,0,Quebec,False,0,Quebec,1805,james_bay,1735.0,198.0
896,Unowned,Unowned,Unowned,False,0,0,,0,Weagamow,False,0,Weagamow,1806,james_bay,1400.0,248.0
897,Unowned,Unowned,Unowned,False,0,0,,0,Baffin,False,0,Baffin,1807,james_bay,1638.0,26.0
898,Unowned,Unowned,Unowned,False,0,0,,0,GreatBasin,False,0,GreatBasin,1808,california,1042.0,504.0
899,COM,shoshone,totemism,False,1,1,unknown,1,Cheyenne,True,0,Cheyenne,1809,mississippi_river,1165.0,448.0
900,NEV,wallonian,catholic,False,6,6,cloth,2,Rethel,True,0,Rethel,181,champagne,2876.0,537.0
901,Unowned,Unowned,Unowned,False,0,0,,0,Alaska,False,0,Alaska,1810,,363.0,63.0
902,Unowned,Unowned,Unowned,False,0,0,,0,Nunavut,False,0,Nunavut,1811,james_bay,1239.0,109.0
903,Unowned,Unowned,Unowned,False,0,0,,0,NorthwestTerretories,False,0,NorthwestTerretories,1812,james_bay,952.0,100.0
904,GBR,plains_cree,totemism,False,1,1,unknown,1,Saskatchewan,False,0,Saskatchewan,1813,james_bay,1191.0,236.0
905,Unowned,Unowned,Unowned,False,0,0,,0,Columbia,False,0,Columbia,1814,,774.0,133.0
906,PEG,mon,buddhism,False,3,3,grain,2,Pathein,True,0,Pathein,1815,burma,4289.0,1123.0
907,MNG,chihan,confucianism,False,13,13,grain,5,Beijing,True,2,Beijing,1816,beijing,4627.0,720.0
908,LNA,northern_thai,buddhism,False,3,3,ivory,2,Nan,True,0,Nan,1817,gulf_of_siam,4379.0,1096.0
909,OUC,kyushuan,shinto,False,5,3,chinaware,2,Hakata,True,2,Chikuzen,1818,nippon,4843.0,841.0
910,HSK,japanese,shinto,False,2,2,naval_supplies,3,Nakamura,True,0,Tosa,1819,nippon,4887.0,847.0
911,FRA,cosmopolitan_french,catholic,False,5,5,livestock,4,Soissons,True,0,Vermandois,182,champagne,2844.0,541.0
912,HSK,japanese,shinto,False,3,3,fish,2,Tokushima,True,0,Awa,1820,nippon,4901.0,833.0
913,MNG,jianghuai,confucianism,False,15,15,silk,3,Nanjing,True,0,Nanjing,1821,hangzhou,4660.0,868.0
914,MNG,wu,confucianism,False,9,9,silk,2,Suzhou,True,0,Suzhou,1822,hangzhou,4695.0,881.0
915,KHM,khmer,animism,False,3,3,grain,2,StungTreng,True,0,StungTreng,1823,gulf_of_siam,4471.0,1175.0
916,MNG,wu,confucianism,False,3,3,chinaware,2,Wenzhou,True,0,Wenzhou,1824,hangzhou,4688.0,935.0
917,HSK,japanese,shinto,False,4,4,grain,3,Tomo,True,0,Aki,1825,nippon,4880.0,822.0
918,CRO,croatian,catholic,False,3,2,fish,1,Senj,True,0,Lika,1826,ragusa,3048.0,635.0
919,SER,serbian,orthodox,False,3,3,livestock,1,Trgoviste,True,0,Raska,1827,ragusa,3124.0,664.0
920,HUN,bosnian,catholic,False,2,2,livestock,1,Jajce,True,0,DonjiKrajii,1828,ragusa,3067.0,634.0
921,MNG,chimin,confucianism,False,8,8,tea,3,Quanzhou,True,0,Quanzhou,1829,hangzhou,4646.0,995.0
922,FRA,cosmopolitan_french,catholic,False,8,8,paper,7,Paris,True,2,Ile,183,champagne,2842.0,556.0
923,YMN,japanese,shinto,False,2,2,grain,2,Tottori,True,0,Tajima,1830,nippon,4903.0,809.0
924,HRZ,bosnian,orthodox,False,2,3,wool,2,Travunia,True,0,Travunia,1831,ragusa,3097.0,666.0
925,TTI,japanese,shinto,False,4,3,tea,2,Nara,True,0,Yamato,1832,nippon,4927.0,830.0
926,MNG,gan,confucianism,False,4,4,cloth,2,Ji'an,True,0,Ji'an,1833,hangzhou,4609.0,951.0
927,LIV,estonian,catholic,False,3,3,naval_supplies,2,Dorpat,True,0,Dorpat,1834,baltic_sea,3225.0,358.0
928,TKI,togoku,shinto,False,4,4,paper,3,Inabayama,True,0,Mino,1835,nippon,4944.0,801.0
929,MNG,zhongyuan,confucianism,False,5,5,chinaware,3,Luoyang,True,0,Luoyang,1836,xian,4553.0,822.0
930,HTK,togoku,shinto,False,3,3,grain,3,Kanazawa,True,0,Etchu,1837,nippon,4945.0,782.0
931,MNG,jianghuai,confucianism,False,4,4,grain,3,Hefei,True,0,Hefei,1838,hangzhou,4635.0,873.0
932,IMG,togoku,shinto,False,4,4,tea,3,Sunpu,True,0,Suruga,1839,nippon,4965.0,815.0
933,FRA,cosmopolitan_french,catholic,False,6,6,grain,5,Orléans,True,1,Orleanais,184,champagne,2835.0,576.0
934,MNG,zhuang,confucianism,False,2,2,silk,2,Guilin,True,0,Guilin,1840,canton,4540.0,991.0
935,TEU,prussian,catholic,False,4,4,naval_supplies,3,Marienburg,True,0,Marienburg,1841,baltic_sea,3106.0,448.0
936,LIV,estonian,catholic,False,2,2,grain,1,Narva,True,0,Narva,1842,baltic_sea,3226.0,335.0
937,UES,togoku,shinto,False,2,3,livestock,2,Mayabashi,True,0,Kozuke,1843,nippon,4975.0,786.0
938,MPH,lao,buddhism,False,2,2,grain,2,Xiankhouang,True,0,Xiankhouang,1844,gulf_of_siam,4424.0,1077.0
939,KOR,korean,confucianism,False,3,3,grain,3,Pyeongyang,True,1,SouthPyongan,1845,nippon,4774.0,730.0
940,TUR,turkish,sunni,False,4,4,,3,Amasya,True,0,Amasya,1846,constantinople,3359.0,713.0
941,ANU,ainu,animism,False,1,1,fish,1,Shiribeshi,True,0,Shiribeshi,1847,nippon,5018.0,669.0
942,KAR,turkish,sunni,False,3,3,grain,2,Burdur,True,0,Hamid,1848,constantinople,3281.0,768.0
943,SYR,al_suryah_arabic,sunni,False,4,4,cotton,2,Hama,True,0,Hama,1849,aleppo,3391.0,809.0
944,FRA,cosmopolitan_french,catholic,False,5,5,paper,5,Nemours,True,0,Othe,185,champagne,2855.0,568.0
945,NHX,manchu,tengri_pagan_reformed,False,3,3,fish,3,Yaran,True,0,Yaran,1850,girin,4913.0,647.0
946,POR,portugese,catholic,False,4,4,grain,3,Coimbra,True,0,Ribatejo,1851,sevilla,2676.0,720.0
947,ANU,ainu,animism,False,1,1,fish,1,Tokachi,True,0,Tokachi,1852,nippon,5064.0,660.0
948,TUR,greek,orthodox,False,3,2,wine,2,Kastoria,True,0,Kastoria,1853,ragusa,3143.0,717.0
949,MAM,al_suryah_arabic,sunni,False,3,3,sugar,3,Nablus,True,0,Nablus,1854,alexandria,3353.0,867.0
950,SYR,al_suryah_arabic,shiite,False,5,5,naval_supplies,3,Sayda,True,0,Sidon,1855,aleppo,3359.0,847.0
951,GEO,georgian,orthodox,False,2,2,wine,2,Sukhumi,True,0,Abkhazia,1856,crimea,3438.0,661.0
952,LAU,lower_saxon,catholic,True,2,2,salt,1,Lauenburg,True,0,Lauenburg,1857,,2970.0,457.0
953,STE,pommeranian,catholic,True,5,4,naval_supplies,3,Stettin,True,0,Stettin,1858,,3026.0,459.0
954,TEU,polish,catholic,False,4,4,grain,2,Torun,True,1,Torun,1859,krakow,3104.0,464.0
955,FRA,cosmopolitan_french,catholic,False,6,6,wine,4,Reims,True,2,Champagne,186,champagne,2866.0,547.0
956,ENG,english,catholic,False,4,4,iron,2,Norwich,True,0,Norfolk,1860,english_channel,2821.0,478.0
957,ENG,english,catholic,False,2,2,iron,2,Derby,True,0,Derby,1861,english_channel,2785.0,464.0
958,MLO,lombard,catholic,True,6,5,grain,4,Cremona,False,0,Cremona,1862,genua,2955.0,623.0
959,HAB,austrian,catholic,True,5,5,grain,3,Graz,True,0,Graz,1863,,3049.0,586.0
960,HUN,hungarian,catholic,False,3,3,livestock,2,Kaposvár,True,0,Somogy,1864,pest,3087.0,602.0
961,FLA,flemish,catholic,False,5,5,cloth,3,Ghent,True,0,Ghent,1865,english_channel,2864.0,508.0
962,BUR,wallonian,catholic,True,7,7,iron,3,Namur,True,0,Namur,1866,champagne,2879.0,523.0
963,SAV,swiss,catholic,True,3,3,livestock,2,Lausanne,True,0,Freiburg,1867,champagne,2907.0,599.0
964,AUG,swabian,catholic,True,7,6,,4,Augsburg,True,0,Augsburg,1868,,2973.0,569.0
965,SWI,swiss,catholic,True,4,4,wool,2,Zürich,True,0,Zurich,1869,,2932.0,584.0
966,BAR,burgundian,catholic,False,3,4,cloth,3,Bar-le-Duc,True,0,Barrois,187,champagne,2890.0,563.0
967,SWI,swiss,catholic,True,4,4,livestock,2,StGallen,True,0,StGallen,1870,,2946.0,584.0
968,SAV,swiss,catholic,True,3,2,livestock,1,Sion,True,0,Wallis,1871,champagne,2924.0,602.0
969,ULM,swabian,catholic,True,5,6,,4,Ulm,True,1,Ulm,1872,,2964.0,561.0
970,TTL,swiss,catholic,True,3,3,livestock,1,Chur,True,0,Chur,1873,,2962.0,591.0
971,BRE,lower_saxon,catholic,True,6,6,fish,4,Bremen,True,1,Bremen,1874,,2942.0,464.0
972,SAV,piedmontese,catholic,True,4,4,grain,4,Cuneo,False,0,Turin,1875,genua,2924.0,638.0
973,FRN,hessian,catholic,True,7,7,paper,4,Frankfurt,True,2,Frankfurt,1876,,2942.0,526.0
974,BUR,burgundian,catholic,False,4,4,salt,3,Charolles,True,0,Charolais,1877,champagne,2876.0,594.0
975,AAC,hessian,catholic,True,6,6,grain,2,Aachen,True,0,Aachen,1878,,2903.0,514.0
976,ENG,cosmopolitan_french,catholic,False,4,4,livestock,3,Alençon,True,0,Alencon,1879,english_channel,2805.0,563.0
977,LOR,burgundian,catholic,True,6,6,glass,5,Metz,True,1,Metz,188,champagne,2907.0,550.0
978,HAB,swabian,catholic,True,3,3,iron,3,Altkirch,True,0,Sundgau,1880,,2916.0,576.0
979,NED,arawak,animism,False,4,5,unknown,1,St,True,0,St,1881,carribean_trade,1821.0,886.0
980,TUN,berber,sunni,False,2,2,naval_supplies,1,Annaba,True,0,Bone,1882,tunis,2921.0,786.0
981,Unowned,Unowned,Unowned,False,0,0,,0,WesternFinishLakes,False,0,WesternFinishLakes,1883,,3176.0,277.0
982,Unowned,Unowned,Unowned,False,0,0,,0,EastFinishLakes,False,0,EastFinishLakes,1884,,3256.0,252.0
983,Unowned,Unowned,Unowned,False,0,0,,0,CentralFinishLakes,False,0,CentralFinishLakes,1885,,3217.0,261.0
984,Unowned,Unowned,Unowned,False,0,0,,0,Storavan,False,0,Storavan,1886,,3094.0,152.0
985,Unowned,Unowned,Unowned,False,0,0,,0,Storsjon,False,0,Storsjon,1887,,3043.0,215.0
986,Unowned,Unowned,Unowned,False,0,0,,0,KaraSea,False,0,KaraSea,1888,,3998.0,79.0
987,Unowned,Unowned,Unowned,False,0,0,,0,LakeGeneva,False,0,LakeGeneva,1889,,2908.0,602.0
988,LOR,burgundian,catholic,True,5,5,iron,5,Nancy,True,0,Lothringen,189,champagne,2904.0,563.0
989,Unowned,Unowned,Unowned,False,0,0,,0,Bodensee,False,0,Bodensee,1890,,2953.0,578.0
990,Unowned,Unowned,Unowned,False,0,0,,0,TuzGola,False,0,TuzGola,1891,,3324.0,746.0
991,Unowned,Unowned,Unowned,False,0,0,,0,LakeVan,False,0,LakeVan,1892,,3475.0,749.0
992,Unowned,Unowned,Unowned,False,0,0,,0,LakeDaryacheh,False,0,LakeDaryacheh,1893,,3515.0,767.0
993,Unowned,Unowned,Unowned,False,0,0,,0,SevanLake,False,0,SevanLake,1894,,3509.0,713.0
994,Unowned,Unowned,Unowned,False,0,0,,0,LakeTaihu,False,0,LakeTaihu,1895,,4680.0,877.0
995,Unowned,Unowned,Unowned,False,0,0,,0,LakeHongze,False,0,LakeHongze,1896,,4655.0,840.0
996,Unowned,Unowned,Unowned,False,0,0,,0,Dongting,False,0,Dongting,1897,hangzhou,4561.0,918.0
997,Unowned,Unowned,Unowned,False,0,0,,0,TonieSapLake,False,0,TonieSapLake,1898,,4430.0,1192.0
998,Unowned,Unowned,Unowned,False,0,0,,0,TanaLake,False,0,TanaLake,1899,,3387.0,1205.0
999,SWE,finnish,catholic,False,1,1,fur,1,Korsholm,True,0,Osterbotten,19,baltic_sea,3184.0,221.0
1000,FRA,cosmopolitan_french,catholic,False,4,4,iron,4,Moulins,True,0,Bourbon,190,bordeaux,2853.0,603.0
1001,Unowned,Unowned,Unowned,False,0,0,,0,LakeTurkana,False,0,LakeTurkana,1900,,3372.0,1341.0
1002,KON,kongolese,Unowned,False,2,2,copper,2,Sundi,True,0,LakeVolta,1901,kongo,3038.0,1476.0
1003,Unowned,Unowned,Unowned,False,0,0,,0,LakePoopo,False,0,LakePoopo,1902,,1759.0,1480.0
1004,Unowned,Unowned,Unowned,False,0,0,,0,LakeChamplain,False,0,LakeChamplain,1903,,1663.0,417.0
1005,Unowned,Unowned,Unowned,False,0,0,,0,LacSaintJean,False,0,LacSaintJean,1904,,1683.0,331.0
1006,Unowned,Unowned,Unowned,False,0,0,,0,LacManicouagan,False,0,LacManicouagan,1905,,1702.0,278.0
1007,Unowned,Unowned,Unowned,False,0,0,,0,LacMichikamau,False,0,LacMichikamau,1906,,1797.0,206.0
1008,Unowned,Unowned,Unowned,False,0,0,,0,LacBienville,False,0,LacBienville,1907,,1669.0,190.0
1009,Unowned,Unowned,Unowned,False,0,0,,0,LacAlEauClaire,False,0,LacAlEauClaire,1908,,1645.0,167.0
1010,Unowned,Unowned,Unowned,False,0,0,,0,LacMinto,False,0,LacMinto,1909,,1633.0,143.0
1011,NEV,burgundian,catholic,False,5,5,livestock,3,Nevers,True,0,Nevers,191,champagne,2860.0,584.0
1012,Unowned,Unowned,Unowned,False,0,0,,0,LaGrandeRiviere,False,0,LaGrandeRiviere,1910,,1609.0,219.0
1013,Unowned,Unowned,Unowned,False,0,0,,0,LakeIsland,False,0,LakeIsland,1911,,1333.0,214.0
1014,Unowned,Unowned,Unowned,False,0,0,,0,LakeReindeer,False,0,LakeReindeer,1912,,1205.0,144.0
1015,Unowned,Unowned,Unowned,False,0,0,,0,WollastonLake,False,0,WollastonLake,1913,,1196.0,125.0
1016,Unowned,Unowned,Unowned,False,0,0,,0,GreatSlaveLake,False,0,GreatSlaveLake,1914,,1038.0,37.0
1017,Unowned,Unowned,Unowned,False,0,0,,0,LakeAthabasca,False,0,LakeAthabasca,1915,,1093.0,104.0
1018,Unowned,Unowned,Unowned,False,0,0,,0,DubawniLake,False,0,DubawniLake,1916,,1189.0,77.0
1019,Unowned,Unowned,Unowned,False,0,0,,0,YathkyedLake,False,0,YathkyedLake,1917,,1279.0,26.0
1020,Unowned,Unowned,Unowned,False,0,0,,0,KasbaLake,False,0,KasbaLake,1918,,1222.0,74.0
1021,Unowned,Unowned,Unowned,False,0,0,,0,NueltinLake,False,0,NueltinLake,1919,,1258.0,82.0
1022,BUR,burgundian,catholic,False,7,7,wine,6,Dijon,True,2,Bourgogne,192,champagne,2884.0,583.0
1023,Unowned,Unowned,Unowned,False,0,0,,0,WholdaiaLake,False,0,WholdaiaLake,1920,,1185.0,71.0
1024,Unowned,Unowned,Unowned,False,0,0,,0,PeterPondLake,False,0,PeterPondLake,1921,,1115.0,173.0
1025,Unowned,Unowned,Unowned,False,0,0,,0,GreatSaltLake,False,0,GreatSaltLake,1922,,1050.0,483.0
1026,Unowned,Unowned,Unowned,False,0,0,,0,WillistonLake,False,0,WillistonLake,1923,,793.0,145.0
1027,Unowned,Unowned,Unowned,False,0,0,,0,GreenlandTip,False,0,GreenlandTip,1924,,2140.0,203.0
1028,Unowned,Unowned,Unowned,False,1,1,unknown,1,Tana,False,0,Tana,1925,african_great_lakes,3407.0,1414.0
1029,Unowned,Unowned,Unowned,False,0,0,,0,NorthernBalticSea,False,0,NorthernBalticSea,1926,baltic_sea,3137.0,344.0
1030,Unowned,Unowned,Unowned,False,0,0,,0,EasternBalticSea,False,0,EasternBalticSea,1927,,3105.0,405.0
1031,Unowned,Unowned,Unowned,False,0,0,,0,WesternAlandsSea,False,0,WesternAlandsSea,1928,,3102.0,293.0
1032,Unowned,Unowned,Unowned,False,0,0,,0,WesternNorwegianSea,False,0,WesternNorwegianSea,1929,north_sea,2914.0,231.0
1033,BUR,burgundian,catholic,True,3,4,salt,3,Besançon,True,0,Franche,193,champagne,2902.0,579.0
1034,SWE,swedish,catholic,False,1,1,fish,1,Mariehamn,True,0,Aland,1930,baltic_sea,3121.0,305.0
1035,EFR,frisian,catholic,False,2,2,salt,3,Emden,True,0,EastFrisia,1931,english_channel,2921.0,462.0
1036,Unowned,Unowned,Unowned,False,0,0,,0,GulfofSatalia,False,0,GulfofSatalia,1932,,3264.0,807.0
1037,NAP,neapolitan,catholic,False,3,3,wine,2,Bari,False,0,Bari,1933,venice,3065.0,705.0
1038,NAP,neapolitan,catholic,False,2,2,livestock,1,Potenza,True,0,Lucania,1934,genua,3058.0,713.0
1039,LIV,latvian,catholic,False,2,2,naval_supplies,2,Mitau,False,0,Semigallia,1935,baltic_sea,3185.0,386.0
1040,LIT,lithuanian,catholic,False,3,3,livestock,1,Kovno,True,0,Kovno,1936,baltic_sea,3170.0,436.0
1041,LIT,byelorussian,orthodox,False,2,2,livestock,1,Grodno,True,0,Grodno,1937,kiev,3179.0,461.0
1042,MAZ,polish,catholic,False,2,2,naval_supplies,1,Wizna,True,0,Wizna,1938,krakow,3142.0,470.0
1043,POL,polish,catholic,False,3,3,grain,1,Leczyca,True,0,Leczyca,1939,krakow,3112.0,494.0
1044,FRA,gascon,catholic,False,3,3,wine,3,Bergerac,True,0,Bergerac,194,bordeaux,2815.0,630.0
1045,MAZ,ruthenian,orthodox,False,4,3,livestock,2,Belz,True,0,Belz,1940,krakow,3181.0,521.0
1046,LIT,byelorussian,orthodox,False,1,1,wool,1,Turov,True,0,Turov,1941,kiev,3239.0,492.0
1047,LIT,ruthenian,orthodox,False,1,2,grain,1,Zhytomyr,True,0,Zhytomyr,1942,kiev,3258.0,524.0
1048,LIT,ruthenian,orthodox,False,2,3,livestock,2,Bratslav,True,0,Bratslav,1943,kiev,3269.0,565.0
1049,LIT,ruthenian,orthodox,False,1,1,livestock,1,Cherkasy,True,0,Cherkasy,1944,kiev,3304.0,548.0
1050,LIT,ryazanian,orthodox,False,1,2,iron,1,Novgorod-Seversky,True,0,Novgorod,1945,kiev,3338.0,486.0
1051,BAH,marathi,hinduism,False,3,3,naval_supplies,2,Satara,True,0,Desh,1946,deccan,3966.0,1119.0
1052,VIJ,tamil,hinduism,False,3,3,cloth,2,Gingee,True,0,Gingee,1947,comorin_cape,4040.0,1207.0
1053,BAH,kannada,hinduism,False,5,5,silk,3,Bidar,True,2,Bidar,1948,deccan,4009.0,1106.0
1054,VIJ,telegu,hinduism,False,3,3,cotton,2,Penukonda,True,0,Rayalaseema,1949,comorin_cape,4023.0,1172.0
1055,FRA,gascon,catholic,False,3,3,livestock,2,Limoges,True,0,Limousin,195,bordeaux,2833.0,626.0
1056,Unowned,Unowned,Unowned,False,0,0,,0,Meghalaya,False,0,Meghalaya,1950,,4237.0,981.0
1057,HUN,transylvanian,orthodox,False,3,3,iron,2,Hunyad,True,0,Hunyad,1951,pest,3165.0,606.0
1058,HUN,ruthenian,orthodox,False,2,2,naval_supplies,1,Huszt,True,0,Maramaros,1952,pest,3183.0,566.0
1059,HUN,hungarian,catholic,False,3,3,livestock,2,Debrecen,True,0,Szabolcs,1953,pest,3147.0,571.0
1060,HUN,hungarian,catholic,False,3,3,livestock,2,Nagybecskerek,True,0,Torontal,1954,pest,3134.0,618.0
1061,NOV,novgorodian,orthodox,False,2,2,fur,1,Kholmogory,True,2,Kholmogory,1955,white_sea,3450.0,198.0
1062,MOS,russian,orthodox,False,4,4,grain,3,Suzdal,True,0,Suzdal,1956,,3443.0,390.0
1063,MOS,russian,orthodox,False,4,0,salt,2,Galich,True,0,Galich,1957,kazan,3484.0,355.0
1064,NOV,novgorodian,orthodox,False,3,3,naval_supplies,1,Kargopol,True,0,Kargopol,1958,white_sea,3393.0,266.0
1065,NOV,novgorodian,orthodox,False,3,3,naval_supplies,1,Torzhok,True,0,Torzhok,1959,,3354.0,367.0
1066,FRA,occitain,catholic,False,5,5,wine,5,Toulouse,True,0,Toulouse,196,valencia,2832.0,655.0
1067,PSK,novgorodian,orthodox,False,2,2,naval_supplies,2,Ostrov,True,0,Ostrov,1960,,3256.0,380.0
1068,NOV,novgorodian,orthodox,False,4,4,fur,2,Ladoga,True,0,Ladoga,1961,,3312.0,314.0
1069,PRM,uralic,Unowned,False,1,1,fur,1,Kudymkar,True,0,Kudymkar,1962,kazan,3657.0,339.0
1070,PRM,uralic,Unowned,False,3,3,salt,2,Cherdyn,True,1,Cherdyn,1963,white_sea,3685.0,263.0
1071,PRM,uralic,orthodox,False,1,1,fur,1,Ust-Sysola,True,0,Ust,1964,white_sea,3629.0,273.0
1072,NOG,nogaybak,sunni,False,2,2,iron,2,Buzuluk,True,0,Buzuluk,1965,kazan,3619.0,471.0
1073,NOG,bashkir,sunni,False,3,3,fur,3,Chelyaba,True,0,Chelyaba,1966,kazan,3744.0,488.0
1074,TIM,uzbehk,sunni,False,2,2,silk,3,Khujand,True,0,Khujand,1967,samarkand,3884.0,738.0
1075,TIM,uzbehk,sunni,False,2,2,wool,3,Kulob,True,0,Kulob,1968,samarkand,3894.0,774.0
1076,SHY,khazak,sunni,False,1,1,salt,1,Sozak,True,0,Sozak,1969,samarkand,3871.0,664.0
1077,ARA,catalan,catholic,False,3,3,wine,2,Perpignan,True,0,Roussillon,197,valencia,2848.0,675.0
1078,SHY,khazak,sunni,False,2,2,livestock,2,Syghnak,True,0,Syghnak,1970,samarkand,3795.0,632.0
1079,GOL,mishary,sunni,False,3,3,livestock,2,Sary-Su,True,0,Tsaritsyn,1971,astrakhan,3488.0,541.0
1080,KAZ,uralic,Unowned,False,2,2,grain,2,Elabuga,True,0,Udmurtia,1972,kazan,3623.0,384.0
1081,TIM,uzbehk,sunni,False,4,4,grain,4,Urgench,True,0,Urgench,1973,samarkand,3756.0,684.0
1082,CRI,crimean,sunni,False,4,4,salt,2,Kherson,True,0,Yedishkul,1974,crimea,3331.0,594.0
1083,Unowned,Unowned,Unowned,False,0,0,,0,SeaofJutland,False,0,SeaofJutland,1975,north_sea,2844.0,396.0
1084,Unowned,Unowned,Unowned,False,0,0,,0,DeadSea,False,0,DeadSea,1976,,3359.0,881.0
1085,Unowned,Unowned,Unowned,False,0,0,,0,Malaren,False,0,Malaren,1977,,3073.0,325.0
1086,NOR,norwegian,catholic,False,1,1,fish,1,Lerwick,False,0,Shetlands,1978,north_sea,2787.0,303.0
1087,NOR,icelandic,catholic,False,1,1,fish,1,Torshavn,True,0,Faroes,1979,north_sea,2697.0,267.0
1088,FRA,occitain,catholic,False,3,3,livestock,2,Rodez,True,0,Rouergue,198,bordeaux,2849.0,643.0
1089,Unowned,Unowned,Unowned,False,0,0,,0,SeaofJapan,False,0,SeaofJapan,1980,,4955.0,742.0
1090,DAN,danish,catholic,False,1,1,fish,1,Ronne,True,0,Bornholm,1981,,3038.0,421.0
1091,DAN,danish,catholic,False,2,2,naval_supplies,1,Ronneby,True,0,Blekinge,1982,,3044.0,396.0
1092,DAN,danish,catholic,False,3,3,fish,2,Nykobing,True,0,Lolland,1983,,2985.0,431.0
1093,DAN,danish,catholic,False,3,3,fish,1,Aalborg,True,0,Nordjylland,1984,,2957.0,381.0
1094,SWE,swedish,catholic,False,2,2,iron,2,Örebro,True,0,Narke,1985,baltic_sea,3037.0,330.0
1095,Unowned,melanesian,animism,False,1,1,unknown,1,Nouméa,False,0,NewCaledonia,1986,polynesia_node,5388.0,1731.0
1096,Unowned,polynesian,animism,False,1,1,unknown,1,Papeete,False,0,SocietyIslands,1987,polynesia_node,436.0,1666.0
1097,Unowned,polynesian,animism,False,1,1,unknown,1,RapaNui,False,0,RapaNui,1988,polynesia_node,1055.0,1732.0
1098,TOG,polynesian,animism,False,3,3,naval_supplies,2,Mu'a,True,1,Tonga,1989,polynesia_node,67.0,1735.0
1099,FRA,occitain,catholic,False,4,4,iron,2,Clermont,True,0,Auvergne,199,bordeaux,2852.0,622.0
1100,Unowned,polynesian,animism,False,1,1,unknown,1,Funafuti,False,0,Tuvalu,1990,polynesia_node,5591.0,1522.0
1101,Unowned,polynesian,animism,False,1,1,unknown,1,Tarawa,False,0,GilbertIslands,1991,polynesia_node,5529.0,1384.0
1102,Unowned,polynesian,animism,False,1,1,unknown,1,Yaren,False,0,Nauru,1992,polynesia_node,5414.0,1447.0
1103,Unowned,polynesian,animism,False,1,1,unknown,1,Majuro,False,0,MasrshallIslands,1993,polynesia_node,5403.0,1241.0
1104,Unowned,polynesian,animism,False,1,1,unknown,1,Wake,False,0,Wake,1994,polynesia_node,5406.0,1083.0
1105,Unowned,polynesian,animism,False,1,1,unknown,1,Palikir,False,1,Micronesia,1995,polynesia_node,5167.0,1291.0
1106,Unowned,polynesian,animism,False,1,1,unknown,1,Ngerulmud,False,0,Palau,1996,polynesia_node,4952.0,1255.0
1107,Unowned,polynesian,animism,False,1,1,unknown,1,Midway,False,0,Midway,1997,polynesia_node,76.0,991.0
1108,Unowned,Unowned,Unowned,False,1,1,unknown,1,ChristmasIsland,False,0,ChristmasIsland,1998,comorin_cape,4457.0,1566.0
1109,Unowned,Unowned,Unowned,False,1,1,unknown,1,CocosIsland,False,0,CocosIsland,1999,comorin_cape,4308.0,1627.0
1110,SWE,swedish,catholic,False,2,2,grain,2,Linköping,False,0,Ostergotland,2,baltic_sea,3050.0,349.0
1111,NOR,norwegian,catholic,False,3,3,fish,2,Trondheim,True,1,Trondelag,20,north_sea,2981.0,210.0
1112,FRA,occitain,catholic,False,6,5,cloth,5,Montpellier,True,0,Languedoc,200,valencia,2867.0,651.0
1113,Unowned,Unowned,Unowned,False,0,0,,0,QinghaiLake,False,0,QinghaiLake,2000,,4369.0,778.0
1114,Unowned,Unowned,Unowned,False,0,0,,0,SilingLake,False,0,SilingLake,2001,,4176.0,871.0
1115,SPA,cara,animism,False,1,1,unknown,1,GalapagosIslands,True,0,GalapagosIslands,2002,lima,1393.0,1208.0
1116,GBR,shoshone,totemism,False,1,2,unknown,1,Ktunaxa,True,0,Ktunaxa,2003,california,969.0,297.0
1117,BLA,blackfoot,totemism,False,1,1,fur,1,Niitsitapi,True,0,Niitsitapi,2004,james_bay,1064.0,298.0
1118,Unowned,blackfoot,totemism,False,1,1,unknown,1,Asinaan,False,0,Asinaan,2005,james_bay,1167.0,302.0
1119,---,blackfoot,totemism,False,1,1,fur,1,Apsáalooke,False,0,Apsaalooke,2006,james_bay,1125.0,376.0
1120,LAK,pawnee,totemism,False,1,1,unknown,1,Arikara,True,0,Arikara,2007,mississippi_river,1247.0,419.0
1121,LAK,dakota,totemism,False,1,1,unknown,1,Lakota,False,0,Yankton,2008,mississippi_river,1217.0,424.0
1122,Unowned,Unowned,totemism,False,1,1,unknown,1,Teton,False,0,Teton,2009,mississippi_river,1217.0,467.0
1123,PRO,occitain,catholic,False,7,7,wine,6,Aix-en-Provence,True,1,Provence,201,genua,2885.0,655.0
1124,PEQ,pequot,totemism,False,2,2,fish,2,Connecticut,True,0,Connecticut,2010,chesapeake_bay,1673.0,472.0
1125,GBR,powhatan,totemism,False,2,2,unknown,1,Manahoac,True,0,Shenandoah,2011,chesapeake_bay,1578.0,534.0
1126,Unowned,abenaki,totemism,False,2,2,unknown,2,Arsigantegok,False,0,Arsigantegok,2012,st_lawrence,1689.0,396.0
1127,ENG,abenaki,totemism,False,4,3,unknown,3,Kennebec,True,0,Kennebec,2013,st_lawrence,1715.0,428.0
1128,NTC,caddo,totemism,False,2,2,unknown,1,Natchitoches,True,0,Natchitoches,2014,mississippi_river,1358.0,655.0
1129,---,anishinabe,totemism,False,1,1,fur,1,Nipigon,False,0,Nipigon,2015,ohio,1459.0,328.0
1130,ASI,nakota,totemism,False,1,1,fur,1,Bungi,True,0,Bungi,2016,james_bay,1288.0,365.0
1131,GBR,chipewyan,totemism,False,1,1,unknown,1,Nehiyawewin,True,0,Nehiyawewin,2017,james_bay,1049.0,230.0
1132,GBR,athabascan,totemism,False,1,1,unknown,1,Tsuutina,True,0,Tsuutina,2018,james_bay,999.0,247.0
1133,Unowned,chinook,totemism,False,1,1,unknown,1,Nimiipu,False,0,Nimiipu,2019,california,993.0,403.0
1134,PAP,occitain,catholic,False,4,3,cloth,4,Avignon,True,0,Avignon,202,genua,2885.0,645.0
1135,SHO,shoshone,totemism,False,1,1,fur,1,Bannock,True,0,Bannock,2020,california,1057.0,432.0
1136,Unowned,yokuts,totemism,False,1,2,unknown,1,Miwok,False,0,Miwok,2021,california,902.0,536.0
1137,HDA,haida,totemism,False,1,1,fish,1,Haida,True,0,Haida,2022,california,745.0,242.0
1138,GBR,delaware,totemism,False,2,2,unknown,2,Munsee,False,0,Munsee,2023,chesapeake_bay,1629.0,481.0
1139,MRE,somali,sunni,False,1,1,fish,1,Garoowe,True,0,Ajuuran,2024,gulf_of_aden,3571.0,1270.0
1140,Unowned,Unowned,Unowned,False,1,1,unknown,1,SouthGeorgia,False,0,SouthGeorgia,2025,laplata,2229.0,2014.0
1141,VIJ,tamil,hinduism,False,4,4,cloth,2,Thanjavur,True,2,Tanjore,2026,comorin_cape,4038.0,1232.0
1142,KRK,tamil,hinduism,False,3,3,iron,2,Arcot,True,0,Arcot,2027,comorin_cape,4038.0,1193.0
1143,BAH,telegu,hinduism,False,2,2,tropical_wood,1,Mahur,True,0,Mahur,2028,deccan,4032.0,1084.0
1144,VIJ,kannada,hinduism,False,3,3,tropical_wood,2,Mangalore,True,0,SouthKanara,2029,comorin_cape,3983.0,1198.0
1145,FRA,occitain,catholic,False,6,6,,6,Lyon,True,2,Lyonnais,203,champagne,2881.0,616.0
1146,BAH,marathi,hinduism,False,4,4,spices,1,Goa,True,2,Goa,2030,comorin_cape,3961.0,1151.0
1147,VIJ,kannada,hinduism,False,3,3,grain,2,Devarayanagara,True,0,Morasanadu,2031,comorin_cape,4021.0,1190.0
1148,VIJ,kannada,hinduism,False,2,2,coffee,2,Ikkeri,True,0,Malenadu,2032,comorin_cape,3985.0,1177.0
1149,BAH,kannada,hinduism,False,4,4,cotton,3,Dharwar,True,0,Savanaur,2033,deccan,3979.0,1155.0
1150,BAH,marathi,hinduism,False,4,4,,3,Pune,True,0,Pune,2034,deccan,3964.0,1102.0
1151,BAH,kannada,hinduism,False,4,4,grain,1,Gulbarga,True,0,Gulbarga,2035,deccan,4009.0,1125.0
1152,BGA,marathi,hinduism,False,2,2,,2,Mayuragiri,True,0,Baglana,2036,gujarat,3963.0,1060.0
1153,BAH,telegu,hinduism,False,2,2,cotton,2,Warangal,True,0,Warangal,2037,deccan,4051.0,1109.0
1154,ORI,bengali,hinduism,False,4,4,,3,Midnapore,True,0,Midnapore,2038,ganges_delta,4169.0,1038.0
1155,BNG,bengali,hinduism,False,1,1,,1,Bagerhat,True,0,Sunderbans,2039,ganges_delta,4209.0,1035.0
1156,FRA,occitain,catholic,False,4,3,wool,3,Grenoble,True,0,Dauphine,204,champagne,2893.0,628.0
1157,SDY,assamese,hinduism,False,2,2,tea,2,Sadiya,True,0,Sadiya,2040,burma,4298.0,943.0
1158,MLB,chin,animism,False,2,2,cloth,1,Imphal,True,0,Manipur,2041,burma,4274.0,999.0
1159,KMT,assamese,hinduism,False,2,2,cotton,2,Gauhauti,True,0,KochHajo,2042,burma,4223.0,966.0
1160,ORI,oriya,hinduism,False,4,4,cloth,2,Balasore,True,0,Balasore,2043,ganges_delta,4155.0,1051.0
1161,BNG,bengali,hinduism,False,3,3,silk,2,Bhagalpur,True,0,Bhagalpur,2044,ganges_delta,4166.0,985.0
1162,BNG,kochi,hinduism,False,4,4,cloth,2,Rangpur,True,0,Barind,2045,ganges_delta,4194.0,976.0
1163,BNG,bengali,hinduism,False,3,3,cotton,2,Nasirabad,True,0,Nasirabad,2046,ganges_delta,4213.0,986.0
1164,TRT,bihari,hinduism,False,5,5,dyes,3,Sugauna,True,1,Tirhut,2047,ganges_delta,4148.0,964.0
1165,JPR,garjati,hinduism,False,1,1,tropical_wood,1,Jeypore,True,0,Garjat,2048,ganges_delta,4096.0,1093.0
1166,GRJ,garjati,hinduism,False,2,2,grain,1,Khurda,True,0,Khurda,2049,ganges_delta,4134.0,1061.0
1167,SAV,occitain,catholic,True,6,6,cloth,3,Chambéry,True,0,Savoie,205,champagne,2905.0,617.0
1168,CHD,gondi,hinduism,False,2,1,tropical_wood,2,Ballarsah,True,0,Chanda,2050,deccan,4052.0,1084.0
1169,PTL,saurashtri,hinduism,False,3,3,salt,2,Bhavnagar,True,0,Bhavnagar,2051,gujarat,3925.0,1048.0
1170,KAT,saurashtri,hinduism,False,2,2,gems,1,Nagnes,True,0,Navanagar,2052,gujarat,3896.0,1032.0
1171,GUJ,gujarati,hinduism,False,3,3,cloth,1,Patan,True,0,Patan,2053,gujarat,3931.0,1006.0
1172,GUJ,gujarati,hinduism,False,5,5,paper,1,Ahmadabad,True,0,Ahmadabad,2054,gujarat,3939.0,1023.0
1173,JNP,bihari,hinduism,False,3,3,grain,2,Gorakhpur,True,0,Gorakhpur,2055,doab,4104.0,960.0
1174,CMP,gujarati,hinduism,False,2,2,wool,2,Champaner,True,0,RewaKantha,2056,deccan,3967.0,1030.0
1175,MLW,malvi,hinduism,False,4,4,cloth,2,Bhelsa,True,0,Bhelsa,2057,deccan,4023.0,1019.0
1176,MER,rajput,hinduism,False,3,3,,3,Kotharia,True,0,Mewar,2058,gujarat,3957.0,996.0
1177,KLP,vindhyan,hinduism,False,4,4,,1,Kalpi,True,0,Kalpi,2059,doab,4047.0,976.0
1178,SPA,galician,catholic,False,3,2,fish,2,Corunna,True,0,Galicia,206,sevilla,2672.0,664.0
1179,DLH,kanauji,hinduism,False,6,6,cloth,4,Meerut,True,0,UpperDoab,2060,doab,4020.0,913.0
1180,DLH,kanauji,hinduism,False,3,3,,2,Badayun,True,0,Katehar,2061,doab,4039.0,918.0
1181,MUL,kanauji,hinduism,False,5,5,cotton,3,Panipat,True,0,Panipat,2062,doab,4008.0,910.0
1182,DLH,kanauji,hinduism,False,5,5,dyes,3,Etawah,True,0,Etawah,2063,doab,4051.0,961.0
1183,DHU,rajput,hinduism,False,2,2,,1,Sikar,True,0,Shekhawati,2064,doab,3984.0,941.0
1184,MUL,rajput,hinduism,False,3,2,livestock,2,Hisar,True,0,Bhattiana,2065,lahore,3990.0,920.0
1185,NGA,rajput,hinduism,False,2,2,livestock,1,Nagaur,True,0,Nagaur,2066,gujarat,3964.0,946.0
1186,MAW,rajput,hinduism,False,3,3,cotton,3,Jalor,True,0,Gorwar,2067,gujarat,3945.0,983.0
1187,BAL,baluchi,sunni,False,1,1,wool,1,Siwi,True,0,Siwistan,2068,lahore,3876.0,923.0
1188,KMN,pahari,hinduism,False,1,1,naval_supplies,1,Champawat,True,0,Kumaon,2069,doab,4047.0,911.0
1189,SPA,leonese,catholic,False,4,4,livestock,3,Oviedo,True,0,Asturias,207,sevilla,2714.0,661.0
1190,GRK,nepali,hinduism,False,3,3,naval_supplies,2,Ghurka,True,0,ChaubisiRajya,2070,lhasa,4122.0,924.0
1191,LWA,nepali,vajrayana,False,2,1,wool,1,Phedap,True,0,Limbuwan,2071,lhasa,4160.0,933.0
1192,SND,sindhi,sunni,False,2,2,cotton,2,Bhakkar,True,0,Bhakkar,2072,gujarat,3877.0,937.0
1193,LDK,Unowned,buddhism,False,1,1,wool,1,Skardu,True,0,Baltistan,2073,lahore,3962.0,805.0
1194,LDK,tibetan,vajrayana,False,1,1,wool,1,Leh,True,0,Ladakh,2074,lahore,4015.0,833.0
1195,SRH,panjabi,hinduism,False,7,7,dyes,2,Jalandhar,True,0,Doaba,2075,lahore,3989.0,876.0
1196,SRH,panjabi,hinduism,False,4,4,paper,2,Sialkot,True,0,Sialkot,2076,lahore,3966.0,866.0
1197,MUL,panjabi,hinduism,False,3,3,iron,1,Rawalpindi,True,0,Margalla,2077,lahore,3942.0,839.0
1198,MUL,panjabi,sunni,False,2,2,livestock,1,Bannu,True,0,SindSagar,2078,lahore,3918.0,860.0
1199,MUL,panjabi,sunni,False,3,3,wool,1,Derajat,True,0,Derajat,2079,lahore,3901.0,910.0
1200,SPA,leonese,catholic,False,4,4,livestock,2,León,True,1,Leon,208,sevilla,2711.0,674.0
1201,ORI,oriya,hinduism,False,2,2,sugar,1,Srikakulam,True,0,Srikakulam,2080,comorin_cape,4114.0,1097.0
1202,BNG,bengali,hinduism,False,3,3,naval_supplies,2,Lakhnor,True,0,Lakhnor,2081,ganges_delta,4170.0,1009.0
1203,RTT,gondi,hinduism,False,3,3,grain,1,Raipur,True,0,Raipur,2082,ganges_delta,4078.0,1056.0
1204,VIJ,telegu,hinduism,False,2,4,cotton,2,Udayagiri,True,0,Kosta,2083,comorin_cape,4041.0,1162.0
1205,YOR,telegu,hinduism,False,3,5,cloth,3,Rajahmundry,True,0,Konaseema,2084,comorin_cape,4082.0,1126.0
1206,MAD,tamil,hinduism,False,3,3,,2,Tiruchirapalli,True,0,Tiruchirapalli,2085,comorin_cape,4029.0,1227.0
1207,MUL,panjabi,sunni,False,2,2,livestock,1,Uch,True,0,Cholistan,2086,lahore,3914.0,929.0
1208,MER,rajput,hinduism,False,3,3,salt,2,Ajmer,True,1,Ajmer,2087,gujarat,3974.0,971.0
1209,SND,sindhi,sunni,False,1,1,wool,1,Umarkot,True,0,Umarkot,2088,gujarat,3896.0,983.0
1210,BAH,marathi,hinduism,False,4,4,cloth,2,Chaul,True,2,Chaul,2089,gujarat,3949.0,1105.0
1211,SPA,basque,catholic,False,2,2,iron,2,Bilbao,True,0,Vizcaya,209,bordeaux,2766.0,666.0
1212,VIJ,telegu,hinduism,False,2,2,iron,1,Srisailam,True,0,Kurnool,2090,comorin_cape,4037.0,1146.0
1213,TPR,chin,hinduism,False,1,1,tropical_wood,1,Udaipur,True,0,Tripura,2091,burma,4253.0,1013.0
1214,GDW,gondi,hinduism,False,1,1,tropical_wood,1,Kherla,True,0,Mahadeo,2092,deccan,4028.0,1042.0
1215,MLW,malvi,hinduism,False,3,3,,2,Mandsaur,True,0,Mandsaur,2093,deccan,3979.0,1015.0
1216,JNP,avadhi,hinduism,False,4,3,cotton,2,Bahreich,True,0,Bahreich,2094,doab,4087.0,940.0
1217,JNP,bihari,hinduism,False,4,4,silk,2,Varanasi,True,0,Varanasi,2095,doab,4105.0,991.0
1218,BNG,jharkhandi,hinduism,False,1,1,ivory,1,Deogarh,True,0,Damin,2096,ganges_delta,4160.0,1002.0
1219,BGL,vindhyan,hinduism,False,2,2,naval_supplies,1,Batgahora,True,0,Bagelkhand,2097,doab,4079.0,1001.0
1220,NGP,jharkhandi,hinduism,False,1,1,cotton,1,Surguja,True,0,Surguja,2098,doab,4102.0,1017.0
1221,KND,sinhala,buddhism,False,3,3,gems,1,Gampala,True,0,Kandy,2099,comorin_cape,4067.0,1284.0
1222,NOR,norwegian,catholic,False,2,2,fish,1,Steig,True,0,Halogaland,21,north_sea,3060.0,124.0
1223,SPA,basque,catholic,False,3,2,iron,2,Pamplona,True,0,Navarra,210,bordeaux,2782.0,675.0
1224,JFN,tamil,hinduism,False,2,3,gems,1,Yapapatuna,True,0,Vanni,2100,comorin_cape,4060.0,1257.0
1225,MAD,tamil,hinduism,False,3,3,,2,Tirunelveli,True,0,Tirunelveli,2101,comorin_cape,4020.0,1257.0
1226,SOL,evenk,tengri_pagan_reformed,False,2,2,fur,1,Urkan,True,0,Urkan,2102,girin,4763.0,435.0
1227,SOL,evenk,tengri_pagan_reformed,False,1,1,fur,1,Udi,True,0,Udi,2103,girin,4882.0,447.0
1228,MYR,manchu,tengri_pagan_reformed,False,1,1,fur,1,Niuman,True,0,Birija,2104,girin,4841.0,548.0
1229,EJZ,manchu,tengri_pagan_reformed,False,2,1,naval_supplies,1,Kuru,True,0,Kuru,2105,girin,4898.0,541.0
1230,MJZ,manchu,tengri_pagan_reformed,False,5,5,naval_supplies,5,Furdan,True,1,Furdan,2106,girin,4865.0,651.0
1231,MJZ,manchu,confucianism,False,3,2,iron,2,Ningguta,True,0,Ningguta,2107,girin,4823.0,633.0
1232,MJZ,manchu,confucianism,False,5,5,naval_supplies,5,Huncun,True,0,Huncun,2108,girin,4836.0,660.0
1233,KRC,chahar,vajrayana,False,3,3,iron,3,Boduna,True,0,Boduna,2109,girin,4752.0,637.0
1234,SPA,aragonese,catholic,False,3,2,wool,2,Huesca,True,0,Pirineo,211,valencia,2803.0,681.0
1235,MHX,manchu,confucianism,False,3,3,fur,3,Yehe,True,0,Yehe,2110,girin,4752.0,662.0
1236,MJZ,manchu,confucianism,False,4,4,iron,5,HetuAla,True,0,HetuAla,2111,girin,4763.0,696.0
1237,MNG,manchu,confucianism,False,2,2,grain,1,Andong,True,0,Andong,2112,beijing,4745.0,705.0
1238,MNG,shandong_culture,confucianism,False,3,3,fish,1,Gaizhou,True,0,Gaizhou,2113,beijing,4720.0,726.0
1239,KHA,mongol,vajrayana,False,2,2,livestock,3,Ereen,True,0,Ereen,2114,beijing,4578.0,651.0
1240,KHA,mongol,vajrayana,False,2,2,livestock,3,Chahar,True,0,Chahar,2115,girin,4640.0,669.0
1241,KHA,khalkha,tengri_pagan_reformed,False,2,2,fur,3,IhHuree,True,0,IhHuree,2116,yumen,4479.0,570.0
1242,OIR,khalkha,tengri_pagan_reformed,False,1,1,livestock,2,Zasagt,True,0,Zasagt,2117,yumen,4318.0,629.0
1243,OIR,oirats,sunni,False,1,1,salt,1,Urzhar,True,0,Urzhar,2118,yumen,4065.0,592.0
1244,OIR,oirats,sunni,False,1,1,fur,2,Chugachak,True,0,Chuguchak,2119,yumen,4116.0,608.0
1245,FRA,catalan,catholic,False,3,3,fish,3,Girona,False,0,Girona,212,valencia,2845.0,685.0
1246,CHG,uyghur,sunni,False,2,2,grain,3,Ili,True,0,Ili,2120,yumen,4083.0,652.0
1247,KAS,uyghur,sunni,False,2,2,gold,3,Kuqa,True,0,Kuqa,2121,yumen,4103.0,714.0
1248,HMI,oirats,vajrayana,False,3,2,grain,3,Hami,True,0,Hami,2122,yumen,4275.0,683.0
1249,CHG,oirats,vajrayana,False,1,1,livestock,2,Qakilik,True,0,Qakilik,2123,yumen,4207.0,732.0
1250,KAS,uyghur,sunni,False,3,2,wool,2,Yarkant,True,1,Yarkand,2124,samarkand,4014.0,780.0
1251,CHG,kirgiz,sunni,False,2,2,wool,3,Kochkor,True,0,Kochkor,2125,samarkand,4003.0,702.0
1252,CHG,kirgiz,sunni,False,1,1,wool,2,Chuy,True,0,Chuy,2126,samarkand,3967.0,675.0
1253,KAS,uzbehk,shiite,False,1,1,livestock,2,Yashilkul,True,0,Yashilkul,2127,samarkand,3950.0,761.0
1254,GUG,tibetan,vajrayana,False,1,1,gold,1,Ngari,True,0,Ngari,2128,lhasa,4061.0,875.0
1255,Unowned,Unowned,Unowned,False,0,0,,0,Changtang,False,0,Changtang,2129,lhasa,4149.0,848.0
1256,SPA,catalan,catholic,False,6,5,glass,3,Barcelona,True,1,Barcelona,213,valencia,2833.0,695.0
1257,UTS,tibetan,vajrayana,False,1,1,grain,2,Nyingchi,True,0,Nyingchi,2130,lhasa,4290.0,890.0
1258,KAM,tibetan,vajrayana,False,1,1,spices,2,Qamdo,True,0,Qamdo,2131,chengdu,4337.0,876.0
1259,KAM,tibetan,vajrayana,False,1,1,livestock,2,Markam,True,0,Markam,2132,chengdu,4332.0,911.0
1260,KAM,tibetan,vajrayana,False,1,1,wool,2,Dege,True,1,Dege,2133,chengdu,4360.0,851.0
1261,KAM,tibetan,vajrayana,False,1,1,livestock,2,Rebgong,True,0,Rebgong,2134,lhasa,4318.0,803.0
1262,KAM,tibetan,vajrayana,False,1,1,grain,2,Garze,True,0,Garze,2135,chengdu,4391.0,867.0
1263,MNG,jin,confucianism,False,3,3,grain,2,Xuanhua,True,0,Xuanhua,2136,beijing,4604.0,705.0
1264,MNG,chihan,confucianism,False,3,3,grain,2,Daming,True,0,Daming,2137,beijing,4596.0,791.0
1265,MNG,shandong_culture,confucianism,False,4,4,grain,3,Wuding,True,0,Wuding,2138,beijing,4646.0,769.0
1266,MNG,shandong_culture,confucianism,False,3,3,fish,2,Laizhou,True,1,Laizhou,2139,beijing,4692.0,781.0
1267,SPA,aragonese,catholic,False,5,5,cloth,3,Zaragoza,True,1,Aragon,214,valencia,2801.0,696.0
1268,MNG,zhongyuan,confucianism,False,3,3,grain,3,Yanzhou,True,0,Yanzhou,2140,beijing,4632.0,801.0
1269,MNG,zhongyuan,confucianism,False,6,6,iron,3,Xuzhou,True,0,Xuzhou,2141,hangzhou,4637.0,827.0
1270,MNG,jianghuai,confucianism,False,2,2,fish,2,Huai'an,True,0,Huai'an,2142,hangzhou,4669.0,835.0
1271,MNG,zhongyuan,confucianism,False,2,1,silk,1,Fengyang,True,0,Fengyang,2143,hangzhou,4642.0,847.0
1272,MNG,zhongyuan,confucianism,False,2,2,grain,1,Fuyang,True,0,Fuyang,2144,hangzhou,4614.0,850.0
1273,MNG,jianghuai,confucianism,False,5,5,naval_supplies,2,Zhenjiang,True,0,Zhenjiang,2145,hangzhou,4678.0,870.0
1274,MNG,wu,confucianism,False,3,3,paper,3,Ningguo,True,0,Ningguo,2146,hangzhou,4661.0,890.0
1275,MNG,wu,confucianism,False,5,4,paper,3,Huizhou,True,0,Huizhou,2147,hangzhou,4647.0,906.0
1276,MNG,wu,confucianism,False,6,6,paper,2,Shaoxin,True,0,Shaoxin,2148,hangzhou,4683.0,910.0
1277,MNG,wu,confucianism,False,6,7,naval_supplies,3,Ningbo,True,1,Ningbo,2149,hangzhou,4701.0,911.0
1278,SPA,castillian,catholic,False,3,3,cloth,2,Valladolid,True,0,CastillaLaVieja,215,sevilla,2731.0,696.0
1279,MNG,wu,confucianism,False,3,3,grain,2,Jinhua,True,0,Jinhua,2150,hangzhou,4666.0,929.0
1280,MNG,gan,confucianism,False,3,3,chinaware,2,Poyang,True,0,Poyang,2151,hangzhou,4638.0,926.0
1281,MNG,chimin,confucianism,False,2,2,tea,2,Jianning,True,0,Jianning,2152,hangzhou,4646.0,955.0
1282,MNG,hakka,confucianism,False,2,2,paper,1,Tingzhou,True,0,Tingzhou,2153,hangzhou,4631.0,979.0
1283,Unowned,polynesian,animism,False,2,2,unknown,1,Kelang,False,0,Kelang,2154,canton,4698.0,994.0
1284,Unowned,polynesian,animism,False,2,2,unknown,3,Middag,False,0,Middag,2155,canton,4695.0,1012.0
1285,MNG,chimin,confucianism,False,6,6,chinaware,2,Chaochow,True,0,Chaochow,2156,canton,4622.0,1008.0
1286,MNG,hakka,confucianism,False,7,7,grain,3,Waichow,True,0,Waichow,2157,canton,4601.0,1012.0
1287,MNG,hakka,confucianism,False,4,4,iron,2,Shiukwan,True,0,Shiukwan,2158,canton,4576.0,997.0
1288,MNG,chimin,confucianism,False,3,3,sugar,2,Leichow,True,0,Leichow,2159,canton,4533.0,1050.0
1289,SPA,leonese,catholic,False,4,4,livestock,4,Salamanca,True,0,Salamanca,216,sevilla,2711.0,708.0
1290,MNG,chimin,confucianism,False,1,1,incense,1,Ngaichow,True,0,Ngaichow,2160,canton,4517.0,1090.0
1291,MNG,cantonese,confucianism,False,3,2,incense,2,Limchow,True,0,Limchow,2161,canton,4505.0,1039.0
1292,MNG,cantonese,confucianism,False,1,1,copper,2,Ngchow,True,0,Wuchow,2162,canton,4531.0,1025.0
1293,MNG,zhuang,confucianism,False,3,3,salt,2,Liuzhou,True,0,Liuzhou,2163,canton,4497.0,996.0
1294,MNG,zhuang,confucianism,False,1,1,grain,2,Namning,True,0,Namnig,2164,canton,4493.0,1025.0
1295,MNG,bai,buddhism,False,2,2,tea,2,Pu'er,True,0,Pu'er,2165,chengdu,4384.0,1016.0
1296,MMA,shan,buddhism,False,1,1,tropical_wood,2,Dehong,True,0,Dehong,2166,chengdu,4352.0,1008.0
1297,MNG,bai,buddhism,False,1,1,tea,1,Lijiang,True,0,Lijiang,2167,chengdu,4366.0,944.0
1298,MNG,yi,animism,False,2,2,grain,2,Bozhou,True,0,Bozhou,2168,chengdu,4466.0,934.0
1299,MNG,sichuanese,confucianism,False,2,2,grain,1,Langzhong,True,0,Langzhong,2169,chengdu,4460.0,875.0
1300,SPA,castillian,catholic,False,5,5,cloth,5,Madrid,False,0,Madrid,217,sevilla,2749.0,712.0
1301,MNG,tibetan,vajrayana,False,1,1,livestock,1,Songqu,True,0,Songqu,2170,chengdu,4419.0,854.0
1302,MNG,hubei,confucianism,False,4,4,,3,Xiangyang,True,0,Xiangyang,2171,xian,4546.0,864.0
1303,MNG,hubei,confucianism,False,3,3,grain,2,Jingzhou,True,0,Jingzhou,2172,xian,4560.0,894.0
1304,MNG,miao,animism,False,3,3,tea,2,Yuanling,True,0,Yuanling,2173,canton,4532.0,948.0
1305,MNG,xiang,animism,False,3,3,gold,3,Hengyang,True,0,Hengyang,2174,canton,4561.0,971.0
1306,MNG,zhongyuan,confucianism,False,3,3,cloth,2,Runing,True,0,Runing,2175,xian,4598.0,858.0
1307,MNG,zhongyuan,confucianism,False,5,5,cloth,2,Shangqiu,True,0,Shangqiu,2176,xian,4606.0,832.0
1308,MNG,jin,confucianism,False,1,1,grain,2,Ningwu,True,0,Ningwu,2177,beijing,4560.0,750.0
1309,MNG,jin,confucianism,False,3,2,iron,2,Lu'an,True,0,Lu'an,2178,beijing,4569.0,786.0
1310,MNG,jin,confucianism,False,3,3,grain,2,Yan'an,True,0,Yan'an,2179,xian,4512.0,778.0
1311,SPA,andalucian,catholic,False,3,3,grain,2,Badajoz,True,0,Badajoz,218,sevilla,2705.0,751.0
1312,MNG,xibei,confucianism,False,2,2,grain,1,Tianshui,True,0,Tianshui,2180,xian,4456.0,822.0
1313,MNG,xibei,confucianism,False,2,2,livestock,2,Pingliang,True,0,Pingliang,2181,xian,4475.0,795.0
1314,MNG,xibei,confucianism,False,3,3,livestock,2,Liangzhou,True,0,Liangzhou,2182,yumen,4404.0,766.0
1315,MNG,tibetan,vajrayana,False,2,2,chinaware,2,Taozhou,True,0,Taozhou,2183,xian,4428.0,833.0
1316,MNG,xibei,vajrayana,False,3,3,salt,2,Xining,True,0,Xining,2184,yumen,4393.0,785.0
1317,MYR,manchu,tengri_pagan_reformed,False,4,4,naval_supplies,2,Mergen,True,0,Mergen,2185,girin,4772.0,535.0
1318,NHX,manchu,tengri_pagan_reformed,False,3,2,naval_supplies,2,Iman,True,0,Iman,2186,girin,4888.0,636.0
1319,KRC,chahar,tengri_pagan_reformed,False,2,2,livestock,3,Sartu,True,0,Sartu,2187,girin,4750.0,603.0
1320,MHX,manchu,tengri_pagan_reformed,False,4,4,grain,3,Alchuka,True,0,Alchuka,2188,girin,4784.0,625.0
1321,OIR,khalkha,tengri_pagan_reformed,False,2,2,fur,2,Tsetserleg,True,0,Tsetserleg,2189,yumen,4371.0,552.0
1322,SPA,castillian,catholic,False,5,5,iron,4,Toledo,True,1,Toledo,219,sevilla,2745.0,730.0
1323,OIR,khalkha,tengri_pagan_reformed,False,2,1,livestock,2,Qaraqorum,True,0,Qaraqorum,2190,yumen,4363.0,602.0
1324,OIR,oirats,vajrayana,False,1,1,livestock,2,Ejin,True,0,Ejin,2191,xian,4364.0,694.0
1325,KAS,uyghur,vajrayana,False,1,1,grain,2,Korla,True,0,Korla,2192,yumen,4157.0,714.0
1326,OIR,khalkha,tengri_pagan_reformed,False,1,1,livestock,1,Govi,True,0,Govi,2193,yumen,4369.0,646.0
1327,Unowned,Unowned,Unowned,False,0,0,,0,Kunlun,False,0,Kunlun,2194,yumen,4318.0,746.0
1328,CIR,circassian,orthodox,False,2,2,livestock,2,Sochi,True,0,Adyghe,2195,crimea,3415.0,642.0
1329,GEO,georgian,orthodox,False,3,3,fish,2,Batumi,True,0,Guria,2196,crimea,3461.0,697.0
1330,CIR,circassian,orthodox,False,1,1,wool,2,Nalchik,True,0,Kabardia,2197,crimea,3481.0,651.0
1331,AVR,dagestani,sunni,False,2,2,livestock,3,Khunzah,True,0,Khundzia,2198,astrakhan,3526.0,671.0
1332,GAZ,dagestani,sunni,False,2,2,fish,3,Tarku,True,0,Tarki,2199,astrakhan,3546.0,662.0
1333,NOR,norwegian,catholic,False,1,1,naval_supplies,1,Hamar,True,0,Eisdiva,22,,2976.0,277.0
1334,SPA,catalan,catholic,False,6,5,cloth,4,València,True,2,Valencia,220,valencia,2798.0,726.0
1335,Unowned,Unowned,Unowned,False,0,0,,0,SuleimanRange,False,0,SuleimanRange,2200,lahore,3892.0,876.0
1336,CIR,circassian,orthodox,False,1,1,wool,1,Dzaudzhikau,True,0,Alania,2201,crimea,3500.0,665.0
1337,MLK,armenian,coptic,False,3,3,livestock,3,Khankendi,True,0,Melikates,2202,persia,3540.0,729.0
1338,GEO,georgian,orthodox,False,3,3,wine,3,Telavi,True,0,Kahketi,2203,crimea,3517.0,691.0
1339,SME,georgian,orthodox,False,3,3,wine,2,Akhaltsikhe,True,0,Kars,2204,crimea,3481.0,709.0
1340,TIM,armenian,coptic,False,2,2,wine,2,Nakhchevani,True,0,Nakhchivan,2205,persia,3519.0,734.0
1341,QAR,kurdish,sunni,False,3,3,wine,2,Urmiyeh,True,0,Urmia,2206,persia,3509.0,773.0
1342,QAR,azerbaijani,shiite,False,2,2,wool,2,Marageh,True,0,Maragheh,2207,persia,3525.0,785.0
1343,GOL,dagestani,sunni,False,3,3,livestock,3,Mozdok,True,0,Terek,2208,astrakhan,3518.0,645.0
1344,TIM,kurdish,shiite,False,2,2,wool,1,Ilam,True,0,Ilam,2209,basra,3539.0,834.0
1345,SPA,andalucian,catholic,False,4,3,grain,3,Cartagena,True,0,Murcia,221,sevilla,2782.0,760.0
1346,TIM,luri,sunni,False,2,2,cloth,1,Kirmanshah,True,0,Kirmanshah,2210,basra,3550.0,829.0
1347,ARD,kurdish,sunni,False,3,3,cloth,1,Sanandaj,True,0,Ardalan,2211,basra,3535.0,810.0
1348,TIM,azerbaijani,sunni,False,3,3,spices,1,Zanjan,True,0,Zanjan,2212,persia,3559.0,790.0
1349,TIM,persian,shiite,False,3,3,cloth,2,Qom,True,0,Markazi,2213,persia,3609.0,826.0
1350,BUK,mazandarani,shiite,False,2,2,tea,3,Asatarabad,True,0,Golestan,2214,persia,3665.0,774.0
1351,TIM,azerbaijani,sunni,False,3,3,silk,2,Qazvin,True,0,Qazvin,2215,persia,3584.0,797.0
1352,TIM,persian,sunni,False,2,2,,2,Semnan,True,0,Semnan,2216,persia,3641.0,825.0
1353,LRI,luri,shiite,False,1,1,cloth,1,Yasuj,True,0,Yasuj,2217,basra,3599.0,893.0
1354,FRS,persian,shiite,False,5,5,,4,Shiraz,True,2,Shiraz,2218,hormuz,3632.0,904.0
1355,FRS,persian,sunni,False,2,2,spices,2,BandarLangeh,True,0,BandarLangeh,2219,hormuz,3649.0,952.0
1356,SPA,andalucian,sunni,False,2,2,grain,2,Almería,True,0,Almeria,222,sevilla,2768.0,773.0
1357,TIM,baluchi,sunni,False,1,1,cotton,1,Bam,True,0,Bam,2220,hormuz,3715.0,932.0
1358,TIM,khorasani,shiite,False,3,4,copper,2,Mashhad,True,2,Mashhad,2221,persia,3733.0,795.0
1359,TIM,persian,sunni,False,2,2,incense,1,Ardakan,True,0,Ardakan,2222,persia,3651.0,851.0
1360,FRS,persian,sunni,False,2,2,iron,2,Lar,True,0,Larestan,2223,hormuz,3653.0,936.0
1361,TIM,khorasani,sunni,False,1,1,livestock,2,Ferah,True,0,Ferah,2224,persia,3773.0,858.0
1362,TIM,afghani,shiite,False,2,2,dyes,2,Bamyan,True,0,Bamyan,2225,lahore,3835.0,848.0
1363,AFG,afghani,sunni,False,4,4,livestock,3,Jalalabad,True,0,Jalalabad,2226,lahore,3905.0,825.0
1364,TIM,afghani,sunni,False,1,1,cotton,2,Kunduz,True,0,Kunduz,2227,lahore,3892.0,799.0
1365,TIM,afghani,sunni,False,3,3,cotton,2,Maymana,True,0,Maymana,2228,lahore,3819.0,806.0
1366,SIS,afghani,sunni,False,1,1,livestock,3,Bust,True,0,Bust,2229,persia,3807.0,885.0
1367,SPA,andalucian,sunni,False,6,4,silk,4,Granada,True,0,Granada,223,sevilla,2752.0,773.0
1368,SIS,khorasani,sunni,False,1,1,livestock,1,Chakansur,True,0,Chakhansur,2230,persia,3780.0,893.0
1369,BAL,baluchi,sunni,False,2,2,fish,1,Bela,True,0,Bela,2231,hormuz,3836.0,972.0
1370,BAL,baluchi,sunni,False,1,1,livestock,2,Kharan,True,0,Kharan,2232,hormuz,3803.0,955.0
1371,BAL,baluchi,sunni,False,1,1,fish,1,Chabahar,True,0,WesternMakran,2233,hormuz,3751.0,972.0
1372,TIM,persian,sunni,False,2,2,copper,1,Rafsanjan,True,0,Rafsanjan,2234,hormuz,3672.0,898.0
1373,KHO,khorasani,sunni,False,2,2,wool,1,Sabzevar,True,0,Sabzevar,2235,persia,3695.0,800.0
1374,KHO,khorasani,sunni,False,2,2,wool,1,Bojnord,True,0,Bojnord,2236,persia,3698.0,772.0
1375,FUL,fulani,Unowned,False,3,3,unknown,1,Tekrur,True,0,Tekrur,2237,timbuktu,2592.0,1147.0
1376,MAL,senegambian,Unowned,False,1,1,ivory,1,Sutuco,True,0,Kantor,2238,ivory_coast,2600.0,1196.0
1377,JOL,senegambian,Unowned,False,2,2,slaves,1,Mbissel,True,0,Siine,2239,ivory_coast,2564.0,1179.0
1378,SPA,andalucian,catholic,False,6,6,wine,4,Sevilla,True,2,Andalucia,224,sevilla,2716.0,772.0
1379,FUL,fulani,Unowned,False,3,3,unknown,1,Galam,True,0,Galam,2240,timbuktu,2611.0,1164.0
1380,Unowned,senegambian,Unowned,False,1,1,slaves,1,Beafada,False,0,Beafada,2241,ivory_coast,2594.0,1233.0
1381,Unowned,dyola,Unowned,False,1,1,unknown,1,Karou,False,0,Karou,2242,ivory_coast,2644.0,1292.0
1382,MAL,soninke,sunni,False,1,1,livestock,1,Awdaghust,True,0,Termes,2243,timbuktu,2660.0,1150.0
1383,FUL,fulani,Unowned,False,1,1,unknown,1,Kiffa,True,0,Tagant,2244,timbuktu,2634.0,1136.0
1384,MAL,soninke,Unowned,False,2,2,wool,1,Dia,True,0,Wagadu,2245,timbuktu,2657.0,1172.0
1385,TMB,soninke,sunni,False,2,2,wool,1,Baghena,True,0,Baghena,2246,timbuktu,2702.0,1141.0
1386,TMB,tuareg,sunni,False,2,2,wool,1,Walata,True,0,Hodh,2247,timbuktu,2721.0,1091.0
1387,MAL,mali,Unowned,False,4,4,livestock,1,Walata,True,0,Do,2248,timbuktu,2658.0,1201.0
1388,MAL,mali,Unowned,False,2,2,spices,1,Bamako,True,0,Sibiridugu,2249,timbuktu,2699.0,1203.0
1389,SPA,andalucian,catholic,False,4,4,grain,2,Córdoba,True,0,Cordoba,225,sevilla,2731.0,760.0
1390,MAL,bozo,Unowned,False,3,3,iron,1,San,True,0,Bendugu,2250,timbuktu,2720.0,1200.0
1391,Unowned,Unowned,Unowned,False,0,0,,0,Bagoe,False,0,Bagoe,2251,timbuktu,2677.0,1272.0
1392,KNG,dyola,Unowned,False,2,2,gold,1,Lobi,True,0,Lobi,2252,timbuktu,2755.0,1223.0
1393,KNG,dyola,Unowned,False,1,1,grain,1,Say,True,0,Gwiriko,2253,timbuktu,2732.0,1215.0
1394,BON,aka,Unowned,False,3,3,tropical_wood,1,Bonoman,True,0,Bonoman,2254,timbuktu,2775.0,1249.0
1395,BON,aka,Unowned,False,2,2,,1,Amanvi,True,0,Gyaaman,2255,timbuktu,2757.0,1276.0
1396,DGB,dagomba,Unowned,False,1,1,dyes,1,Yendi,True,0,Dagbon,2256,timbuktu,2810.0,1243.0
1397,ASH,aka,Unowned,False,2,2,coffee,1,Dunkwa,True,0,Denkyira,2257,ivory_coast,2771.0,1295.0
1398,POR,aka,catholic,False,2,2,unknown,1,Axim,True,1,CapeCoast,2258,ivory_coast,2761.0,1311.0
1399,JNN,bambara,Unowned,False,3,3,grain,1,Sah,True,0,Bara,2259,timbuktu,2753.0,1143.0
1400,SPA,andalucian,sunni,False,1,1,fish,1,Gibraltar,True,0,Gibraltar,226,sevilla,2722.0,791.0
1401,TMB,bambara,sunni,False,2,2,grain,1,Tendirma,True,0,Mema,2260,timbuktu,2732.0,1129.0
1402,JNN,bozo,Unowned,False,4,4,,1,Isaq,True,0,Kala,2261,timbuktu,2743.0,1162.0
1403,SON,songhai,sunni,False,3,3,fish,1,Karabara,True,0,Karabara,2262,timbuktu,2790.0,1118.0
1404,YAT,bozo,Unowned,False,1,1,ivory,1,Douentza,True,0,Haayre,2263,timbuktu,2764.0,1159.0
1405,YAT,Unowned,Unowned,False,1,1,livestock,1,Amanvi,True,0,Hombori,2264,timbuktu,2789.0,1150.0
1406,YAT,mossi,Unowned,False,1,1,livestock,1,Dori,True,0,Liptako,2265,timbuktu,2795.0,1173.0
1407,WGD,mossi,Unowned,False,1,1,grain,1,Bilanga,True,0,Bilanga,2266,timbuktu,2804.0,1192.0
1408,WGD,mossi,Unowned,False,3,3,livestock,1,Tenkodogo,True,0,Tenkodogo,2267,timbuktu,2790.0,1218.0
1409,SON,songhai,sunni,False,3,3,grain,1,Kukiya,True,0,Aribanda,2268,timbuktu,2820.0,1162.0
1410,SON,songhai,sunni,False,2,2,wool,1,Ouallam,True,0,Zarmaganda,2269,timbuktu,2854.0,1158.0
1411,POR,portugese,catholic,False,6,7,fish,3,Lisboa,True,2,Lisboa,227,sevilla,2665.0,737.0
1412,SON,songhai,Unowned,False,2,2,grain,1,Say,True,0,Dallol,2270,timbuktu,2862.0,1186.0
1413,SON,tuareg,sunni,False,1,1,livestock,1,Menaka,True,0,Azawagh,2271,timbuktu,2854.0,1131.0
1414,AIR,tuareg,sunni,False,1,1,salt,1,Azbin,True,0,Azbin,2272,katsina,2895.0,1122.0
1415,AIR,tuareg,sunni,False,1,1,livestock,1,Tahoua,True,0,Ader,2273,katsina,2892.0,1154.0
1416,AIR,tuareg,sunni,False,4,4,iron,1,Asodé,True,0,Air,2274,katsina,2933.0,1101.0
1417,AIR,tuareg,sunni,False,1,1,livestock,1,Aghram,True,0,Tenere,2275,katsina,2966.0,1092.0
1418,AIR,tuareg,sunni,False,1,1,livestock,1,Tahut,True,0,Itesan,2276,katsina,2933.0,1147.0
1419,AIR,tuareg,sunni,False,1,1,salt,1,Kawar,True,0,Kawar,2277,katsina,2998.0,1118.0
1420,ZZZ,hausa,Unowned,False,2,2,grain,1,Sorko,True,0,Kebbi,2278,katsina,2876.0,1198.0
1421,KTS,hausa,sunni,False,3,3,dyes,1,Daura,True,0,Daura,2279,katsina,2936.0,1175.0
1422,POR,portugese,catholic,False,4,4,wine,3,Viseu,True,0,Beira,228,sevilla,2688.0,718.0
1423,KAN,hausa,sunni,False,2,2,dyes,1,Biram,True,0,Biram,2280,katsina,2961.0,1204.0
1424,KAN,hausa,sunni,False,2,2,dyes,1,Rano,True,0,Rano,2281,katsina,2947.0,1230.0
1425,KBO,kanuri,sunni,False,2,2,grain,1,Muniyo,True,0,Muniyo,2282,katsina,2975.0,1179.0
1426,KBO,kanuri,sunni,False,1,1,grain,1,Bedde,True,0,Bedde,2283,katsina,2986.0,1209.0
1427,KBO,kanuri,sunni,False,2,2,livestock,1,Manga,True,0,Manga,2284,katsina,2993.0,1165.0
1428,KBO,kanuri,Unowned,False,1,1,grain,1,Marghi,True,0,Marghi,2285,katsina,2997.0,1233.0
1429,YAO,kanuri,Unowned,False,2,2,ivory,1,Logone,True,0,Logone,2286,katsina,3038.0,1222.0
1430,YAO,kanuri,sunni,False,3,3,grain,1,Kotoko,True,0,Kotoko,2287,katsina,3038.0,1203.0
1431,YAO,bilala,sunni,False,3,3,grain,1,Yao,True,0,Yao,2288,katsina,3078.0,1174.0
1432,BEN,yorumba,Unowned,False,2,2,,1,Ondo,True,0,Ondo,2289,ivory_coast,2900.0,1288.0
1433,POR,portugese,catholic,False,3,3,livestock,3,Beja,True,0,Beja,229,sevilla,2682.0,761.0
1434,BEN,yorumba,Unowned,False,2,2,slaves,1,Ijebu,True,0,Ijebu,2290,ivory_coast,2865.0,1289.0
1435,OYO,yorumba,Unowned,False,2,2,slaves,1,Ketu,True,0,Ketu,2291,timbuktu,2848.0,1271.0
1436,OYO,yorumba,Unowned,False,1,1,tropical_wood,1,Bajibo,True,0,Moshi,2292,timbuktu,2855.0,1244.0
1437,ZZZ,hausa,Unowned,False,1,1,,1,Yawuri,True,0,Yawuri,2293,katsina,2892.0,1228.0
1438,BEN,yorumba,Unowned,False,1,1,slaves,1,Warri,True,0,Warri,2294,ivory_coast,2901.0,1317.0
1439,DGB,dagomba,Unowned,False,1,1,tropical_wood,1,Atakora,True,0,Atakora,2295,timbuktu,2826.0,1249.0
1440,TUR,turkish,sunni,False,4,4,naval_supplies,3,Biga,True,0,Biga,2296,constantinople,3229.0,724.0
1441,SRU,turkish,sunni,False,3,3,cotton,2,Manisa,True,0,Saruhan,2297,constantinople,3241.0,744.0
1442,TUR,turkish,sunni,False,3,3,cotton,2,Adalia,True,0,Tekke,2298,constantinople,3285.0,784.0
1443,TUR,turkish,sunni,False,2,2,fish,2,Bolu,True,0,Bolu,2299,constantinople,3304.0,704.0
1444,NOR,norwegian,catholic,False,3,3,naval_supplies,1,Bergen,True,2,Bergenshus,23,north_sea,2903.0,293.0
1445,POR,portugese,catholic,False,3,3,salt,2,Faro,True,0,Algarve,230,sevilla,2678.0,774.0
1446,TUR,turkish,sunni,False,3,3,grain,2,Yozgat,True,0,Bozok,2300,constantinople,3355.0,729.0
1447,KAR,turkish,sunni,False,3,3,iron,2,Kayseri,True,0,Kayseri,2301,aleppo,3355.0,755.0
1448,KAR,turkish,sunni,False,2,2,naval_supplies,2,Ermenek,True,0,Icel,2302,aleppo,3320.0,788.0
1449,DUL,turkish,shiite,False,2,2,cloth,2,Malatiya,True,0,Malatya,2303,aleppo,3404.0,761.0
1450,CND,pontic_greek,orthodox,False,2,2,wine,2,Samsun,True,0,Canik,2304,constantinople,3383.0,704.0
1451,TIM,armenian,coptic,False,3,3,copper,2,Erzindjan,True,0,Erzincan,2305,crimea,3423.0,739.0
1452,AKK,armenian,coptic,False,3,3,wool,3,Mus,True,0,Mush,2306,aleppo,3456.0,747.0
1453,AKK,armenian,coptic,False,3,3,wool,2,Van,True,0,Van,2307,aleppo,3486.0,750.0
1454,AKK,kurdish,sunni,False,3,3,wool,2,Urfa,True,0,Urfa,2308,aleppo,3414.0,779.0
1455,QAR,al_iraqiya_arabic,sunni,False,2,2,sugar,2,Sindjar,True,0,Sinjar,2309,aleppo,3458.0,802.0
1456,POR,portugese,catholic,False,7,7,wine,5,Porto,True,1,Porto,231,sevilla,2675.0,694.0
1457,TIM,al_iraqiya_arabic,sunni,False,3,3,livestock,2,Tikrit,True,0,Tikrit,2310,basra,3486.0,821.0
1458,QAR,al_iraqiya_arabic,shiite,False,3,3,,2,Najaf,True,0,Samawah,2311,basra,3510.0,876.0
1459,QAR,al_iraqiya_arabic,sunni,False,3,3,grain,2,Wasit,True,0,Wasit,2312,basra,3522.0,867.0
1460,SYR,al_suryah_arabic,sunni,False,4,4,cloth,3,Antakya,True,0,Antioch,2313,aleppo,3372.0,793.0
1461,MAM,al_iraqiya_arabic,sunni,False,1,1,grain,1,Rahba,True,0,Rahba,2314,aleppo,3443.0,817.0
1462,MAM,al_misr_arabic,sunni,False,2,2,livestock,1,Suweis,True,0,Suez,2315,alexandria,3315.0,911.0
1463,MAM,al_misr_arabic,sunni,False,4,4,grain,4,Manuf,True,0,AlGharbia,2316,alexandria,3288.0,896.0
1464,MAM,al_misr_arabic,sunni,False,3,3,sugar,2,Minya,True,0,Minya,2317,alexandria,3287.0,938.0
1465,MAM,al_misr_arabic,sunni,False,1,1,livestock,2,Bahiriya,True,0,Bahiriya,2318,alexandria,3259.0,930.0
1466,MAM,al_misr_arabic,sunni,False,2,2,cotton,1,Manfalut,True,0,Manfalut,2319,alexandria,3294.0,954.0
1467,POR,portugese,catholic,False,5,5,wine,2,Bragança,True,0,Braganca,232,sevilla,2695.0,698.0
1468,MAM,al_misr_arabic,sunni,False,1,1,fish,1,RasGharib,True,0,RasGharib,2320,alexandria,3323.0,944.0
1469,MAM,al_misr_arabic,sunni,False,1,1,livestock,1,Queseer,True,0,Queseer,2321,alexandria,3346.0,986.0
1470,MAK,nubian,coptic,False,1,1,livestock,1,WadiHalfa,True,0,WadiHalfa,2322,alexandria,3299.0,1049.0
1471,BEJ,nubian,coptic,False,1,1,slaves,1,SahraanNubyah,True,0,SahraanNubyah,2323,alexandria,3339.0,1051.0
1472,MAM,beja,sunni,False,1,1,slaves,1,Halaib,True,0,Halaib,2324,gulf_of_aden,3369.0,1033.0
1473,MAM,al_misr_arabic,sunni,False,1,1,fish,1,Tarrana,True,0,Tarrana,2325,alexandria,3228.0,887.0
1474,MAM,al_misr_arabic,sunni,False,1,1,livestock,1,Bardiyah,True,0,Bardiyah,2326,alexandria,3196.0,883.0
1475,MAM,bedouin_arabic,sunni,False,2,2,livestock,1,Maan,True,0,Maan,2327,alexandria,3375.0,900.0
1476,ANZ,bedouin_arabic,sunni,False,1,1,salt,1,Al-Ula,True,0,AlUla,2328,alexandria,3407.0,955.0
1477,MDA,hejazi_culture,sunni,False,1,1,cloth,1,Yanbu,True,0,Yanbu,2329,alexandria,3409.0,1014.0
1478,ENG,cornish,catholic,False,1,1,copper,1,Penryn,True,0,Cornwall,233,english_channel,2728.0,519.0
1479,MDA,hejazi_culture,sunni,False,1,1,livestock,1,Ma'dinSulaym,True,0,Ma'dinSulaym,2330,alexandria,3446.0,1005.0
1480,HED,hejazi_culture,sunni,False,2,3,incense,1,Jiddah,True,2,Jeddah,2331,alexandria,3432.0,1054.0
1481,HED,hejazi_culture,sunni,False,1,1,livestock,1,Truba,True,0,Turubah,2332,alexandria,3465.0,1063.0
1482,ORM,gulf_arabic,shiite,False,1,1,fish,1,Sila,True,0,Abdal,2333,hormuz,3608.0,1016.0
1483,Unowned,Unowned,Unowned,False,0,0,,0,BadiyatashSham,False,0,BadiyatashSham,2334,basra,3473.0,882.0
1484,DAW,bedouin_arabic,sunni,False,1,1,wool,2,Al-Lidam,True,0,Dawasir,2335,basra,3506.0,1075.0
1485,DAW,bedouin_arabic,sunni,False,1,1,livestock,1,Aflaj,True,0,Aflaj,2336,basra,3530.0,1050.0
1486,SHM,bedouin_arabic,sunni,False,1,1,livestock,1,Buraydeh,True,0,Buraydeh,2337,basra,3485.0,982.0
1487,SHM,bedouin_arabic,sunni,False,1,1,livestock,1,Hafar,True,0,Hafar,2338,basra,3516.0,946.0
1488,DAW,bedouin_arabic,sunni,False,1,1,grain,1,Yabrin,True,0,Yabrin,2339,basra,3576.0,1026.0
1489,ENG,english,catholic,False,3,3,fish,3,Salisbury,True,0,Hampshire,234,english_channel,2782.0,506.0
1490,ALH,gulf_arabic,sunni,False,1,1,fish,1,Grane,True,0,Grane,2340,basra,3550.0,923.0
1491,ORM,omani_culture,ibadi,False,1,1,copper,1,Masirah,True,0,Sharqiyah,2341,gulf_of_aden,3710.0,1065.0
1492,MHR,mahri_culture,sunni,False,1,1,incense,1,Wusta,True,0,Wusta,2342,gulf_of_aden,3684.0,1092.0
1493,HDR,yemeni_culture,sunni,False,1,1,livestock,2,Say'un,True,0,Kathiri,2343,gulf_of_aden,3562.0,1140.0
1494,RAS,yemeni_culture,shiite,False,1,1,livestock,1,Marib,True,0,Marib,2344,gulf_of_aden,3522.0,1140.0
1495,TUR,yemeni_culture,shiite,False,2,2,livestock,2,Beihan,True,0,Beihan,2345,gulf_of_aden,3530.0,1158.0
1496,MFL,hejazi_culture,shiite,False,3,3,fish,1,Jazan,True,0,Jazan,2346,gulf_of_aden,3467.0,1114.0
1497,ALH,gulf_arabic,shiite,False,1,2,,1,Hofuf,True,0,Hofuf,2347,basra,3568.0,988.0
1498,GEN,greek,orthodox,False,2,2,wine,1,Chio,True,0,Chios,2348,constantinople,3219.0,760.0
1499,TIM,turkmeni,sunni,False,1,1,fish,1,Kizil-Su,True,0,Kizil,2349,samarkand,3651.0,737.0
1500,ENG,english,catholic,False,5,5,cloth,2,Canterbury,True,0,Kent,235,english_channel,2817.0,505.0
1501,TIM,turkmeni,sunni,False,1,1,copper,1,Konjikala,True,0,Konjikala,2350,samarkand,3738.0,759.0
1502,NOG,khazak,sunni,False,1,1,livestock,1,Shekty,True,0,Shekty,2351,samarkand,3740.0,556.0
1503,SHY,khazak,sunni,False,3,3,fish,3,Alty-Kuduk,True,0,Alty,2352,samarkand,3776.0,589.0
1504,NOG,khazak,sunni,False,1,1,naval_supplies,1,Tortkara,True,0,Tortkara,2353,samarkand,3776.0,531.0
1505,SHY,khazak,sunni,False,2,2,iron,2,Shegendyk,True,0,Shegendyk,2354,siberia,3939.0,477.0
1506,SHY,khazak,sunni,False,1,1,fish,1,Narym,True,0,Narym,2355,samarkand,4066.0,550.0
1507,TIM,uzbehk,sunni,False,1,1,tea,1,Shymkent,True,0,Shymkent,2356,samarkand,3888.0,688.0
1508,SHY,khazak,sunni,False,1,1,naval_supplies,1,Aksary,True,0,Aksary,2357,siberia,3879.0,463.0
1509,SHY,khazak,sunni,False,2,2,livestock,2,Altyn,True,0,Altyn,2358,samarkand,3821.0,567.0
1510,SHY,khazak,sunni,False,1,1,grain,1,Baganaly,True,0,Baganaly,2359,samarkand,3853.0,525.0
1511,ENG,english,catholic,False,7,7,cloth,6,London,True,2,London,236,english_channel,2805.0,494.0
1512,SHY,khazak,sunni,False,1,1,wool,1,Tobykty,True,0,Tobykty,2360,samarkand,4004.0,567.0
1513,SHY,khazak,sunni,False,1,1,grain,1,Dzhaman-Kuduk,True,0,Dzhaman,2361,samarkand,3896.0,598.0
1514,TIM,turkmeni,sunni,False,1,1,wool,1,Gurganj,True,0,Gurganj,2362,samarkand,3717.0,690.0
1515,SHY,khazak,sunni,False,1,1,livestock,1,Atakent,True,0,Atakent,2363,samarkand,3834.0,702.0
1516,CHG,kirgiz,sunni,False,2,2,iron,2,Talas,True,0,Talas,2364,samarkand,3938.0,690.0
1517,NOG,nogaybak,sunni,False,1,1,livestock,1,Orda,True,0,Orda,2365,astrakhan,3556.0,543.0
1518,NOG,nogaybak,sunni,False,1,1,livestock,1,Utva,True,0,Utva,2366,astrakhan,3647.0,519.0
1519,NOG,nogaybak,sunni,False,2,2,livestock,2,Kalmyk,True,0,LowerYik,2367,astrakhan,3591.0,544.0
1520,CHG,khazak,sunni,False,2,2,wool,2,Karamegdan,True,0,Karamegdan,2368,samarkand,3991.0,623.0
1521,SHY,khazak,sunni,False,1,1,iron,1,Zhanibek,True,0,LowerIshim,2369,siberia,3847.0,443.0
1522,ENG,english,catholic,False,4,4,livestock,2,Oxford,True,0,Oxfordshire,237,english_channel,2789.0,491.0
1523,NOG,nogaybak,sunni,False,1,1,livestock,1,Kungirot,True,0,Kungirot,2370,samarkand,3708.0,657.0
1524,LXA,lao,animism,False,2,2,tea,2,SongLa,True,0,SongLa,2371,gulf_of_siam,4420.0,1046.0
1525,DAI,vietnamese,mahayana,False,5,5,naval_supplies,3,HaiPhong,True,0,HaiPhong,2372,canton,4464.0,1064.0
1526,DAI,vietnamese,mahayana,False,5,5,incense,3,Hue,True,0,Hue,2373,canton,4474.0,1126.0
1527,CHA,cham,hinduism,False,4,3,incense,3,Kauthara,True,0,Kauthara,2374,gulf_of_siam,4507.0,1198.0
1528,KOH,cham,animism,False,2,2,tea,2,TayNguyen,True,0,TayNguyen,2375,gulf_of_siam,4490.0,1206.0
1529,KHM,khmer,hinduism,False,3,3,grain,3,PrekRussey,True,0,PrekRussey,2376,gulf_of_siam,4458.0,1236.0
1530,KHM,khmer,hinduism,False,4,4,fish,2,TeukKhmao,True,0,TeukKhmao,2377,gulf_of_siam,4450.0,1247.0
1531,KHM,khmer,animism,False,2,2,grain,1,Kratie,True,0,Kratie,2378,gulf_of_siam,4473.0,1197.0
1532,KHM,khmer,buddhism,False,2,2,ivory,2,Battambang,True,0,Battambang,2379,gulf_of_siam,4415.0,1185.0
1533,ENG,english,catholic,False,6,6,cloth,2,Chelmsford,True,0,Essex,238,english_channel,2816.0,490.0
1534,KHM,khmer,buddhism,False,5,5,iron,3,Chaktomuk,True,1,PhnomPenh,2380,gulf_of_siam,4454.0,1214.0
1535,LXA,lao,animism,False,2,2,tea,2,LuangNamtha,True,0,LuangNamtha,2381,gulf_of_siam,4391.0,1055.0
1536,LXA,lao,animism,False,3,3,copper,2,SavanhNakhone,True,0,SavanhNakhone,2382,gulf_of_siam,4453.0,1129.0
1537,LXA,khmer,buddhism,False,2,2,grain,2,Khukhan,True,0,KhukhanorSurin,2383,gulf_of_siam,4426.0,1154.0
1538,LXA,lao,buddhism,False,2,2,silk,1,NongKhai,True,0,NongKhai,2384,gulf_of_siam,4426.0,1117.0
1539,LXA,lao,buddhism,False,2,2,grain,2,NongbuaLamphu,True,0,NongbuaLamphu,2385,gulf_of_siam,4399.0,1117.0
1540,LXA,khmer,buddhism,False,2,2,grain,1,Chaiyaphum,True,0,Chaiyaphum,2386,gulf_of_siam,4401.0,1134.0
1541,AYU,central_thai,buddhism,False,3,3,tropical_wood,3,Phetchaburi,True,0,Phetchaburi,2387,gulf_of_siam,4360.0,1204.0
1542,SUK,central_thai,buddhism,False,4,4,livestock,3,Phitsanulok,True,0,Phitsanulok,2388,gulf_of_siam,4376.0,1122.0
1543,SUK,central_thai,buddhism,False,5,5,tropical_wood,3,PhraBang,True,0,PhraBang,2389,gulf_of_siam,4358.0,1140.0
1544,ENG,english,catholic,False,2,2,naval_supplies,2,Bristol,True,1,Gloucestershire,239,english_channel,2771.0,493.0
1545,LIG,central_thai,buddhism,False,2,2,fish,3,Chaiya,True,0,Chaiya,2390,malacca,4350.0,1245.0
1546,LIG,malayan,sunni,False,4,4,fish,2,Thalang,True,0,Thalang,2391,malacca,4354.0,1273.0
1547,MLC,malayan,sunni,False,3,3,grain,2,Kelang,True,0,Selangor,2392,malacca,4392.0,1351.0
1548,KEL,malayan,sunni,False,2,2,fish,1,Terengganu,True,0,Terengganu,2393,malacca,4413.0,1325.0
1549,KED,malayan,sunni,False,4,4,grain,2,Kedah,True,0,Kedah,2394,malacca,4377.0,1302.0
1550,MKA,kachin,animism,False,2,2,grain,1,HkamtiLong,True,0,HkamtiLong,2395,burma,4335.0,952.0
1551,MKA,kachin,buddhism,False,2,3,gems,2,MongKawng,True,0,MongKawng,2396,burma,4325.0,975.0
1552,MYA,shan,animism,False,1,2,tea,1,Tamanthi,True,0,Tamanthi,2397,burma,4296.0,990.0
1553,KAL,chin,animism,False,2,2,grain,1,Thaungdut,True,0,Thaungdut,2398,burma,4284.0,1007.0
1554,AVA,burmese,buddhism,False,4,4,tropical_wood,3,Pagan,True,0,Pagan,2399,burma,4285.0,1051.0
1555,NOR,norwegian,catholic,False,3,2,fish,1,Stavanger,True,0,Agder,24,north_sea,2901.0,335.0
1556,ENG,english,catholic,False,3,3,wool,2,Shrewsbury,True,0,Shrewsbury,240,english_channel,2766.0,477.0
1557,HSI,shan,buddhism,False,3,3,grain,2,Hsipaw,True,0,Hsipaw,2400,burma,4323.0,1034.0
1558,MPA,karen,animism,False,2,2,tropical_wood,2,MongPai,True,0,MongPai,2401,burma,4328.0,1083.0
1559,ARK,arakanese,buddhism,False,4,4,iron,2,Sandoway,True,0,Sandoway,2402,ganges_delta,4277.0,1095.0
1560,PEG,mon,buddhism,False,3,3,chinaware,2,Moulmein,True,0,Martaban,2403,burma,4338.0,1144.0
1561,AYU,mon,buddhism,False,4,4,chinaware,2,Mergui,True,0,Mergui,2404,gulf_of_siam,4348.0,1213.0
1562,MOL,romanian,orthodox,False,3,2,wine,2,Bender,True,0,Bendery,2405,crimea,3258.0,588.0
1563,CRI,crimean,sunni,False,1,1,wine,1,Kyzy-Kermen,True,0,Ingil,2406,crimea,3312.0,582.0
1564,LIT,ruthenian,orthodox,False,2,2,grain,1,Pereyaslav,True,0,Pereyaslav,2407,kiev,3297.0,521.0
1565,RYA,mishary,sunni,False,3,3,livestock,1,Yelets,True,0,Lipetsk,2408,kiev,3401.0,481.0
1566,GOL,mishary,sunni,False,2,2,iron,1,Bahmut,True,0,Bahmut,2409,astrakhan,3429.0,543.0
1567,ENG,welsh,catholic,False,2,2,iron,1,Swansea,True,0,Glamorgan,241,english_channel,2750.0,495.0
1568,TRE,goths,orthodox,False,3,3,wine,3,Mangul,True,0,Theodoro,2410,crimea,3337.0,632.0
1569,CRI,crimean,sunni,False,3,3,livestock,2,Mansur,True,0,Mansur,2411,crimea,3377.0,558.0
1570,CRI,crimean,sunni,False,4,4,salt,3,Kyzyl-Yar,True,0,Kyzyl,2412,crimea,3380.0,581.0
1571,CRI,crimean,sunni,False,3,3,livestock,2,Tyn,True,0,Tyn,2413,crimea,3422.0,569.0
1572,CRI,crimean,sunni,False,3,3,livestock,3,Azaraba,True,0,Azaraba,2414,crimea,3439.0,599.0
1573,GOL,mishary,sunni,False,3,3,livestock,2,Etkara,True,0,Etkara,2415,astrakhan,3481.0,488.0
1574,GOL,astrakhani,sunni,False,3,3,livestock,2,Majar,True,0,Majar,2416,astrakhan,3468.0,622.0
1575,GOL,astrakhani,sunni,False,2,2,iron,2,Kuma,True,0,Kuma,2417,astrakhan,3509.0,613.0
1576,GOL,astrakhani,sunni,False,2,2,iron,3,Ukek,True,0,Ukek,2418,astrakhan,3539.0,512.0
1577,KAZ,kazani,sunni,False,2,2,livestock,2,Kanadey,True,0,Kanadey,2419,astrakhan,3543.0,471.0
1578,ENG,welsh,catholic,False,2,2,livestock,1,Caernarvon,True,0,Gwynedd,242,english_channel,2747.0,467.0
1579,NOG,bashkir,sunni,False,4,4,iron,3,Agyidel,True,0,Agyidel,2420,kazan,3685.0,482.0
1580,KAZ,kazani,sunni,False,2,2,grain,2,Juketau,True,0,Juketau,2421,kazan,3605.0,428.0
1581,KAZ,kazani,sunni,False,3,3,grain,3,Veda-Suvar,True,0,Veda,2422,kazan,3533.0,403.0
1582,MOS,russian,orthodox,False,3,3,grain,2,Alatyr,True,0,Alatyr,2423,kazan,3504.0,432.0
1583,POL,ruthenian,orthodox,False,3,3,livestock,1,Przemysl,True,0,Peremyshl,2424,krakow,3169.0,535.0
1584,Unowned,Unowned,Unowned,False,0,0,,0,Naryan,False,0,Naryan,2425,white_sea,3650.0,122.0
1585,Unowned,Unowned,Unowned,False,0,0,,0,Yamal,False,0,Yamal,2426,white_sea,3880.0,65.0
1586,SHY,ostyaki,tengri_pagan_reformed,False,3,3,fur,3,Beloyarskiy,True,0,Ostyaki,2427,siberia,3810.0,316.0
1587,SHY,ostyaki,sunni,False,1,1,fur,1,Yugan,True,0,Yugan,2428,siberia,3971.0,338.0
1588,SHY,ostyaki,sunni,False,1,1,fur,1,Variegansk,True,0,Agan,2429,siberia,4034.0,292.0
1589,ENG,english,catholic,False,3,3,cloth,2,Lincoln,True,1,Lincoln,243,english_channel,2803.0,464.0
1590,RUS,samoyed,orthodox,False,1,1,unknown,1,Troitskiy,False,0,Baykha,2430,siberia,4162.0,157.0
1591,RUS,tungus,tengri_pagan_reformed,False,1,1,unknown,1,Uchaminskiy,True,0,Uchamin,2431,siberia,4327.0,212.0
1592,RUS,tungus,tengri_pagan_reformed,False,1,1,unknown,1,Igarka,True,0,Chulym,2432,siberia,4278.0,342.0
1593,SHY,ostyaki,tengri_pagan_reformed,False,2,2,fur,2,Vah,True,0,Vah,2433,siberia,4054.0,363.0
1594,OIR,kirgiz,tengri_pagan_reformed,False,1,1,unknown,1,Barnaul,True,0,Barnaul,2434,siberia,4080.0,477.0
1595,RUS,yakut,tengri_pagan_reformed,False,1,1,unknown,1,Olyokminsk,True,0,Nukhtui,2435,siberia,4668.0,328.0
1596,RUS,tungus,tengri_pagan_reformed,False,1,1,unknown,1,Chunskaya,True,0,Chuna,2436,siberia,4430.0,202.0
1597,RUS,tungus,tengri_pagan_reformed,False,1,1,unknown,1,Seganka,True,0,Seganka,2437,siberia,4603.0,209.0
1598,RUS,yakut,tengri_pagan_reformed,False,1,1,unknown,1,Kharya,True,0,Kharya,2438,girin,4842.0,225.0
1599,RUS,yukagyr,tengri_pagan_reformed,False,1,1,unknown,1,Zasjiversk,True,0,Yarmanka,2439,girin,5108.0,111.0
1600,ENG,english,catholic,False,3,3,wool,2,Lancaster,True,0,Lancashire,244,north_sea,2764.0,446.0
1601,CHV,kamchatkan,tengri_pagan_reformed,False,1,1,fish,1,Kagyrgyn,True,0,Kagyrgyn,2440,girin,5502.0,157.0
1602,SHY,siberian,tengri_pagan_reformed,False,3,3,fur,2,Iglino,True,0,Iglino,2441,siberia,3773.0,437.0
1603,RUS,buryat,tengri_pagan_reformed,False,1,1,unknown,1,Ust-Kut,True,0,Ust,2442,siberia,4439.0,381.0
1604,RUS,buryat,tengri_pagan_reformed,False,1,1,unknown,1,Kansk,True,0,Kan,2443,siberia,4276.0,391.0
1605,KAZ,bashkir,sunni,False,2,2,gold,2,Bashgird,True,0,Bashgird,2444,kazan,3711.0,421.0
1606,RUS,samoyed,orthodox,False,3,3,fur,1,Mangazea,True,0,Mangazea,2445,siberia,4019.0,132.0
1607,RUS,buryat,tengri_pagan_reformed,False,3,3,unknown,3,Chara,False,0,Chara,2446,girin,4662.0,428.0
1608,GEN,pontic_greek,orthodox,False,2,2,livestock,1,Matrega,True,0,Mantrega,2447,crimea,3390.0,626.0
1609,FZA,tunisian,sunni,False,1,1,ivory,1,Murzuk,True,0,Fezzan,2448,tunis,3017.0,953.0
1610,FZA,tunisian,sunni,False,1,1,livestock,1,Hun,True,0,Jufra,2449,tunis,3047.0,909.0
1611,ENG,english,catholic,False,3,3,cloth,2,York,True,1,Yorkshire,245,english_channel,2779.0,444.0
1612,GHD,tunisian,sunni,False,1,1,,1,Ghadames,True,0,Ghadames,2450,tunis,2959.0,882.0
1613,TUN,tunisian,sunni,False,1,1,cloth,1,Thubaqt,True,0,Thubaqt,2451,tunis,3037.0,873.0
1614,TUN,tunisian,ibadi,False,1,1,fish,1,Zuwarah,True,0,Zuwarah,2452,tunis,2986.0,861.0
1615,TUN,tunisian,sunni,False,3,3,sugar,1,Sfax,True,0,Sfax,2453,tunis,2959.0,832.0
1616,TUN,tunisian,sunni,False,2,2,wool,1,Kairouan,True,0,Kairouan,2454,tunis,2945.0,808.0
1617,TUN,tunisian,sunni,False,4,4,grain,1,Bizerte,True,0,Bizerte,2455,tunis,2950.0,781.0
1618,TGT,algerian,sunni,False,1,1,spices,1,Touggourt,True,0,Touggourt,2456,tunis,2902.0,846.0
1619,MZB,berber,ibadi,False,1,1,livestock,1,Ghardaia,True,0,Mzab,2457,tunis,2876.0,864.0
1620,TUN,algerian,sunni,False,1,1,salt,1,Msila,True,0,Kabylia,2458,tunis,2883.0,810.0
1621,TLC,algerian,sunni,False,1,1,grain,1,Medea,True,0,Titteri,2459,safi,2855.0,812.0
1622,ENG,english,catholic,False,3,3,wool,2,Newcastle,True,0,Northumberland,246,north_sea,2777.0,421.0
1623,MOR,moroccan,sunni,False,1,1,livestock,1,Saoura,True,0,Saoura,2460,safi,2750.0,889.0
1624,TLC,algerian,sunni,False,3,3,grain,2,Mostaganem,True,0,Dahra,2461,safi,2820.0,797.0
1625,TLC,berber,sunni,False,2,2,livestock,1,Ouarsenis,True,0,Ouarsenis,2462,safi,2820.0,812.0
1626,TLC,berber,sunni,False,1,1,livestock,1,Kasdir,True,0,Maaskar,2463,safi,2810.0,839.0
1627,MOR,berber,sunni,False,2,2,grain,1,Ouarzazate,True,0,Ouarzazate,2464,safi,2703.0,894.0
1628,TLC,berber,sunni,False,3,3,wool,1,Oujda,True,0,Oudja,2465,safi,2767.0,827.0
1629,MOR,moroccan,sunni,False,4,4,,2,Tagmadert,True,1,Draa,2466,safi,2702.0,909.0
1630,MOR,moroccan,sunni,False,4,4,cloth,2,Meknes,True,0,Meknes,2467,safi,2724.0,840.0
1631,MOR,moroccan,sunni,False,3,3,copper,1,Tadla,True,0,Tadla,2468,safi,2703.0,859.0
1632,MOR,moroccan,sunni,False,2,2,grain,1,Mazzagan,True,0,Dukkala,2469,safi,2673.0,856.0
1633,ENG,english,catholic,False,2,2,wool,1,Carlisle,True,0,Cumbria,247,north_sea,2760.0,432.0
1634,MOR,berber,sunni,False,2,2,grain,1,Mogador,True,0,Haha,2470,safi,2666.0,885.0
1635,Unowned,Unowned,Unowned,False,0,0,,0,Chottel,False,0,Chottel,2471,,2937.0,832.0
1636,TGT,berber,ibadi,False,1,1,slaves,1,Ouargla,True,0,Ouargla,2472,tunis,2914.0,879.0
1637,TUN,tunisian,sunni,False,5,5,sugar,2,Susa,True,0,Souss,2473,tunis,2969.0,810.0
1638,Unowned,tuareg,sunni,False,1,1,unknown,1,Tajhari,False,0,Tajhari,2474,tunis,3017.0,993.0
1639,Unowned,tuareg,sunni,False,1,1,unknown,1,Djado,False,0,Djado,2475,katsina,3008.0,1053.0
1640,SPA,piman,totemism,False,3,2,unknown,1,Kumeyaay,True,0,Kumeyaay,2476,california,986.0,633.0
1641,Unowned,chinook,totemism,False,1,1,unknown,1,Yuki,False,0,Yuki,2477,california,877.0,482.0
1642,Unowned,yokuts,totemism,False,1,1,unknown,1,Tachi,False,0,Tachi,2478,california,948.0,585.0
1643,Unowned,yokuts,totemism,False,1,1,unknown,1,Maidu,False,0,Maidu,2479,california,919.0,521.0
1644,SCO,scottish,catholic,False,6,6,cloth,4,Edinburgh,True,2,Lothian,248,north_sea,2754.0,401.0
1645,Unowned,chinook,totemism,False,1,1,unknown,1,Shasta,False,0,Shasta,2480,california,901.0,481.0
1646,Unowned,chinook,totemism,False,1,1,unknown,1,Klamath,False,0,Klamath,2481,california,882.0,447.0
1647,GBR,chinook,totemism,False,1,1,unknown,1,Kalapuya,True,0,Kalapuya,2482,california,902.0,418.0
1648,Unowned,chinook,totemism,False,1,1,unknown,1,Umatilla,False,0,Umatilla,2483,california,945.0,401.0
1649,Unowned,salish,totemism,False,1,1,unknown,1,Quileute,False,0,Quileute,2484,california,875.0,355.0
1650,Unowned,salish,totemism,False,1,1,unknown,1,Chehalis,False,0,Chehalis,2485,california,891.0,369.0
1651,USA,salish,totemism,False,1,1,unknown,1,Yakima,True,0,Yakima,2486,california,920.0,365.0
1652,GBR,salish,totemism,False,1,1,unknown,1,Spokane,True,0,Spokane,2487,california,963.0,344.0
1653,GBR,salish,totemism,False,1,1,unknown,1,Palus,True,0,Palus,2488,california,961.0,372.0
1654,Unowned,shoshone,totemism,False,1,1,unknown,1,Bohogue,False,0,Bohogue,2489,california,1010.0,431.0
1655,SCO,scottish,catholic,False,4,4,wool,2,Ayr,True,1,Ayrshire,249,north_sea,2738.0,418.0
1656,Unowned,shoshone,totemism,False,1,1,unknown,1,Goshute,False,0,Goshute,2490,california,1066.0,472.0
1657,Unowned,piman,totemism,False,1,1,unknown,1,Hualapai,False,0,Hualapai,2491,california,1038.0,589.0
1658,Unowned,apache,totemism,False,1,1,unknown,1,Chiricahua,False,0,Chiricahua,2492,california,1110.0,638.0
1659,Unowned,pueblo,totemism,False,1,1,unknown,1,Hopi,False,0,Hopi,2493,rio_grande,1078.0,595.0
1660,ZNI,pueblo,totemism,False,1,1,wool,1,Zuni,True,0,Zuni,2494,rio_grande,1107.0,602.0
1661,ACO,pueblo,totemism,False,2,2,grain,1,Acoma,True,0,Acoma,2495,rio_grande,1125.0,611.0
1662,Unowned,mescalero,totemism,False,1,1,unknown,1,Jicarilla,False,0,Jicarilla,2496,rio_grande,1181.0,580.0
1663,Unowned,lipan,totemism,False,1,1,unknown,1,Lipiyanes,False,0,Lipiyanes,2497,rio_grande,1202.0,637.0
1664,SPA,mescalero,totemism,False,1,1,unknown,1,Jumano,True,0,Jumao,2498,rio_grande,1186.0,684.0
1665,SPA,lipan,totemism,False,1,1,unknown,1,Coahuilteco,True,0,Coahuilteco,2499,rio_grande,1268.0,734.0
1666,GOT,swedish,catholic,False,4,4,wool,2,Visby,True,1,Gotland,25,baltic_sea,3098.0,371.0
1667,SCO,highland_scottish,catholic,False,3,3,livestock,4,Perth,True,0,Perth,250,north_sea,2744.0,390.0
1668,Unowned,lipan,totemism,False,1,1,unknown,1,Querecho,False,0,Querecho,2500,rio_grande,1231.0,645.0
1669,Unowned,blackfoot,totemism,False,1,1,unknown,1,Piegan,False,0,Piegan,2501,james_bay,1071.0,347.0
1670,---,blackfoot,totemism,False,1,1,fur,1,Haaninin,False,0,Haaninin,2502,james_bay,1144.0,336.0
1671,KIO,kiowa,totemism,False,1,1,unknown,1,Ashshipite,True,0,Ashshipite,2503,james_bay,1168.0,369.0
1672,Unowned,blackfoot,totemism,False,1,1,unknown,1,Eelalapito,False,0,Eelalapito,2504,mississippi_river,1122.0,415.0
1673,CHY,pawnee,totemism,False,1,1,unknown,1,Outoulibi,True,0,Tsitsistas,2505,mississippi_river,1173.0,424.0
1674,Unowned,shoshone,totemism,False,1,1,unknown,1,Kuccuntikka,False,0,Kuccuntikka,2506,california,1120.0,442.0
1675,Unowned,wichita,totemism,False,1,1,unknown,1,Baachinena,False,0,Baachinena,2507,mississippi_river,1194.0,495.0
1676,Unowned,pawnee,totemism,False,1,1,unknown,1,Skiri,False,0,Skiri,2508,mississippi_river,1249.0,472.0
1677,Unowned,wichita,totemism,False,1,1,unknown,1,Utsehta,False,0,Utsehta,2509,mississippi_river,1343.0,545.0
1678,SCO,Unowned,catholic,False,3,3,fish,3,Aberdeen,True,0,Aberdeen,251,north_sea,2761.0,378.0
1679,ARP,arapaho,totemism,False,1,1,unknown,1,Mandan,True,0,Mandan,2510,james_bay,1221.0,348.0
1680,Unowned,nakota,totemism,False,1,1,fur,1,Itscheabine,False,0,Itscheabine,2511,james_bay,1242.0,342.0
1681,SIO,dakota,totemism,False,1,1,unknown,1,Wahpekute,True,0,Wahpekute,2512,mississippi_river,1340.0,417.0
1682,CAO,illini,totemism,False,1,1,unknown,1,Moingwena,True,0,Moingwena,2513,mississippi_river,1361.0,485.0
1683,---,illini,totemism,False,1,1,unknown,1,Michigamea,False,0,Michigamea,2514,mississippi_river,1398.0,562.0
1684,USA,yoron,totemism,False,1,1,unknown,1,Satsukhdin,False,0,Satuskhdin,2515,mississippi_river,1350.0,580.0
1685,SPA,caddo,totemism,False,2,1,unknown,1,Adai,True,0,Adai,2516,mississippi_river,1360.0,681.0
1686,SIO,dakota,totemism,False,1,1,fur,1,Mdewakanton,True,0,Mdewakanton,2517,ohio,1349.0,388.0
1687,USA,anishinabe,totemism,False,1,1,unknown,1,Noquet,False,0,Noquet,2518,ohio,1384.0,396.0
1688,USA,miami,totemism,False,1,1,unknown,1,Kilatika,True,0,Kilatika,2519,ohio,1431.0,504.0
1689,SCO,highland_scottish,catholic,False,2,2,wool,3,Inverness,True,0,Inverness,252,north_sea,2732.0,379.0
1690,FRA,miami,totemism,False,1,1,unknown,1,Mengkonkia,True,0,Mengkonkia,2520,ohio,1425.0,540.0
1691,USA,anishinabe,totemism,False,1,2,unknown,1,Okouara,True,0,Okouara,2521,ohio,1498.0,425.0
1692,USA,mesquakie,totemism,False,1,1,unknown,1,Mascouten,False,0,Mascouten,2522,ohio,1474.0,452.0
1693,USA,miami,totemism,False,1,1,unknown,1,Piankeshaw,False,0,Piankeshaw,2523,ohio,1446.0,525.0
1694,OSA,osage,totemism,False,1,1,grain,1,Wabash,True,0,Wabash,2524,ohio,1468.0,520.0
1695,CLG,shawnee,totemism,False,1,1,fur,1,Chillicothe,True,0,Chillicothe,2525,ohio,1506.0,523.0
1696,KSP,shawnee,totemism,False,1,1,fur,1,Shatteras,True,0,Shatteras,2526,ohio,1492.0,534.0
1697,SAT,creek,totemism,False,1,1,fur,1,Atali,True,0,Chickamauga,2527,chesapeake_bay,1479.0,591.0
1698,QUI,natchez,totemism,False,2,2,cotton,1,Yazoo,True,0,Yazoo,2528,mississippi_river,1397.0,615.0
1699,NTZ,natchez,totemism,False,1,1,cotton,1,Natchez,True,0,Natchez,2529,mississippi_river,1390.0,644.0
1700,LOI,highland_scottish,catholic,False,1,1,grain,1,Stornoway,True,0,WesternIsles,253,north_sea,2699.0,364.0
1701,GBR,choctaw,totemism,False,2,2,unknown,1,Biloxi,True,0,Biloxi,2530,mississippi_river,1415.0,669.0
1702,ABI,creek,totemism,False,1,1,tobacco,1,Napochi,True,0,Napochi,2531,mississippi_river,1461.0,616.0
1703,ATA,choctaw,totemism,False,2,2,grain,1,Tohome,True,0,Tohome,2532,mississippi_river,1441.0,635.0
1704,SPA,creek,totemism,False,1,1,unknown,1,Chatot,True,0,Chatot,2533,mississippi_river,1470.0,675.0
1705,SPA,yamasee,totemism,False,1,1,unknown,1,Yustaga,True,0,Yustaga,2534,carribean_trade,1513.0,689.0
1706,Unowned,yamasee,totemism,False,1,1,unknown,1,Calusa,False,0,Calusa,2535,carribean_trade,1526.0,735.0
1707,Unowned,arawak,totemism,False,1,1,unknown,1,Mayaimi,False,0,Mayaimi,2536,carribean_trade,1543.0,752.0
1708,ICH,yamasee,totemism,False,1,1,cotton,1,Hitchiti,True,0,Hitchiti,2537,chesapeake_bay,1507.0,651.0
1709,ALT,yamasee,totemism,False,1,1,cotton,1,Yamasee,True,0,Yamasee,2538,chesapeake_bay,1507.0,631.0
1710,SPA,yamasee,totemism,False,1,1,unknown,1,Mocama,False,0,Mocama,2539,chesapeake_bay,1527.0,665.0
1711,POL,polish,catholic,False,6,6,salt,5,Poznan,True,0,Poznan,254,krakow,3063.0,483.0
1712,ETO,creek,totemism,False,1,1,tobacco,1,Coweta,True,0,Coweta,2540,chesapeake_bay,1493.0,609.0
1713,GBR,catawba,totemism,False,2,2,unknown,1,Saluda,True,0,Saluda,2541,chesapeake_bay,1529.0,618.0
1714,SPA,catawba,totemism,False,2,2,unknown,1,Cusabo,True,0,Cusabo,2542,chesapeake_bay,1545.0,638.0
1715,GBR,catawba,totemism,False,2,2,unknown,1,Waccamaw,True,0,Waccamaw,2543,chesapeake_bay,1569.0,613.0
1716,GBR,catawba,totemism,False,2,2,unknown,1,Yadkin,True,0,Yadkin,2544,chesapeake_bay,1557.0,588.0
1717,GBR,catawba,totemism,False,1,1,unknown,1,Waxhaw,True,0,Waxhaw,2545,chesapeake_bay,1569.0,594.0
1718,GBR,catawba,totemism,False,2,2,unknown,1,Chicora,True,0,Chicora,2546,chesapeake_bay,1586.0,605.0
1719,ENG,powhatan,totemism,False,2,2,unknown,1,Nanticoke,True,0,Roanoke,2547,chesapeake_bay,1610.0,580.0
1720,CHE,yuchi,totemism,False,2,2,unknown,1,Tutelo,True,0,Tutelo,2548,chesapeake_bay,1530.0,558.0
1721,GBR,powhatan,totemism,False,1,1,unknown,1,Moratok,False,0,Moratok,2549,chesapeake_bay,1573.0,553.0
1722,POL,polish,catholic,False,3,3,cloth,1,Kalisz,True,0,Kalisz,255,krakow,3085.0,494.0
1723,ENG,powhatan,totemism,False,2,2,unknown,1,Doeg,True,0,Doeg,2550,chesapeake_bay,1601.0,534.0
1724,GBR,shawnee,totemism,False,1,1,unknown,1,Monongahela,False,0,Monongahela,2551,ohio,1550.0,516.0
1725,IRO,susquehannock,totemism,False,1,1,unknown,1,Manahoac,False,0,Manahoac,2552,chesapeake_bay,1576.0,525.0
1726,IRO,susquehannock,totemism,False,2,2,unknown,1,Potomac,False,0,Potomac,2553,chesapeake_bay,1585.0,516.0
1727,ENG,powhatan,totemism,False,2,2,unknown,1,Nanticoke,True,0,Nanticoke,2554,chesapeake_bay,1619.0,525.0
1728,IRO,tionontate,totemism,False,2,2,unknown,1,Honniasont,True,1,Honniasont,2555,ohio,1560.0,499.0
1729,IRO,susquehannock,totemism,False,1,1,unknown,1,Juniata,True,0,Juniata,2556,ohio,1583.0,499.0
1730,SUS,susquehannock,totemism,False,1,1,grain,1,Atrakwaye,True,0,Atrakwaye,2557,ohio,1600.0,487.0
1731,NED,delaware,totemism,False,2,2,unknown,1,Espachomy,False,0,Espachomy,2558,chesapeake_bay,1642.0,470.0
1732,MOH,iroquois,totemism,False,1,1,unknown,1,Adirondack,True,0,Adirondack,2559,ohio,1655.0,423.0
1733,MAZ,polish,catholic,False,2,2,grain,2,Plock,True,0,Plock,256,krakow,3120.0,475.0
1734,ENG,pequot,totemism,False,2,2,unknown,1,Quinnipiac,True,0,Quinnipiac,2560,chesapeake_bay,1665.0,476.0
1735,ENG,massachusset,totemism,False,3,2,unknown,1,Wampanoag,True,0,Wampanoag,2561,chesapeake_bay,1700.0,469.0
1736,WAM,massachusset,totemism,False,2,2,unknown,1,Pennacook,True,0,Pennacook,2562,chesapeake_bay,1683.0,438.0
1737,USA,abenaki,totemism,False,2,2,unknown,1,Missisquoi,False,0,Missiquoi,2563,st_lawrence,1668.0,419.0
1738,ABE,abenaki,totemism,False,1,1,fur,1,Sokoki,True,0,Sokoki,2564,chesapeake_bay,1689.0,416.0
1739,---,abenaki,totemism,False,1,1,unknown,1,Kennebec,False,0,Kennebec,2565,st_lawrence,1715.0,398.0
1740,FRA,maliseet,totemism,False,2,2,unknown,1,Passamaquoddy,True,0,Passamaquoddy,2566,st_lawrence,1748.0,407.0
1741,Unowned,maliseet,totemism,False,1,1,unknown,1,Aroostook,False,0,Aroostook,2567,st_lawrence,1730.0,375.0
1742,GBR,mikmaq,totemism,False,2,2,unknown,1,Kespukwitk,False,0,Kespukwitk,2568,st_lawrence,1790.0,425.0
1743,FRA,mikmaq,totemism,False,2,2,unknown,1,Eskikewakik,True,1,Eskikewakik,2569,st_lawrence,1830.0,407.0
1744,MAZ,polish,catholic,False,5,5,cloth,2,Warszawa,True,1,Warszawa,257,krakow,3140.0,490.0
1745,FRA,maliseet,totemism,False,2,2,unknown,1,Wolastoqiyik,True,1,Wolystoq,2570,st_lawrence,1774.0,395.0
1746,MLS,maliseet,totemism,False,1,1,unknown,1,Madawaska,True,0,Madawaska,2571,st_lawrence,1747.0,358.0
1747,FRA,mikmaq,totemism,False,2,2,unknown,1,Siknikt,True,0,Siknikt,2572,st_lawrence,1776.0,357.0
1748,FRA,innu,totemism,False,1,3,unknown,1,Placentia,True,0,Placentia,2573,st_lawrence,1945.0,353.0
1749,GBR,inuit,totemism,False,1,1,unknown,1,Sikumiut,True,0,Sikumiut,2574,st_lawrence,1833.0,152.0
1750,Unowned,innu,totemism,False,1,1,unknown,1,Naskapi,False,0,Naskapi,2575,st_lawrence,1870.0,220.0
1751,Unowned,innu,totemism,False,1,1,unknown,1,Mingan,False,0,Mingan,2576,st_lawrence,1831.0,295.0
1752,FRA,innu,totemism,False,1,1,unknown,1,Manicouagan,True,0,Manicouagan,2577,st_lawrence,1757.0,306.0
1753,Unowned,innu,totemism,False,1,1,unknown,1,Anticosti,False,0,Anticosti,2578,st_lawrence,1821.0,317.0
1754,INN,innu,totemism,False,1,1,fur,1,Piekougami,False,0,Piekougami,2579,st_lawrence,1700.0,336.0
1755,POL,polish,catholic,False,3,3,grain,1,Sieradz,True,0,Lodz,258,krakow,3102.0,501.0
1756,GBR,algonquin,totemism,False,1,1,unknown,1,Atikamekw,True,0,Atikamekw,2580,st_lawrence,1661.0,359.0
1757,FRA,algonquin,totemism,False,1,1,unknown,1,Timiskaming,True,0,Timiskaming,2581,st_lawrence,1579.0,356.0
1758,FRA,maliseet,totemism,False,1,1,unknown,1,Maliseet,True,0,Maliseet,2582,st_lawrence,1735.0,350.0
1759,FRA,laurentian,totemism,False,2,2,unknown,1,Etchemins,True,0,Etchemins,2583,st_lawrence,1702.0,373.0
1760,FRA,laurentian,totemism,False,2,2,unknown,1,Loup,True,0,Loup,2584,st_lawrence,1657.0,399.0
1761,ARN,huron,totemism,False,2,2,fur,1,Arendaronon,True,0,Kichesipi,2585,ohio,1575.0,407.0
1762,TIO,tionontate,totemism,False,2,2,,1,Tionontate,True,0,Tionontate,2586,ohio,1543.0,430.0
1763,OTT,anishinabe,totemism,False,1,1,fur,1,Odawa,True,0,Odawa,2587,ohio,1522.0,413.0
1764,Unowned,cree,totemism,False,1,1,unknown,1,Piscatang,False,0,Piscatang,2588,james_bay,1526.0,352.0
1765,WCR,cree,totemism,False,1,1,fur,1,Kesagami,True,0,Kesagami,2589,james_bay,1540.0,318.0
1766,POL,polish,catholic,False,4,4,cloth,1,Sandomierz,True,0,Sandomierz,259,krakow,3140.0,511.0
1767,Unowned,cree,totemism,False,1,1,unknown,1,Shaggami,False,0,Shaggami,2590,james_bay,1502.0,317.0
1768,Unowned,cree,totemism,False,1,1,unknown,1,Outoulibi,False,0,Outoulibi,2591,james_bay,1454.0,293.0
1769,ENG,cree,totemism,False,1,2,unknown,1,Omushkego,True,0,Omushkego,2592,james_bay,1432.0,191.0
1770,NAK,bungi,totemism,False,1,1,unknown,1,Wappus,True,0,Wappus,2593,james_bay,1357.0,316.0
1771,GBR,cree,totemism,False,1,1,unknown,1,Quenebigon,True,0,Quenebigon,2594,james_bay,1286.0,190.0
1772,GBR,chipewyan,totemism,False,1,1,unknown,1,Kesyehotinne,True,0,Kesyehotinne,2595,james_bay,1124.0,195.0
1773,NEH,plains_cree,totemism,False,1,1,unknown,1,Mahmikiwiniyak,True,0,Mahmikiwiniyak,2596,james_bay,1188.0,267.0
1774,Unowned,chipewyan,totemism,False,1,1,unknown,1,Sipiwininiwak,False,0,Sipiwininiwak,2597,james_bay,1135.0,253.0
1775,Unowned,blackfoot,totemism,False,1,1,unknown,1,Hebina,False,0,Hebina,2598,james_bay,1128.0,294.0
1776,GBR,chipewyan,totemism,False,1,1,unknown,1,Athabasca,True,0,Athabasca,2599,james_bay,1056.0,156.0
1777,DAN,danish,catholic,False,3,3,livestock,2,Halmstad,True,0,Halland,26,,3005.0,383.0
1778,POL,polish,catholic,False,5,5,cloth,3,Lublin,True,2,Lublin,260,krakow,3157.0,506.0
1779,GBR,chipewyan,totemism,False,1,1,unknown,1,Nihithawak,True,0,Nihithawak,2600,james_bay,1017.0,166.0
1780,GBR,athabascan,totemism,False,1,2,unknown,1,Danezaa,True,0,Danezaa,2601,james_bay,981.0,189.0
1781,Unowned,blackfoot,totemism,False,1,1,unknown,1,Siksikawa,False,0,Siksikawa,2602,james_bay,1040.0,282.0
1782,GBR,athabascan,totemism,False,1,1,unknown,1,Sekani,True,0,Sekani,2603,james_bay,927.0,205.0
1783,GBR,athabascan,totemism,False,1,2,unknown,1,Dakelh,True,0,Dakelh,2604,california,902.0,227.0
1784,GBR,athabascan,totemism,False,1,2,unknown,1,Secwepemc,True,0,Secwepemc,2605,california,940.0,263.0
1785,GBR,athabascan,totemism,False,1,2,unknown,1,Tsilhqotin,True,0,Tsilhoqotin,2606,california,895.0,275.0
1786,GBR,salish,totemism,False,1,2,unknown,1,Okanagan,True,0,Okanagan,2607,california,934.0,310.0
1787,Unowned,Unowned,Unowned,False,0,0,,0,RockyMountains,False,0,RockyMountains,2608,,1020.0,348.0
1788,Unowned,Unowned,totemism,False,1,1,unknown,1,Quileute,False,0,Nisga'a,2609,california,784.0,206.0
1789,POL,ruthenian,orthodox,False,3,3,grain,2,Halicz,True,0,Halicz,261,krakow,3207.0,563.0
1790,Unowned,salish,totemism,False,2,2,unknown,1,Heiltsuk,False,0,Heiltsuk,2610,california,877.0,297.0
1791,RUS,aleutian,totemism,False,1,1,unknown,1,Quileute,True,0,Kodiak,2611,california,345.0,146.0
1792,RUS,haida,totemism,False,1,1,unknown,1,Eyak,True,0,Eyak,2612,california,538.0,68.0
1793,RUS,haida,totemism,False,1,1,unknown,1,Sitka,True,0,Sitka,2613,california,691.0,131.0
1794,SPA,chichimecan,animism,False,1,1,unknown,1,Cotoname,True,0,Cotoname,2614,rio_grande,1247.0,769.0
1795,GAM,guamares,animism,False,1,1,gold,1,Pechichitane,True,0,Guamares,2615,mexico,1229.0,829.0
1796,SPA,piman,totemism,False,1,1,unknown,1,Seri,True,0,Seri,2616,california,1057.0,677.0
1797,TON,tepic,nahuatl,False,1,1,wool,1,Huichol,True,0,Huichol,2617,mexico,1186.0,823.0
1798,SPA,chichimecan,animism,False,1,1,unknown,1,Toboso,True,0,Toboso,2618,rio_grande,1158.0,724.0
1799,SPA,chichimecan,animism,False,1,1,unknown,1,Laguneros,True,0,Laguneros,2619,rio_grande,1212.0,760.0
1800,POL,polish,catholic,False,7,7,salt,6,Kraków,True,2,Krakow,262,krakow,3114.0,522.0
1801,SPA,piman,totemism,False,1,1,unknown,1,Nakipa,True,0,Nakipa,2620,california,1017.0,691.0
1802,TON,tepic,nahuatl,False,3,3,grain,1,Tizapan,True,0,Tizapan,2621,mexico,1203.0,846.0
1803,TAR,purepecha,nahuatl,False,3,3,grain,1,Zinapecuaro,True,0,Cuitzeo,2622,mexico,1221.0,855.0
1804,MAT,matlatzinca,nahuatl,False,3,3,sugar,1,Cutzamala,True,0,Cutzamala,2623,mexico,1232.0,872.0
1805,TAR,purepecha,nahuatl,False,4,4,grain,1,Tzintzuntzan,True,0,Patzcuaro,2624,mexico,1219.0,863.0
1806,ARP,wichita,totemism,False,1,1,unknown,1,Hinonoeino,True,0,Hinonoeino,2625,mississippi_river,1207.0,526.0
1807,MAT,matlatzinca,nahuatl,False,3,3,gold,1,Matlatzinca,True,0,Tulucan,2626,mexico,1244.0,858.0
1808,TLA,tlapanec,nahuatl,False,2,2,gems,1,Cihuatlan,True,0,Cihuatlan,2627,mexico,1229.0,895.0
1809,TEO,aztek,nahuatl,False,2,2,grain,1,Tepeacac,True,0,Tepeacac,2628,mexico,1277.0,877.0
1810,MIX,mixtec,nahuatl,False,2,2,gold,1,Coyolapan,True,0,Coyolapan,2629,mexico,1295.0,903.0
1811,OPL,schlesian,catholic,True,3,3,iron,2,Ratibor,True,0,Ratibor,263,krakow,3091.0,529.0
1812,YOK,chontales,mesoamerican_religion,False,2,2,fish,1,Tochtepec,True,0,Tochtepec,2630,mexico,1313.0,884.0
1813,YOK,chontales,mesoamerican_religion,False,2,2,fish,1,Zaachila,True,0,Zaachila,2631,mexico,1330.0,893.0
1814,YOK,chontales,mesoamerican_religion,False,2,2,cocoa,1,Xicallanco,True,2,Xicallanco,2632,mexico,1365.0,887.0
1815,XIU,yucatec,mesoamerican_religion,False,4,4,cocoa,1,Mani,True,0,Mani,2633,mexico,1411.0,840.0
1816,CTM,yucatec,mesoamerican_religion,False,3,3,cocoa,1,Uaymil,True,0,Uaymil,2634,mexico,1429.0,872.0
1817,LAC,lacandon,mesoamerican_religion,False,2,2,cocoa,1,Chiapas,True,0,Chiapas,2635,mexico,1377.0,907.0
1818,KAQ,highland_mayan,mesoamerican_religion,False,2,2,gems,1,Chacujal,True,1,Chacujal,2636,mexico,1407.0,929.0
1819,CHT,highland_mayan,mesoamerican_religion,False,1,1,naval_supplies,1,Chortli,True,0,Chortli,2637,panama,1425.0,936.0
1820,ZAP,zapotek,nahuatl,False,3,3,cocoa,1,Xoconochco,True,0,Xoconochco,2638,mexico,1362.0,933.0
1821,NED,delaware,totemism,False,2,2,unknown,1,Raritan,True,0,Raritan,2639,chesapeake_bay,1642.0,494.0
1822,OPL,schlesian,catholic,True,5,5,cloth,3,Breslau,True,1,Breslau,264,krakow,3074.0,506.0
1823,SPA,miskito,animism,False,1,1,unknown,1,Lenca,True,0,Lenca,2640,panama,1451.0,958.0
1824,HST,wastek,mesoamerican_religion,False,1,1,sugar,1,Tziccoac,True,0,Tziccoac,2641,mexico,1270.0,824.0
1825,OTO,otomi,nahuatl,False,1,1,grain,1,Metztitlan,True,0,Metztitlan,2642,mexico,1258.0,827.0
1826,CLM,purepecha,nahuatl,False,2,2,grain,1,Apatzingan,True,0,Apatzingan,2643,mexico,1195.0,864.0
1827,TLX,aztek,nahuatl,False,4,4,sugar,1,Cholula,True,0,Cholula,2644,mexico,1277.0,867.0
1828,AZT,aztek,nahuatl,False,2,2,gold,1,Teloloapan,True,0,Teloloapan,2645,mexico,1242.0,885.0
1829,COI,mixtec,nahuatl,False,3,3,dyes,1,Coixtlahuacan,True,0,Coixtlahuacan,2646,mexico,1279.0,893.0
1830,TOT,totonac,nahuatl,False,2,2,sugar,1,Cuetlaxtlan,True,2,Cuetlaxtlan,2647,mexico,1300.0,875.0
1831,TLA,tlapanec,nahuatl,False,3,3,fish,1,Yopi,True,0,Yopitzinco,2648,mexico,1251.0,900.0
1832,ZAP,zapotek,nahuatl,False,2,2,fish,1,Tehuantepec,True,0,Tehuantepec,2649,mexico,1339.0,915.0
1833,BOH,czech,hussite,True,3,3,wine,2,Brno,False,0,Brno,265,,3061.0,540.0
1834,CNP,yucatec,mesoamerican_religion,False,3,3,cocoa,1,Champutun,True,0,Champutun,2650,mexico,1389.0,878.0
1835,XIU,yucatec,mesoamerican_religion,False,3,3,cocoa,1,AhCanul,True,0,AhCanul,2651,mexico,1400.0,846.0
1836,COC,yucatec,mesoamerican_religion,False,3,3,fish,1,Ecab,True,0,Ecab,2652,mexico,1441.0,844.0
1837,KAQ,highland_mayan,mesoamerican_religion,False,3,3,gems,1,Iximché,True,0,Iximche,2653,mexico,1399.0,946.0
1838,CAS,arawak,animism,False,2,2,unknown,1,Baracoa,True,0,Baracoa,2654,carribean_trade,1627.0,843.0
1839,CAS,arawak,animism,False,2,3,unknown,1,Bayamo,True,0,Bayamo,2655,carribean_trade,1602.0,847.0
1840,CAS,arawak,animism,False,2,2,unknown,1,Camaguey,True,0,Camaguey,2656,carribean_trade,1592.0,830.0
1841,CLM,tecos,nahuatl,False,4,4,fish,1,Colliman,True,0,Colima,2657,mexico,1173.0,863.0
1842,CAS,arawak,animism,False,2,2,unknown,1,Maguana,True,0,Maguana,2658,carribean_trade,1694.0,881.0
1843,CAS,arawak,animism,False,2,1,unknown,1,Magua,True,0,Magua,2659,carribean_trade,1698.0,863.0
1844,BOH,czech,hussite,True,8,8,cloth,6,Praha,True,2,Prague,266,,3034.0,528.0
1845,SPA,miskito,animism,False,1,1,unknown,1,Managua,True,0,Managua,2660,panama,1477.0,992.0
1846,SPA,miskito,animism,False,1,1,unknown,1,Uluas,True,0,Uluas,2661,panama,1481.0,956.0
1847,SPA,miskito,animism,False,1,1,unknown,1,Olancho,True,0,Olancho,2662,panama,1462.0,942.0
1848,SPA,muisca,animism,False,1,1,unknown,1,Nicoya,True,0,Nicoya,2663,panama,1480.0,1013.0
1849,SPA,muisca,animism,False,1,1,unknown,1,Veraguas,True,0,Veraguas,2664,panama,1543.0,1048.0
1850,SPA,caddo,totemism,False,1,2,unknown,1,Ais,True,0,Ais,2665,rio_grande,1324.0,673.0
1851,Unowned,lipan,totemism,False,1,1,unknown,1,Tuintsundé,False,0,Tuintsunde,2666,rio_grande,1229.0,697.0
1852,SPA,lipan,totemism,False,1,1,unknown,1,Cacaxtes,True,0,Cacaxtes,2667,rio_grande,1227.0,715.0
1853,SPA,wastek,totemism,False,1,1,unknown,1,Borrado,True,0,Borrado,2668,rio_grande,1267.0,763.0
1854,HNI,caddo,totemism,False,1,1,unknown,1,Hasinai,True,0,Hasinai,2669,rio_grande,1335.0,648.0
1855,BOH,czech,catholic,True,5,5,naval_supplies,1,Plzen,True,0,Plsen,267,,3014.0,536.0
1856,TAH,huron,totemism,False,2,2,,1,Tahontaenrat,True,0,Tkaronto,2670,ohio,1567.0,433.0
1857,MSG,anishinabe,totemism,False,1,2,unknown,1,Missisage,True,0,Mississage,2671,ohio,1551.0,395.0
1858,Unowned,pawnee,totemism,False,1,1,unknown,1,Kitkehaki,False,0,Kitkehaki,2672,mississippi_river,1256.0,522.0
1859,PSA,acehnese,sunni,False,6,6,spices,3,Pasai,True,2,Pasai,2673,malacca,4318.0,1323.0
1860,PSA,acehnese,sunni,False,4,4,spices,3,Peureulak,True,0,Peureulak,2674,malacca,4332.0,1330.0
1861,DLI,sumatran,sunni,False,3,3,fish,2,Rokan,True,0,Rokan,2675,malacca,4382.0,1377.0
1862,SAK,sumatran,sunni,False,2,2,copper,3,Indragiri,True,0,Indragiri,2676,malacca,4400.0,1407.0
1863,JMB,sumatran,sunni,False,3,3,incense,3,Jambi,True,0,Jambi,2677,malacca,4419.0,1427.0
1864,PLB,sumatran,hinduism,False,3,3,unknown,1,Bangka,True,0,Bangka,2678,malacca,4460.0,1433.0
1865,GBR,sumatran,hinduism,False,3,3,unknown,1,Belitung,True,0,Belitung,2679,malacca,4490.0,1443.0
1866,MOL,romanian,orthodox,False,5,4,livestock,2,Suceava,True,0,Moldavia,268,crimea,3220.0,584.0
1867,IND,sumatran,hinduism,False,2,2,grain,2,Muko-Muko,True,0,Muko,2680,malacca,4396.0,1443.0
1868,PGR,sumatran,buddhism,False,3,3,gold,3,Pagarruyung,True,0,Pagarruyung,2681,malacca,4379.0,1411.0
1869,PGR,sumatran,hinduism,False,2,2,grain,2,Pariaman,True,0,Pariaman,2682,malacca,4360.0,1392.0
1870,Unowned,sumatran,hinduism,False,1,1,unknown,1,Mentawai,False,0,Mentawai,2683,malacca,4357.0,1425.0
1871,Unowned,sumatran,hinduism,False,1,1,unknown,1,Nias,False,0,Nias,2684,malacca,4317.0,1373.0
1872,PSA,acehnese,sunni,False,3,3,tropical_wood,1,Gayo,True,0,Gayo,2685,malacca,4320.0,1342.0
1873,MLC,malayan,sunni,False,3,3,naval_supplies,1,Tanjungpinaung,True,0,Bintan,2686,malacca,4433.0,1386.0
1874,SUN,sundanese,hinduism,False,4,4,grain,3,Pakuan,True,0,Pakuan,2687,the_moluccas,4477.0,1505.0
1875,SUN,sundanese,hinduism,False,3,3,spices,2,Sumedang,True,0,Sumedang,2688,the_moluccas,4491.0,1502.0
1876,MAJ,javanese,hinduism,False,2,2,naval_supplies,2,Pekalongan,True,0,Pekalongan,2689,the_moluccas,4516.0,1510.0
1877,LIT,polish,catholic,False,5,5,livestock,3,Drohiczyn,True,0,Podlasia,269,kiev,3159.0,472.0
1878,MAJ,javanese,hinduism,False,5,5,grain,3,Kotagede,True,0,Pajang,2690,the_moluccas,4533.0,1522.0
1879,MAJ,javanese,hinduism,False,2,2,fish,2,Kediri,True,0,Kediri,2691,the_moluccas,4546.0,1524.0
1880,MAJ,javanese,hinduism,False,2,2,tropical_wood,1,Madura,True,0,Madura,2692,the_moluccas,4587.0,1509.0
1881,BLI,nusa_tenggara,animism,False,2,2,unknown,2,Lombok,True,0,Lombok,2693,the_moluccas,4620.0,1533.0
1882,KOR,korean,confucianism,False,1,1,fish,1,Gangneung,True,0,EastGangwon,2694,nippon,4811.0,762.0
1883,POR,nusa_tenggara,animism,False,3,3,unknown,3,Timor,True,0,EastTimor,2695,the_moluccas,4792.0,1531.0
1884,Unowned,moluccan,animism,False,3,3,unknown,3,Yamdena,False,0,Yamdena,2696,the_moluccas,4856.0,1519.0
1885,TDO,filipino,animism,False,5,5,spices,2,Tondo,True,0,Tondo,2697,philippines,4693.0,1153.0
1886,PGS,filipino,animism,False,2,2,salt,2,Binalatongan,True,1,Pangasinan,2698,philippines,4686.0,1145.0
1887,SPA,filipino,animism,False,2,2,unknown,2,Bikol,True,0,Bikol,2699,philippines,4730.0,1183.0
1888,SWE,swedish,catholic,False,3,3,grain,2,Åbo,True,0,Finland,27,baltic_sea,3157.0,285.0
1889,LIT,lithuanian,catholic,False,3,3,livestock,2,Trakai,True,0,Troki,270,baltic_sea,3188.0,435.0
1890,MAS,filipino,animism,False,3,4,grain,2,Panay,True,1,Panay,2700,philippines,4725.0,1215.0
1891,Unowned,filipino,animism,False,2,2,unknown,2,Tagloc,False,0,Tagloc,2701,philippines,4769.0,1286.0
1892,BTU,filipino,animism,False,2,2,gems,2,Butuan,True,1,Butuan,2702,philippines,4764.0,1265.0
1893,BEI,bornean,sunni,False,3,3,spices,2,LehadDatu,True,0,LehadDatu,2703,malacca,4647.0,1315.0
1894,BEI,bornean,sunni,False,4,3,spices,3,Sibu,True,0,Sibu,2704,malacca,4561.0,1360.0
1895,BEI,bornean,sunni,False,3,3,gems,2,Sigalang,True,0,Sigalang,2705,malacca,4551.0,1380.0
1896,Unowned,bornean,hinduism,False,2,2,unknown,2,Katapang,False,0,Katapang,2706,malacca,4531.0,1430.0
1897,BNJ,bornean,hinduism,False,2,3,unknown,1,Barito,True,0,Barito,2707,malacca,4582.0,1424.0
1898,Unowned,bornean,hinduism,False,2,2,unknown,1,Sampit,False,0,Sampit,2708,malacca,4554.0,1434.0
1899,BEU,bornean,hinduism,False,2,2,fish,2,Tarakan,True,0,Tarakan,2709,malacca,4634.0,1346.0
1900,LIT,lithuanian,catholic,False,2,2,livestock,2,Varniai,True,0,Samogitia,271,baltic_sea,3158.0,410.0
1901,BEU,bornean,hinduism,False,2,2,fish,2,Sambaliung,True,0,Sambaliung,2710,malacca,4635.0,1368.0
1902,BEU,bornean,hinduism,False,2,2,tropical_wood,3,Bulungan,True,0,Bulungan,2711,malacca,4618.0,1355.0
1903,KUT,bornean,hinduism,False,3,3,spices,2,Samarinda,True,0,Samarinda,2712,malacca,4624.0,1412.0
1904,TER,sulawesi,animism,False,2,2,unknown,1,Gorontalo,True,0,Gorontalo,2713,the_moluccas,4721.0,1385.0
1905,NED,sulawesi,animism,False,3,3,unknown,2,Palu,True,1,Palu,2714,the_moluccas,4686.0,1400.0
1906,LUW,sulawesi,animism,False,3,3,iron,3,Palopo,True,0,Palopo,2715,the_moluccas,4680.0,1437.0
1907,BTN,sulawesi,animism,False,3,3,spices,2,Buton,True,0,Buton,2716,the_moluccas,4721.0,1477.0
1908,NED,moluccan,animism,False,2,2,unknown,1,Sula,True,0,Sula,2717,the_moluccas,4762.0,1429.0
1909,Unowned,papuan,animism,False,1,1,unknown,1,Fak-Fak,False,0,Fak,2718,the_moluccas,4890.0,1446.0
1910,Unowned,papuan,animism,False,1,1,unknown,1,Madang,False,0,Madang,2719,the_moluccas,5079.0,1464.0
1911,LIT,lithuanian,catholic,False,5,5,grain,3,Vilna,True,1,Lithuania,272,kiev,3214.0,438.0
1912,Unowned,papuan,animism,False,1,1,unknown,1,Lae,False,0,Lae,2720,the_moluccas,5111.0,1515.0
1913,Unowned,papuan,animism,False,1,1,unknown,1,Kerema,False,0,Kerema,2721,the_moluccas,5062.0,1522.0
1914,Unowned,papuan,animism,False,1,1,unknown,1,Daru,False,0,Daru,2722,the_moluccas,5023.0,1530.0
1915,Unowned,papuan,animism,False,1,1,unknown,1,YosSudarso,False,0,YosSudarso,2723,the_moluccas,4987.0,1515.0
1916,Unowned,papuan,animism,False,1,1,unknown,1,Asmat,False,0,Asmat,2724,the_moluccas,4946.0,1483.0
1917,Unowned,moluccan,animism,False,1,1,unknown,1,Aru,False,0,Aru,2725,the_moluccas,4893.0,1494.0
1918,MLG,nyoongah,dreamtime,False,2,2,naval_supplies,1,Malgana,True,0,Malgana,2726,australia,4659.0,1785.0
1919,Unowned,nyoongah,dreamtime,False,2,2,unknown,2,Minang,False,0,Minang,2727,australia,4718.0,1906.0
1920,TIW,gunwinyguan,dreamtime,False,2,2,fish,1,Tiwi,True,0,Tiwi,2728,australia,4867.0,1577.0
1921,YOL,gunwinyguan,dreamtime,False,2,2,cloth,1,Yolngu,True,0,Yolngu,2729,australia,4909.0,1602.0
1922,LIV,latvian,catholic,False,2,2,livestock,1,Dünaburg,True,0,Latgalia,273,baltic_sea,3228.0,390.0
1923,AWN,paman,dreamtime,False,2,2,tropical_wood,1,Awngthim,True,0,Awngthim,2730,australia,5018.0,1608.0
1924,Unowned,paman,dreamtime,False,2,2,unknown,1,GuuguYimithirr,False,0,GuuguYimithirr,2731,australia,5045.0,1637.0
1925,Unowned,paman,dreamtime,False,2,2,unknown,1,Wulgurukaba,False,0,Wulgurukaba,2732,australia,5064.0,1683.0
1926,Unowned,paman,dreamtime,False,3,3,unknown,2,Baiali,False,0,Baiali,2733,australia,5099.0,1727.0
1927,Unowned,aboriginal,dreamtime,False,3,3,unknown,2,Yuin,False,0,Yuin,2734,australia,5092.0,1964.0
1928,Unowned,kulin,dreamtime,False,2,2,unknown,1,Gunditjmara,False,0,Gunditjmara,2735,australia,4995.0,1939.0
1929,Unowned,yura,dreamtime,False,3,3,unknown,1,Nukunu,False,0,Nukunu,2736,australia,4929.0,1891.0
1930,TAK,maori,animism,False,3,3,naval_supplies,1,Ahuriri,True,0,Wairarapa,2737,polynesia_node,5578.0,1911.0
1931,WAI,maori,animism,False,2,1,iron,1,Pikimai,True,0,TeTauIhu,2738,polynesia_node,5525.0,1933.0
1932,TAN,maori,animism,False,4,4,fish,2,Kirikiriroa,True,0,Waikato,2739,polynesia_node,5554.0,1861.0
1933,PSK,novgorodian,orthodox,False,5,5,livestock,4,Pskov,True,1,Pskov,274,,3247.0,351.0
1934,Unowned,Unowned,Unowned,False,0,0,,0,Borneo,False,0,Borneo,2740,malacca,4573.0,1397.0
1935,KOR,korean,confucianism,False,1,1,fish,1,Jeju,True,0,Jeju,2741,nippon,4780.0,845.0
1936,KOR,manchu,confucianism,False,1,1,naval_supplies,1,Gyeongwon,True,0,Yukjin,2742,nippon,4832.0,679.0
1937,KOR,manchu,confucianism,False,1,1,fur,1,Gyeongseong,True,0,NorthHamgyeong,2743,nippon,4811.0,700.0
1938,KOR,korean,confucianism,False,2,2,naval_supplies,2,Yeongbyeon,True,0,Nyeongbyeon,2744,nippon,4759.0,720.0
1939,KOR,korean,confucianism,False,5,5,tea,2,Gyeongju,True,2,Gyengju,2745,nippon,4820.0,805.0
1940,TUR,bulgarian,orthodox,False,2,3,grain,1,Vidin,True,0,Vidin,2746,constantinople,3156.0,644.0
1941,KHA,mongol,vajrayana,False,1,1,livestock,1,KharaNarinUla,True,0,KharaNarinUla,2747,beijing,4537.0,679.0
1942,MNG,yi,animism,False,2,2,grain,2,Jianchang,True,0,Jianchang,2748,chengdu,4407.0,946.0
1943,NOV,novgorodian,orthodox,False,4,5,iron,2,Tikhvin,True,0,Tikhvin,2749,,3331.0,325.0
1944,LIT,byelorussian,orthodox,False,4,4,iron,1,Polotsk,True,0,Polotsk,275,,3257.0,407.0
1945,TUR,bulgarian,orthodox,False,3,3,grain,3,Plovdiv,True,0,Plovdiv,2750,constantinople,3200.0,682.0
1946,SPA,castillian,catholic,False,4,4,wool,3,Cuenca,True,0,Cuenca,2751,sevilla,2772.0,725.0
1947,NOR,norwegian,catholic,False,1,1,fish,1,Molde,True,0,Sogn,2752,north_sea,2917.0,246.0
1948,FRA,occitain,catholic,False,5,5,wine,3,Narbonne,True,0,Narbonne,2753,valencia,2851.0,661.0
1949,SPA,castillian,catholic,False,3,3,,3,LaMancha,True,0,LaMancha,2754,sevilla,2744.0,743.0
1950,SPA,castillian,catholic,False,2,2,wool,1,Soria,True,0,Soria,2755,sevilla,2769.0,700.0
1951,WLY,sidamo,shamanism,False,2,2,coffee,2,Bonga,True,0,Welayta,2756,ethiopia,3387.0,1293.0
1952,KAF,sidamo,coptic,False,4,3,gold,4,Anderaccha,True,0,Kaffa,2757,ethiopia,3360.0,1288.0
1953,ENA,sidamo,coptic,False,2,3,slaves,2,Illubabor,True,0,Illubabor,2758,ethiopia,3367.0,1264.0
1954,KAF,sidamo,Unowned,False,1,1,slaves,1,Gambela,True,0,Gambela,2759,ethiopia,3338.0,1270.0
1955,LIT,byelorussian,orthodox,False,3,3,naval_supplies,1,Minsk,True,0,Minsk,276,kiev,3237.0,446.0
1956,HDY,sidamo,sunni,False,3,3,grain,2,Angacha,True,0,Hadiya,2760,ethiopia,3408.0,1271.0
1957,HDY,amhara,sunni,False,1,1,coffee,2,Assela,True,0,Arsi,2761,ethiopia,3437.0,1266.0
1958,DAM,amhara,coptic,False,2,3,gold,2,Nekemte,True,0,Damot,2762,ethiopia,3378.0,1243.0
1959,DAM,amhara,coptic,False,2,2,slaves,2,Assosa,True,0,Asosa,2763,ethiopia,3354.0,1243.0
1960,ADA,afar,sunni,False,2,1,livestock,2,Aussa,True,0,Aussa,2764,gulf_of_aden,3450.0,1215.0
1961,ADA,afar,sunni,False,1,1,livestock,1,Assab,True,0,Assab,2765,gulf_of_aden,3452.0,1171.0
1962,MED,tigray,coptic,False,2,2,grain,2,Mendefera,True,0,Mendefera,2766,ethiopia,3402.0,1155.0
1963,ETH,tigray,coptic,False,1,1,copper,2,Antalo,True,0,Enderta,2767,ethiopia,3429.0,1175.0
1964,ETH,afar,sunni,False,1,1,livestock,1,Manadeley,True,0,Angot,2768,gulf_of_aden,3436.0,1203.0
1965,ETH,amhara,coptic,False,2,2,grain,2,Lalibela,True,0,Lasta,2769,ethiopia,3416.0,1197.0
1966,LIT,byelorussian,orthodox,False,2,2,wool,2,Brest-Litovsk,True,0,Brest,277,kiev,3178.0,484.0
1967,ETH,amhara,coptic,False,2,2,grain,1,Dangila,True,0,Agew,2770,ethiopia,3368.0,1220.0
1968,ETH,amhara,jewish,False,1,1,grain,2,Dabareq,True,0,Semien,2771,ethiopia,3392.0,1180.0
1969,ETH,amhara,jewish,False,2,2,cotton,2,Gorgora,True,0,Dembiya,2772,ethiopia,3376.0,1192.0
1970,ADA,harari,sunni,False,1,1,coffee,1,Mora,True,0,Mora,2773,gulf_of_aden,3467.0,1236.0
1971,AJU,somali,sunni,False,2,2,fish,2,Kismayo,True,0,Kismayo,2774,zanzibar,3459.0,1401.0
1972,AJU,somali,sunni,False,2,2,naval_supplies,1,Merca,True,0,Merca,2775,gulf_of_aden,3494.0,1373.0
1973,AJU,somali,sunni,False,1,1,grain,1,Afgooye,True,0,Afgooye,2776,ethiopia,3483.0,1360.0
1974,AJU,somali,sunni,False,1,1,grain,1,Baardheere,True,0,Bardera,2777,ethiopia,3467.0,1369.0
1975,MRE,somali,sunni,False,1,1,slaves,1,Wardheer,True,0,Werder,2778,ethiopia,3530.0,1277.0
1976,OGD,somali,sunni,False,1,1,livestock,1,Afder,False,0,Afder,2779,ethiopia,3463.0,1313.0
1977,LIT,byelorussian,orthodox,False,3,2,wool,1,Pinsk,True,0,Pinsk,278,kiev,3209.0,486.0
1978,AJU,somali,sunni,False,1,1,livestock,1,Qardho,True,0,Beledweyne,2780,ethiopia,3508.0,1333.0
1979,AJU,somali,sunni,False,1,1,grain,1,Luuq,True,0,Gedo,2781,ethiopia,3478.0,1336.0
1980,MDI,somali,sunni,False,2,2,livestock,1,Warsheikh,True,0,Warsheikh,2782,gulf_of_aden,3534.0,1343.0
1981,AJU,somali,sunni,False,1,1,grain,1,Hobyo,True,1,Hobyo,2783,gulf_of_aden,3563.0,1301.0
1982,MRE,somali,sunni,False,1,1,livestock,1,Galkayo,True,0,Galkayo,2784,gulf_of_aden,3549.0,1289.0
1983,AJU,somali,sunni,False,1,1,iron,1,ElBuur,True,0,ElBuur,2785,ethiopia,3534.0,1315.0
1984,WAR,somali,sunni,False,3,3,incense,2,Bosaso,True,0,Bosaso,2786,gulf_of_aden,3577.0,1224.0
1985,MED,tigray,coptic,False,2,2,grain,2,Debarwa,True,0,Hamasien,2787,gulf_of_aden,3399.0,1132.0
1986,MRE,somali,sunni,False,2,2,,1,Hafun,True,0,Hafun,2788,gulf_of_aden,3596.0,1224.0
1987,WAR,somali,sunni,False,2,2,incense,1,LasKhorey,True,0,LasKhorey,2789,gulf_of_aden,3557.0,1229.0
1988,LIT,ruthenian,orthodox,False,4,4,livestock,2,Volodymyr,True,0,Volhynia,279,kiev,3205.0,508.0
1989,WAR,somali,sunni,False,1,1,incense,0,Maydh,True,0,Sanaag,2790,gulf_of_aden,3541.0,1230.0
1990,ETH,amhara,sunni,False,1,1,grain,1,Ankober,True,0,Ankober,2791,ethiopia,3427.0,1239.0
1991,WAR,somali,sunni,False,1,1,slaves,1,Togdheer,True,0,Togdheer,2792,gulf_of_aden,3543.0,1252.0
1992,ADA,somali,sunni,False,2,2,slaves,2,Hargeisa,True,0,Hargeisa,2793,gulf_of_aden,3499.0,1241.0
1993,AJU,somali,sunni,False,2,2,livestock,1,Barawa,True,0,Barawa,2794,gulf_of_aden,3478.0,1389.0
1994,AJU,somali,sunni,False,2,2,livestock,1,Mareeg,True,0,Meregh,2795,gulf_of_aden,3550.0,1323.0
1995,PTE,swahili,sunni,False,3,3,cloth,2,Siyu,True,1,Pate,2796,zanzibar,3448.0,1419.0
1996,ABB,nubian,sunni,False,1,1,grain,2,Shendy,True,0,Shendy,2797,ethiopia,3346.0,1126.0
1997,ALO,nubian,coptic,False,3,2,grain,2,Soba,True,2,Soba,2798,ethiopia,3327.0,1142.0
1998,ALO,nubian,coptic,False,1,1,livestock,2,Sennar,True,0,Sennar,2799,ethiopia,3329.0,1200.0
1999,SWE,finnish,catholic,False,2,2,naval_supplies,2,Borgå,True,0,Nyland,28,baltic_sea,3201.0,298.0
2000,LIT,ruthenian,orthodox,False,4,4,grain,2,Kiev,True,2,Kiev,280,kiev,3276.0,514.0
2001,NUB,nubian,Unowned,False,1,1,unknown,1,Kosti,True,0,Kosti,2800,ethiopia,3303.0,1174.0
2002,DAR,tunjur,Unowned,False,1,1,unknown,1,Medowa,True,0,Medwa,2801,ethiopia,3234.0,1148.0
2003,DAR,tunjur,Unowned,False,1,1,unknown,1,Kobbe,True,0,Kobbe,2802,ethiopia,3244.0,1189.0
2004,SPA,carib,animism,False,2,1,unknown,1,Delta,True,0,Delta,2803,amazonas_node,1852.0,1037.0
2005,SPA,carib,animism,False,1,1,unknown,1,Guasipati,True,0,Guasipati,2804,amazonas_node,1845.0,1078.0
2006,CAB,carib,animism,False,1,1,coffee,1,Uyapari,True,0,Uyapari,2805,carribean_trade,1821.0,1033.0
2007,SPA,guajiro,animism,False,1,1,unknown,1,Guajira,False,0,Guajira,2806,panama,1679.0,991.0
2008,SPA,carib,animism,False,3,3,unknown,1,Altagracia,False,0,Altagracia,2807,carribean_trade,1698.0,1013.0
2009,SPA,guajiro,animism,False,1,1,unknown,1,Coro,True,0,Coro,2808,carribean_trade,1719.0,996.0
2010,SPA,guajiro,animism,False,1,2,unknown,1,Calaboso,True,0,Llanos,2809,carribean_trade,1758.0,1038.0
2011,POL,ruthenian,orthodox,False,2,2,livestock,2,Kamieniec,True,0,Kamienec,281,kiev,3234.0,548.0
2012,SPA,guajiro,animism,False,1,1,unknown,1,Apure,True,0,Apure,2810,carribean_trade,1741.0,1064.0
2013,SPA,guajiro,animism,False,1,1,unknown,1,Atabapo,True,0,Atabapo,2811,amazonas_node,1779.0,1080.0
2014,SPA,carib,animism,False,1,1,unknown,1,Pore,True,0,Pore,2812,panama,1697.0,1075.0
2015,SPA,carib,animism,False,2,3,unknown,1,Merida,True,0,Merida,2813,carribean_trade,1683.0,1049.0
2016,SPA,carib,animism,False,1,1,unknown,1,Meta,True,0,Meta,2814,panama,1667.0,1125.0
2017,SPA,guajiro,animism,False,1,1,unknown,1,PuertoCarreno,True,0,PuertoCarreno,2815,panama,1722.0,1106.0
2018,SPA,guajiro,animism,False,1,1,unknown,1,Guaviare,True,0,Guavire,2816,panama,1683.0,1149.0
2019,SPA,muisca,inti,False,4,4,unknown,2,Neiva,False,0,Neiva,2817,panama,1627.0,1133.0
2020,SPA,muisca,inti,False,2,2,unknown,1,Popayan,True,0,Popayan,2818,panama,1607.0,1142.0
2021,CAS,muisca,animism,False,1,1,unknown,1,Darien,True,0,Darien,2819,panama,1591.0,1047.0
2022,CRI,crimean,sunni,False,2,2,livestock,1,Hajibey,True,0,Yedisan,282,crimea,3282.0,588.0
2023,QTO,cara,inti,False,3,3,fish,1,Esmeraldas,True,0,Esmeraldas,2820,lima,1565.0,1174.0
2024,CHM,chimuan,inti,False,1,1,fish,1,Piwra,True,0,Piwra,2821,lima,1553.0,1262.0
2025,CHM,chimuan,inti,False,1,1,cloth,1,Tucume,True,0,Tucume,2822,lima,1561.0,1286.0
2026,CYA,chachapoyan,inti,False,1,1,tropical_wood,1,Moyobamba,True,0,Moyobamba,2823,lima,1635.0,1293.0
2027,CJA,inca,inti,False,3,3,wool,2,Wankapampa,True,0,Wankapampa,2824,lima,1580.0,1246.0
2028,HJA,inca,inti,False,1,1,grain,1,Pisqupampa,True,0,Pisqupampa,2825,lima,1607.0,1300.0
2029,CHM,chimuan,inti,False,1,1,cocoa,1,Chimbote,True,0,Chimbote,2826,lima,1594.0,1345.0
2030,HJA,inca,inti,False,2,2,grain,1,Huaraz,True,0,Huaraz,2827,lima,1606.0,1334.0
2031,INC,aimara,inti,False,2,2,unknown,1,Camana,True,0,Camana,2828,lima,1674.0,1432.0
2032,CSU,aimara,inti,False,3,3,wool,2,Ayaviri,True,0,Ayaviri,2829,lima,1689.0,1410.0
2033,CRI,crimean,sunni,False,1,1,livestock,2,Sich,True,0,Zaporozhia,283,crimea,3336.0,569.0
2034,CSU,inca,inti,False,1,1,wool,1,Quero,True,0,Quero,2830,lima,1693.0,1382.0
2035,PCJ,aimara,inti,False,3,3,grain,2,Tiahuanoco,True,0,Tiahuanaco,2831,cuiaba,1736.0,1453.0
2036,SPA,maipurean,animism,False,1,1,unknown,1,Exaltacion,True,0,Exaltacion,2832,cuiaba,1787.0,1380.0
2037,SPA,maipurean,animism,False,1,1,unknown,1,MadredeDios,True,0,MadredeDios,2833,cuiaba,1735.0,1391.0
2038,SPA,guarani,animism,False,3,3,unknown,1,SantaCruzdelaSierra,True,0,SantaCruzdelaSierra,2834,cuiaba,1812.0,1463.0
2039,CRA,aimara,inti,False,4,4,cloth,1,Sucre,True,0,Sucre,2835,cuiaba,1803.0,1499.0
2040,INC,diaguita,animism,False,4,4,unknown,2,Tucuman,True,0,Tucuman,2836,cuiaba,1779.0,1607.0
2041,CCQ,diaguita,inti,False,1,1,wool,1,SantaCatalina,True,0,SantaCatalina,2837,cuiaba,1769.0,1558.0
2042,CCQ,aimara,inti,False,3,3,wool,1,Tarija,True,0,Tarija,2838,cuiaba,1808.0,1525.0
2043,INC,diaguita,animism,False,1,1,unknown,1,Catarpe,True,0,PunadeAtacama,2839,cuiaba,1743.0,1581.0
2044,CRI,crimean,sunni,False,6,6,salt,6,Qirq-Yer,True,0,Crimea,284,crimea,3335.0,617.0
2045,INC,diaguita,animism,False,1,1,unknown,1,Calama,True,0,Calama,2840,cuiaba,1727.0,1535.0
2046,INC,diaguita,animism,False,1,1,unknown,1,Antofagasta,True,0,Antofagasta,2841,cuiaba,1717.0,1574.0
2047,SPA,diaguita,animism,False,2,1,unknown,1,SantiagodelEstero,False,0,SantiagodelEstero,2842,cuiaba,1818.0,1627.0
2048,INC,huarpe,animism,False,2,3,unknown,1,LaRioja,True,0,LaRioja,2843,laplata,1750.0,1663.0
2049,SPA,huarpe,animism,False,1,2,unknown,1,Chepes,True,0,Chepes,2844,laplata,1787.0,1686.0
2050,SPA,huarpe,animism,False,1,2,unknown,1,SanJuan,True,0,SanJuan,2845,laplata,1736.0,1682.0
2051,SPA,huarpe,animism,False,2,1,unknown,1,Cordoba,False,1,Quisquisacate,2846,laplata,1820.0,1696.0
2052,SPA,huarpe,animism,False,2,1,unknown,1,SanLuis,True,0,SanLuis,2847,laplata,1783.0,1731.0
2053,SPA,charruan,animism,False,2,1,unknown,1,SantaFe,True,0,SantaFe,2848,laplata,1873.0,1695.0
2054,SPA,charruan,animism,False,1,1,unknown,1,Rosario,True,0,Rosario,2849,laplata,1853.0,1731.0
2055,GEN,pontic_greek,orthodox,False,4,4,wine,2,Kaffa,True,2,Kaffa,285,crimea,3359.0,629.0
2056,SPA,charruan,animism,False,2,1,unknown,1,Montevideo,False,0,Montevideo,2850,laplata,1926.0,1742.0
2057,POR,charruan,animism,False,1,1,unknown,1,Colonia,True,0,Colonia,2851,laplata,1901.0,1738.0
2058,POR,charruan,animism,False,1,1,unknown,1,Salto,True,0,Salto,2852,laplata,1929.0,1686.0
2059,SPA,guarani,animism,False,2,1,unknown,1,Yareyu,False,0,Yareyu,2853,laplata,1917.0,1647.0
2060,SPA,chacoan,animism,False,1,1,unknown,1,ChacoCentral,True,0,ChacoCentral,2854,laplata,1865.0,1581.0
2061,GUA,guarani,animism,False,1,1,unknown,1,Candelaria,True,0,Misiones,2855,laplata,1947.0,1617.0
2062,Unowned,nguni,Unowned,False,2,2,unknown,1,Bloemfontein,False,0,Highveld,2856,cape_of_good_hope,3235.0,1871.0
2063,POR,guarani,animism,False,2,1,unknown,1,RioGrandedoSul,True,0,RioGrandedoSul,2857,laplata,2000.0,1681.0
2064,SPA,guarani,animism,False,1,1,unknown,1,Santiago,False,0,Santiago,2858,laplata,1906.0,1612.0
2065,GUA,guarani,animism,False,1,1,unknown,1,Itapúa,True,0,Itapua,2859,laplata,1940.0,1603.0
2066,GEN,crimean,sunni,False,3,3,slaves,3,Tana,True,0,Azow,286,crimea,3413.0,586.0
2067,SPA,het,animism,False,1,1,unknown,1,Querandi,True,0,Querandi,2860,laplata,1857.0,1770.0
2068,SPA,het,animism,False,1,1,unknown,1,Sauce,True,0,Sauce,2861,laplata,1819.0,1736.0
2069,INC,mapuche,animism,False,2,1,unknown,1,Coquimbo,True,0,Coquimbo,2862,patagonia,1704.0,1689.0
2070,Unowned,het,animism,False,1,1,unknown,1,RioNegro,False,0,RioNegro,2863,patagonia,1776.0,1808.0
2071,Unowned,khoisan,Unowned,False,1,1,unknown,1,Senqu,False,0,Senqu,2864,cape_of_good_hope,3118.0,1865.0
2072,Unowned,het,animism,False,1,1,unknown,1,Puelches,False,0,Sergpipe,2865,laplata,1807.0,1783.0
2073,Unowned,het,animism,False,1,1,unknown,1,Olavarria,False,0,Jeremoabo,2866,laplata,1847.0,1795.0
2074,Unowned,het,animism,False,1,1,unknown,1,Chanar,False,0,Inhambupe,2867,patagonia,1765.0,1771.0
2075,Unowned,het,animism,False,1,1,unknown,1,Bahia,False,1,Pambu,2868,patagonia,1793.0,1845.0
2076,Unowned,patagonian,animism,False,1,1,unknown,1,FloridaBlanca,False,0,FloridaBlanca,2869,patagonia,1733.0,1963.0
2077,CRI,crimean,sunni,False,3,3,livestock,3,Stavropol,True,0,Kouban,287,crimea,3414.0,611.0
2078,Unowned,patagonian,animism,False,1,1,unknown,1,Tehuelmapu,False,0,Tehuelmapu,2870,patagonia,1754.0,1839.0
2079,Unowned,patagonian,animism,False,1,1,unknown,1,Poya,False,0,Poya,2871,patagonia,1721.0,1840.0
2080,SPA,castillian,animism,False,2,1,unknown,1,Chiquiyami,True,0,Chiquiyami,2872,patagonia,1733.0,1767.0
2081,SPA,mapuche,animism,False,1,1,unknown,1,Chiloe,True,0,Chiloe,2873,patagonia,1688.0,1837.0
2082,SPA,patagonian,animism,False,1,1,unknown,1,Alacaluf,True,0,Alegoas,2874,patagonia,1695.0,1880.0
2083,Unowned,patagonian,animism,False,1,1,unknown,1,Chubut,False,0,Borborema,2875,patagonia,1742.0,1867.0
2084,Unowned,patagonian,animism,False,1,1,unknown,1,Teush,False,0,Teush,2876,patagonia,1728.0,1909.0
2085,SPA,huarpe,animism,False,2,3,unknown,1,Mendoza,True,0,Mendoza,2877,laplata,1746.0,1727.0
2086,SPA,chacoan,animism,False,1,1,unknown,1,Matara,True,0,Matara,2878,laplata,1834.0,1599.0
2087,GUA,guarani,animism,False,1,1,unknown,1,SantaTecla,True,0,SantaTecla,2879,laplata,1948.0,1665.0
2088,GOL,mishary,sunni,False,3,3,livestock,2,Cherkassk,True,0,Cherkassk,288,astrakhan,3458.0,561.0
2089,Unowned,khoisan,Unowned,False,1,1,unknown,1,Kimberley,False,0,Griqualand,2880,cape_of_good_hope,3177.0,1867.0
2090,SPA,maipurean,animism,False,1,2,unknown,1,Corumba,True,0,Corumba,2881,brazil,1923.0,1502.0
2091,SPA,chacoan,animism,False,1,1,unknown,1,FuerteBorbon,True,0,FuerteBorbon,2882,cuiaba,1862.0,1474.0
2092,SPA,chacoan,animism,False,1,1,unknown,1,Melodia,True,0,Melodia,2883,cuiaba,1870.0,1554.0
2093,GUA,guarani,animism,False,1,1,tea,1,PovosdasMissoes,True,0,PovosdasMissoes,2884,laplata,1985.0,1639.0
2094,POR,ge,animism,False,2,3,unknown,1,Barra,True,0,Barra,2885,brazil,2147.0,1343.0
2095,POR,ge,animism,False,1,1,unknown,1,Parnaiba,True,0,Parnaiba,2886,amazonas_node,2150.0,1247.0
2096,POR,guarani,animism,False,1,1,unknown,1,SantaCatarina,True,0,SantaCatarina,2887,laplata,2006.0,1624.0
2097,POR,ge,animism,False,2,1,unknown,1,Cuiaba,True,0,Cuiaba,2888,cuiaba,1958.0,1432.0
2098,SPA,carib,animism,False,1,1,unknown,1,RioBranco,True,0,RioBranco,2889,amazonas_node,1839.0,1129.0
2099,LIT,ryazanian,orthodox,False,2,2,iron,1,Chernigov,True,0,Chernigov,289,kiev,3303.0,495.0
2100,POR,tupinamba,animism,False,1,1,unknown,1,Marajo,True,0,Marajo,2890,amazonas_node,2023.0,1187.0
2101,POR,ge,animism,False,1,1,unknown,1,SantaAnadasMinas,True,0,SantaAnadasMinas,2891,brazil,2094.0,1443.0
2102,POR,ge,animism,False,2,1,unknown,1,Araxas,True,0,Araxas,2892,brazil,2050.0,1489.0
2103,POR,ge,animism,False,1,1,unknown,1,Ofaie,True,0,Ofaie,2893,brazil,1980.0,1507.0
2104,POR,tupinamba,animism,False,1,1,unknown,1,SaoJoaodelRei,True,0,SaoJoaodelRei,2894,brazil,2095.0,1523.0
2105,POR,guarani,animism,False,1,1,unknown,1,Castro,True,0,Castro,2895,brazil,2014.0,1576.0
2106,Unowned,tupinamba,animism,False,1,1,unknown,1,Campinas,True,0,Campinas,2896,brazil,2050.0,1534.0
2107,POR,ge,animism,False,1,1,unknown,1,Araquara,False,0,Araraquara,2897,brazil,2018.0,1523.0
2108,POR,ge,animism,False,1,1,unknown,1,Serro,True,0,Serro,2898,brazil,2154.0,1456.0
2109,POR,ge,animism,False,2,3,unknown,1,VilaRica,True,0,VilaRica,2899,brazil,2140.0,1504.0
2110,SWE,finnish,catholic,False,1,1,fur,1,Tavastehus,True,0,Tavastland,29,baltic_sea,3200.0,262.0
2111,LIT,ruthenian,orthodox,False,2,2,grain,1,Poltava,True,0,Poltava,290,kiev,3347.0,540.0
2112,POR,maipurean,animism,False,1,1,unknown,1,Guapore,True,0,Guapore,2900,cuiaba,1810.0,1355.0
2113,POR,maipurean,animism,False,1,1,unknown,1,Cerejeiras,True,0,Cerejeiras,2901,cuiaba,1846.0,1370.0
2114,POR,guarani,animism,False,1,1,unknown,1,VilaBela,True,0,VilaBela,2902,cuiaba,1885.0,1398.0
2115,POR,maipurean,animism,False,2,2,unknown,1,Caceres,True,0,Caceres,2903,cuiaba,1918.0,1439.0
2116,POR,carib,animism,False,1,1,unknown,1,Diamantino,True,0,Diamantino,2904,cuiaba,1931.0,1388.0
2117,POR,ge,animism,False,1,1,unknown,1,Araes,True,0,RioDasMortes,2905,cuiaba,1981.0,1382.0
2118,POR,ge,animism,False,1,1,unknown,1,Ipora,True,0,Ipora,2906,brazil,1999.0,1457.0
2119,POR,ge,animism,False,1,1,unknown,1,VilaBoa,True,0,VilaBoa,2907,brazil,2022.0,1464.0
2120,POR,ge,animism,False,1,1,unknown,1,ArrialdosCouros,True,0,ArrialdosCouros,2908,brazil,2060.0,1409.0
2121,POR,ge,animism,False,1,1,unknown,1,Conceicao,True,0,Conceicao,2909,amazonas_node,2041.0,1366.0
2122,CRI,ryazanian,orthodox,False,2,2,iron,1,Belgorod,True,0,Kharkov,291,kiev,3381.0,531.0
2123,POR,ge,animism,False,1,1,unknown,1,Pontal,True,0,Pontal,2910,amazonas_node,2058.0,1299.0
2124,POR,ge,animism,False,1,1,unknown,1,Natividad,True,0,Natividad,2911,amazonas_node,2059.0,1360.0
2125,POR,tupinamba,animism,False,2,4,unknown,1,Sergipe,True,0,Sergpipe,2912,brazil,2222.0,1344.0
2126,POR,ge,animism,False,1,3,unknown,1,Jeremoabo,True,0,Jeremoabo,2913,brazil,2191.0,1336.0
2127,POR,ge,animism,False,1,1,unknown,1,Inhambupe,True,0,Inhambupe,2914,brazil,2180.0,1363.0
2128,POR,ge,animism,False,2,1,unknown,1,Pambu,True,0,Pambu,2915,brazil,2189.0,1313.0
2129,TPQ,tupinamba,animism,False,1,1,unknown,1,Coité,True,0,RioContas,2916,brazil,2160.0,1400.0
2130,POR,ge,animism,False,1,1,unknown,1,Paratinga,True,0,Paratinga,2917,brazil,2130.0,1388.0
2131,POR,ge,animism,False,1,1,unknown,1,CampoLargo,True,0,CampoLargo,2918,brazil,2103.0,1377.0
2132,POR,ge,animism,False,1,1,unknown,1,Luziana,True,0,Luziana,2919,brazil,2054.0,1451.0
2133,LIT,byelorussian,orthodox,False,2,2,wool,1,Mahilyow,True,0,Mogilyov,292,kiev,3280.0,458.0
2134,POR,ge,animism,False,1,1,unknown,1,Coxim,True,0,Coxim,2920,brazil,1965.0,1479.0
2135,POR,tupinamba,animism,False,2,3,unknown,1,Penedo,True,0,Alagoas,2921,brazil,2236.0,1329.0
2136,POR,ge,animism,False,1,1,unknown,1,Cimbres,True,0,Borborema,2922,brazil,2218.0,1297.0
2137,POR,ge,animism,False,1,1,unknown,1,PastosBons,True,0,PastosBons,2923,amazonas_node,2091.0,1300.0
2138,POR,ge,animism,False,1,1,unknown,1,Timon,True,0,Timon,2924,amazonas_node,2124.0,1264.0
2139,POR,ge,animism,False,1,1,unknown,1,Parnagua,True,0,Parnagua,2925,amazonas_node,2101.0,1314.0
2140,POR,ge,animism,False,1,1,unknown,1,Grajau,True,0,Grajau,2926,amazonas_node,2083.0,1258.0
2141,POR,ge,animism,False,1,2,unknown,1,Alcantara,True,0,Alcantara,2927,amazonas_node,2094.0,1218.0
2142,POR,tupinamba,animism,False,1,1,unknown,1,Tucurui,True,0,Tucurui,2928,amazonas_node,2048.0,1253.0
2143,POR,tupinamba,animism,False,1,1,unknown,1,Portel,True,0,Para,2929,amazonas_node,2019.0,1220.0
2144,SMO,ryazanian,orthodox,False,4,4,grain,1,Smolensk,True,2,Smolensk,293,kiev,3308.0,432.0
2145,POR,tupinamba,animism,False,2,1,unknown,1,Santarem,True,0,Santarem,2930,amazonas_node,1930.0,1221.0
2146,GBR,carib,animism,False,1,1,unknown,1,Pirara,True,0,Alenquer,2931,amazonas_node,1874.0,1109.0
2147,WAD,tunjur,Unowned,False,1,1,unknown,1,Ouara,False,0,Obidos,2932,ethiopia,3112.0,1181.0
2148,POR,carib,animism,False,1,1,unknown,1,Barcelos,True,0,Faro,2933,amazonas_node,1849.0,1182.0
2149,POR,tupinamba,animism,False,2,1,unknown,1,Manaus,True,1,Manaus,2934,amazonas_node,1875.0,1237.0
2150,POR,tupinamba,animism,False,1,1,unknown,1,Muturu,True,0,Muturu,2935,amazonas_node,1970.0,1204.0
2151,Unowned,Unowned,Unowned,False,0,0,,0,Guyana,False,0,Guyana,2936,amazonas_node,1927.0,1162.0
2152,SPA,carib,animism,False,1,1,unknown,1,Suriname,True,0,Suriname,2937,amazonas_node,1932.0,1111.0
2153,POR,guajiro,animism,False,1,1,unknown,1,Oiapoque,True,0,Oiapoque,2938,amazonas_node,2004.0,1136.0
2154,SPA,carib,animism,False,2,1,unknown,1,Zaraza,True,0,Zaraza,2939,carribean_trade,1782.0,1038.0
2155,TVE,russian,orthodox,False,4,4,grain,3,Tver,True,0,Tver,294,,3367.0,385.0
2156,PCJ,aimara,inti,False,2,2,salt,1,Chichas,True,0,Chichas,2940,cuiaba,1764.0,1528.0
2157,CRA,aimara,inti,False,2,2,gold,1,Choquechaca,True,0,Choquechaca,2941,cuiaba,1781.0,1482.0
2158,CRA,aimara,inti,False,2,2,wool,1,Charcas,True,0,Charcas,2942,cuiaba,1759.0,1459.0
2159,CYA,chachapoyan,inti,False,1,1,grain,1,Kuelap,True,0,Chachapoyas,2943,lima,1611.0,1271.0
2160,Unowned,maipurean,inti,False,1,1,unknown,1,Ucayali,False,0,Ucayali,2944,lima,1654.0,1339.0
2161,SPA,jivaro,animism,False,1,1,unknown,1,Yurimaguas,True,0,Yurimaguas,2945,lima,1644.0,1260.0
2162,PCJ,aimara,inti,False,2,2,gold,1,Quillacas,True,0,Quillacas,2946,cuiaba,1748.0,1508.0
2163,CLA,aimara,inti,False,2,2,grain,1,Macaya,True,0,Macaya,2947,cuiaba,1712.0,1412.0
2164,NDO,mbundu,Unowned,False,2,2,slaves,2,Matamba,True,0,Matamba,2948,kongo,3068.0,1536.0
2165,KON,kongolese,Unowned,False,2,2,grain,1,Mbata,True,0,Mbata,2949,kongo,3051.0,1500.0
2166,MOS,russian,orthodox,False,6,6,iron,5,Moskva,True,2,Moskva,295,,3390.0,410.0
2167,ZIM,shona,shamanism,False,1,1,ivory,1,Buhera,True,0,Buhera,2950,zambezi,3297.0,1705.0
2168,ZIM,shona,shamanism,False,2,2,ivory,1,Masakesa,True,0,Manikya,2951,zambezi,3323.0,1688.0
2169,ZIM,shona,shamanism,False,1,1,ivory,1,Madanda,True,0,Madanda,2952,zambezi,3321.0,1728.0
2170,Unowned,Unowned,Unowned,False,0,0,,0,LakeHjalmaren,False,0,LakeHjalmaren,2953,,3057.0,330.0
2171,TUN,tunisian,ibadi,False,1,1,grain,1,Djerba,True,1,Djerba,2954,tunis,2976.0,834.0
2172,ING,bavarian,catholic,True,5,5,,3,Ingolstadt,True,0,Ingolstadt,2955,,2985.0,553.0
2173,UBV,bavarian,catholic,True,3,3,glass,3,Straubing,True,0,Straubing,2956,,3008.0,546.0
2174,REG,bavarian,catholic,True,5,5,,3,Regensburg,True,2,Regensburg,2957,,2996.0,548.0
2175,TEU,prussian,catholic,False,2,2,naval_supplies,1,Osterode,True,0,Osterode,2958,baltic_sea,3123.0,457.0
2176,POL,polish,catholic,False,3,3,grain,2,Tarnów,True,0,Tarnow,2959,krakow,3149.0,527.0
2177,MOS,russian,orthodox,False,3,3,grain,2,Kaluga,True,0,Kaluga,296,kiev,3365.0,432.0
2178,POL,polish,catholic,False,6,6,iron,2,Sadecki,True,0,Sadecki,2960,krakow,3128.0,535.0
2179,POL,ruthenian,orthodox,False,5,5,,2,Lwow,True,1,Lwow,2961,krakow,3204.0,540.0
2180,LIT,ruthenian,orthodox,False,1,1,livestock,1,Rowne,True,0,Rowne,2962,kiev,3216.0,517.0
2181,POL,polish,catholic,False,1,1,livestock,1,Naklo,True,0,Notec,2963,krakow,3070.0,462.0
2182,BRA,saxon,catholic,True,4,4,cloth,2,Stendal,True,0,Altmark,2964,,2983.0,476.0
2183,THU,saxon,catholic,True,3,3,wool,1,Plauen,True,0,Vogtland,2965,,2998.0,516.0
2184,GLG,schlesian,catholic,True,3,4,iron,2,Glogau,True,0,Glogau,2966,krakow,3052.0,493.0
2185,BOH,czech,catholic,True,4,4,,2,Cheb,True,0,Eger,2967,,3004.0,524.0
2186,BOH,czech,catholic,True,3,3,grain,2,Budejovice,True,0,Budejovice,2968,,3028.0,545.0
2187,BRA,saxon,catholic,True,3,3,cloth,1,Sternberg,True,0,Sternberg,2969,,3039.0,480.0
2188,LIT,ryazanian,orthodox,False,2,2,grain,1,Bryansk,True,0,Bryansk,297,kiev,3339.0,455.0
2189,BOH,czech,hussite,True,3,3,grain,2,Hradecko,True,0,Hradecko,2970,,3050.0,517.0
2190,BRU,hannoverian,catholic,True,2,2,livestock,1,Hoya,True,0,Hoya,2971,,2942.0,476.0
2191,KOL,hannoverian,catholic,True,2,2,wool,1,Paderborn,False,0,Paderborn,2972,,2944.0,495.0
2192,MUN,hannoverian,catholic,True,3,3,cloth,1,Meppen,True,0,Meppen,2973,,2922.0,476.0
2193,LIE,flemish,catholic,True,5,5,cloth,2,Borgloon,True,0,Loon,2974,english_channel,2890.0,510.0
2194,KLE,hessian,catholic,True,5,5,cloth,4,Kleves,True,0,Kleves,2975,,2907.0,496.0
2195,PGA,umbrian,catholic,False,3,4,wine,1,Perugia,True,0,Umbria,2976,genua,2999.0,667.0
2196,URB,umbrian,catholic,False,5,5,grain,2,Urbino,True,1,Urbino,2977,venice,3000.0,652.0
2197,LAN,tuscan,catholic,True,6,6,livestock,2,Arezzo,False,0,Arezzo,2978,genua,2990.0,655.0
2198,MLO,lombard,catholic,True,3,4,grain,2,Novara,False,0,Novarra,2979,genua,2936.0,614.0
2199,LIT,ryazanian,orthodox,False,2,1,grain,1,Kursk,True,0,Kursk,298,kiev,3376.0,500.0
2200,LUC,tuscan,catholic,True,6,6,cloth,2,Lucca,False,1,Lucca,2980,genua,2966.0,649.0
2201,MFA,piedmontese,catholic,True,5,5,wine,2,Montferrat,True,0,Montferrat,2981,genua,2931.0,630.0
2202,SIC,sicilian,catholic,False,4,4,wine,2,Syracusa,True,0,Syracuse,2982,genua,3035.0,776.0
2203,NAP,neapolitan,catholic,False,5,1,fish,4,Salerno,False,0,Salerno,2983,genua,3041.0,713.0
2204,NAP,neapolitan,catholic,False,2,2,wine,1,Cosenza,True,0,Costenza,2984,genua,3062.0,729.0
2205,NAP,neapolitan,catholic,False,2,3,livestock,2,Foggia,True,0,Capitanata,2985,venice,3048.0,693.0
2206,SAR,sardinian,catholic,False,3,3,copper,1,Cagliari,False,0,Cagliari,2986,genua,2947.0,731.0
2207,FRA,catalan,catholic,False,3,3,wool,2,Tàrrega,True,0,Urgell,2987,valencia,2825.0,683.0
2208,SPA,catalan,catholic,False,3,2,wine,2,Taragona,True,0,Tarragona,2988,valencia,2815.0,700.0
2209,SPA,castillian,catholic,False,2,2,wine,1,Logroño,True,0,Rioja,2989,bordeaux,2769.0,682.0
2210,GOL,mishary,sunni,False,3,3,livestock,2,Voronezh,True,0,Voronezh,299,kiev,3417.0,508.0
2211,SPA,aragonese,catholic,False,3,3,iron,3,Teruel,True,0,Teruel,2990,valencia,2789.0,712.0
2212,PRO,occitain,catholic,False,3,3,wool,2,Forcalquier,True,0,Draguignan,2991,genua,2901.0,644.0
2213,GEN,ligurian,catholic,True,6,6,naval_supplies,1,Albenga,False,0,Albenga,2992,genua,2934.0,644.0
2214,BRA,pommeranian,catholic,True,4,3,cloth,1,Prenzlau,True,0,Uckermark,2993,,3020.0,461.0
2215,WOL,pommeranian,catholic,True,3,2,salt,2,Wolgast,True,0,Wolgast,2994,,3018.0,449.0
2216,WOL,pommeranian,catholic,True,2,2,fish,1,Stolp,True,0,Stolp,2995,,3070.0,444.0
2217,MKL,pommeranian,catholic,True,2,2,cloth,2,Wismar,True,0,Wismar,2996,,2983.0,454.0
2218,TEU,prussian,catholic,False,3,4,grain,3,Tuchel,True,0,Pomorskie,2997,baltic_sea,3089.0,451.0
2219,WAL,romanian,orthodox,False,4,4,livestock,2,Buzau,True,0,Buzau,2998,pest,3228.0,627.0
2220,ORM,gulf_arabic,sunni,False,3,3,,1,Hormuz,True,2,Hormuz,2999,hormuz,3680.0,962.0
2221,SWE,swedish,catholic,False,2,2,naval_supplies,1,Kalmar,True,0,Kalmar,3,baltic_sea,3050.0,376.0
2222,SWE,finnish,catholic,False,2,2,fur,2,Viborg,True,0,Viborg,30,,3255.0,293.0
2223,RYA,ryazanian,orthodox,False,3,3,iron,2,Tula,True,0,Tula,300,kiev,3391.0,451.0
2224,SER,serbian,orthodox,False,3,3,livestock,1,Nis,True,0,Nis,3000,ragusa,3145.0,667.0
2225,TUR,bulgarian,orthodox,False,2,0,copper,2,Skopje,True,0,Skopje,3001,ragusa,3149.0,692.0
2226,TUR,bosnian,orthodox,False,2,2,grain,1,Visoki,True,0,Sarajevo,3002,ragusa,3098.0,650.0
2227,VEN,greek,orthodox,False,3,3,fish,2,Negroponte,True,0,Euboea,3003,constantinople,3176.0,750.0
2228,RYA,ryazanian,orthodox,False,5,5,wool,3,Pereyaslavl-Ryazansky,True,0,Ryazan,301,,3425.0,435.0
2229,GOL,mishary,sunni,False,3,3,iron,3,Tambov,True,0,Tambow,302,astrakhan,3444.0,473.0
2230,GOL,mishary,sunni,False,4,4,livestock,4,Ukek,True,0,Saratow,303,astrakhan,3517.0,500.0
2231,KAZ,kazani,sunni,False,3,3,livestock,2,Mohshi,True,0,Pensa,304,astrakhan,3497.0,458.0
2232,KAZ,uralic,Unowned,False,4,4,copper,3,Yagoshiha,True,0,Perm,305,kazan,3678.0,378.0
2233,MOS,russian,orthodox,False,5,5,copper,3,Nijni,True,2,Nijni,306,kazan,3499.0,394.0
2234,MOS,russian,orthodox,False,4,4,iron,3,Vladimir,True,0,Vladimir,307,,3433.0,416.0
2235,YAR,russian,orthodox,False,4,4,livestock,3,Yaroslavl,True,1,Yaroslavl,308,,3420.0,366.0
2236,NOV,karelian,orthodox,False,3,3,fur,2,Olonets,True,0,Olonets,309,,3340.0,272.0
2237,SWE,finnish,catholic,False,1,1,fur,1,Olofsborg,True,0,Savolaks,31,baltic_sea,3238.0,249.0
2238,NOV,novgorodian,orthodox,False,7,7,fur,6,Novgorod,True,2,Novgorod,310,,3298.0,346.0
2239,NOV,novgorodian,orthodox,False,2,2,naval_supplies,2,Kholm,True,0,Kholm,311,,3279.0,361.0
2240,BLO,novgorodian,orthodox,False,2,3,naval_supplies,2,Beloozero,True,0,Beloozero,312,,3390.0,300.0
2241,NOV,novgorodian,orthodox,False,1,2,fur,1,Soroka,True,0,Soroka,313,white_sea,3360.0,220.0
2242,MOS,russian,orthodox,False,3,3,iron,2,Vologda,True,0,Vologda,314,white_sea,3423.0,329.0
2243,NOR,sapmi,catholic,False,1,1,fish,1,Vardø,True,0,Finnmark,315,white_sea,3193.0,60.0
2244,TUR,turkish,sunni,False,3,3,grain,3,Izmit,True,0,Kocaeli,316,constantinople,3272.0,709.0
2245,TUR,turkish,sunni,False,5,5,silk,2,Bursa,True,2,Hudavendigar,317,constantinople,3254.0,723.0
2246,TUR,Unowned,sunni,False,4,4,,2,Izmirni,True,2,Sugla,318,constantinople,3226.0,760.0
2247,TUR,turkish,sunni,False,3,3,salt,3,Mughla,True,0,Mentese,319,constantinople,3250.0,780.0
2248,NOV,karelian,orthodox,False,2,2,fur,1,Keksholm,True,0,Keksholm,32,,3285.0,270.0
2249,Unowned,greek,orthodox,False,4,4,fish,3,Rhodes,True,0,Rhodes,320,constantinople,3230.0,789.0
2250,CYP,greek,orthodox,False,6,6,wine,3,Nicosia,True,0,Cyprus,321,aleppo,3327.0,813.0
2251,TUR,turkish,sunni,False,3,3,cloth,2,Kütahya,True,0,Kutahya,322,constantinople,3261.0,738.0
2252,KAR,turkish,sunni,False,3,3,salt,3,Konya,True,0,Konya,323,aleppo,3306.0,757.0
2253,KAR,turkish,sunni,False,5,5,livestock,4,Karaman,True,0,Karaman,324,aleppo,3324.0,774.0
2254,CND,turkish,sunni,False,3,0,copper,2,Kastamonu,True,0,Kastamonu,325,constantinople,3329.0,697.0
2255,TUR,turkish,sunni,False,3,3,cloth,3,Ankara,True,0,Ankara,326,constantinople,3310.0,728.0
2256,RAM,turkish,sunni,False,3,3,cotton,4,Adana,True,1,Adana,327,aleppo,3357.0,771.0
2257,CND,turkish,sunni,False,3,3,naval_supplies,2,Sinop,True,2,Sinop,328,constantinople,3351.0,695.0
2258,TUR,turkish,shiite,False,3,3,livestock,3,Sivas,True,0,Sivas,329,constantinople,3388.0,735.0
2259,NOV,karelian,orthodox,False,3,3,fur,1,Neva,True,1,Neva,33,,3275.0,316.0
2260,TRE,pontic_greek,orthodox,False,4,4,naval_supplies,4,Trapezous,True,1,Trebizond,330,crimea,3427.0,708.0
2261,AKK,armenian,coptic,False,4,4,livestock,4,Erzurum,True,0,Erzurum,331,crimea,3447.0,725.0
2262,DUL,turkish,sunni,False,2,2,wool,2,Maras,True,0,Marash,332,aleppo,3379.0,760.0
2263,SPA,catalan,catholic,False,2,2,sugar,1,Palma,True,0,TheBaleares,333,valencia,2851.0,731.0
2264,MOR,moroccan,sunni,False,3,3,cloth,1,Tangier,True,2,Tangiers,334,sevilla,2714.0,810.0
2265,MOR,berber,sunni,False,3,3,fish,1,Melilla,True,0,Mellila,335,sevilla,2748.0,817.0
2266,TLC,berber,sunni,False,5,5,cloth,3,Tlemcen,True,2,Tlemcen,336,safi,2783.0,827.0
2267,TLC,algerian,sunni,False,3,3,cloth,1,Oran,True,0,Oran,337,safi,2795.0,806.0
2268,TUN,algerian,sunni,False,5,5,grain,3,Al-Djazair,True,1,Al,338,safi,2851.0,791.0
2269,TUN,berber,sunni,False,3,3,iron,2,Bejaia,True,0,Bejaia,339,tunis,2884.0,791.0
2270,NOV,novgorodian,orthodox,False,3,3,fur,1,Koporye,True,0,Ingermanland,34,,3260.0,330.0
2271,TUN,berber,sunni,False,3,3,grain,2,Constantine,True,0,Constantine,340,tunis,2917.0,797.0
2272,TUN,tunisian,sunni,False,6,6,cloth,2,Tunis,True,2,Tunis,341,tunis,2967.0,790.0
2273,MOR,moroccan,sunni,False,4,4,grain,2,Rabat,True,1,Toubkhal,342,safi,2702.0,837.0
2274,MOR,moroccan,sunni,False,5,5,cloth,3,Fez,True,0,Fez,343,safi,2736.0,832.0
2275,MOR,moroccan,sunni,False,5,5,sugar,2,Marrakech,True,0,Marrakech,344,safi,2682.0,870.0
2276,MOR,moroccan,sunni,False,1,1,sugar,1,Safi,True,0,Safi,345,safi,2666.0,868.0
2277,MOR,moroccan,sunni,False,4,4,gold,2,Tafilalt,True,2,Figuig,346,safi,2734.0,876.0
2278,MOR,berber,sunni,False,1,1,fish,1,Ifni,True,0,Ifni,347,safi,2622.0,939.0
2279,MOR,berber,sunni,False,5,5,sugar,2,Taroudant,True,0,Sus,348,safi,2675.0,907.0
2280,TLC,berber,sunni,False,2,2,livestock,1,Figuig,True,0,Atlas,349,safi,2770.0,854.0
2281,LIV,estonian,catholic,False,1,1,grain,1,Arensburg,True,0,Osel,35,baltic_sea,3159.0,347.0
2282,MZB,algerian,sunni,False,1,1,livestock,1,Laghwat,True,0,Aures,350,tunis,2856.0,840.0
2283,TGT,berber,sunni,False,1,1,wool,1,Biskra,True,0,Biskra,351,tunis,2903.0,824.0
2284,GHD,tunisian,sunni,False,2,2,salt,1,Gafsa,True,0,Gafsa,352,tunis,2934.0,845.0
2285,TUN,tunisian,sunni,False,1,1,grain,1,Tataouine,True,0,Gabes,353,tunis,2968.0,851.0
2286,TUN,tunisian,sunni,False,2,2,cloth,1,Tripolitania,True,2,Tripolitania,354,tunis,3013.0,862.0
2287,FZA,tunisian,sunni,False,1,1,fish,1,Sirt,True,0,Sirt,355,tunis,3082.0,899.0
2288,MAM,al_misr_arabic,sunni,False,2,2,livestock,2,Benghazi,True,1,Benghazi,356,alexandria,3128.0,884.0
2289,MAM,al_misr_arabic,sunni,False,1,1,livestock,1,Derna,True,0,Darnah,357,alexandria,3162.0,866.0
2290,MAM,al_misr_arabic,sunni,False,5,5,spices,3,Alexandria,True,1,Alexandria,358,alexandria,3259.0,893.0
2291,MAM,al_misr_arabic,sunni,False,5,5,cotton,2,Faiyum,True,0,Faiyum,359,alexandria,3280.0,921.0
2292,LIV,estonian,catholic,False,4,4,grain,2,Reval,True,1,Estland,36,baltic_sea,3192.0,335.0
2293,MAM,al_misr_arabic,sunni,False,1,1,livestock,1,Qus,True,0,Qena,360,alexandria,3321.0,972.0
2294,MAM,al_misr_arabic,sunni,False,9,9,cloth,6,Cairo,True,2,Cairo,361,alexandria,3292.0,909.0
2295,MAM,al_misr_arabic,sunni,False,4,4,grain,2,Rashid,True,1,Rosetta,362,alexandria,3281.0,885.0
2296,MAM,al_misr_arabic,sunni,False,4,4,,2,Dumyat,True,0,Damietta,363,alexandria,3298.0,884.0
2297,MAM,al_suryah_arabic,sunni,False,3,3,salt,2,Gazzah,True,0,Gaza,364,alexandria,3333.0,886.0
2298,MAM,bedouin_arabic,sunni,False,1,1,,1,Sinai,True,0,Sinai,365,alexandria,3336.0,919.0
2299,CAS,berber,animism,False,3,3,unknown,1,TheCanarias,True,0,TheCanarias,366,sevilla,2578.0,930.0
2300,POR,berber,animism,False,3,3,fish,1,TheAzores,True,0,TheAzores,367,sevilla,2385.0,763.0
2301,POR,berber,animism,False,4,4,unknown,1,Funchal,True,0,Madeira,368,sevilla,2541.0,855.0
2302,NOR,norwegian,catholic,False,1,1,fish,1,Kirkwall,True,0,Orkney,369,north_sea,2760.0,334.0
2303,LIV,latvian,catholic,False,3,3,livestock,2,Fellin,True,0,Livland,37,baltic_sea,3199.0,359.0
2304,NOR,icelandic,catholic,False,1,1,fish,1,Reykjavik,True,0,Reykjavik,370,north_sea,2469.0,150.0
2305,NOR,icelandic,catholic,False,1,1,fish,1,Akureyri,True,0,Akureyri,371,north_sea,2547.0,148.0
2306,TYR,irish,catholic,False,3,3,wool,2,Dungannon,True,0,Tyrone,372,north_sea,2693.0,435.0
2307,ENG,irish,catholic,False,3,3,livestock,2,Dublin,True,0,Meath,373,north_sea,2704.0,454.0
2308,LEI,irish,catholic,False,2,2,livestock,2,Wexford,True,0,Leinster,374,north_sea,2702.0,475.0
2309,MNS,irish,catholic,False,3,3,fish,2,Limerick,True,0,Munster,375,north_sea,2666.0,467.0
2310,CNN,irish,catholic,False,2,2,livestock,2,Galway,True,0,Connaught,376,north_sea,2659.0,450.0
2311,SYR,al_suryah_arabic,sunni,False,9,9,silk,4,Halab,True,2,Aleppo,377,aleppo,3388.0,795.0
2312,SYR,al_suryah_arabic,shiite,False,6,6,grain,4,Tripoli,True,1,Tripoli,378,aleppo,3370.0,820.0
2313,MAM,al_suryah_arabic,sunni,False,5,5,grain,3,Jerusalem,True,0,Jerusalem,379,alexandria,3350.0,885.0
2314,RIG,baltic_german,catholic,False,5,5,naval_supplies,1,Riga,True,1,Riga,38,baltic_sea,3188.0,381.0
2315,MAM,bedouin_arabic,sunni,False,1,1,grain,1,AlKarak,True,0,AlKarak,380,alexandria,3370.0,884.0
2316,MAM,al_suryah_arabic,sunni,False,2,2,grain,2,Ajlun,True,0,Ajlun,381,alexandria,3370.0,867.0
2317,SYR,al_suryah_arabic,sunni,False,7,7,iron,6,Dimashq,True,2,Damascus,382,aleppo,3376.0,846.0
2318,MAM,bedouin_arabic,sunni,False,2,2,livestock,1,Tabuk,True,0,Tabuk,383,alexandria,3378.0,931.0
2319,MDA,hejazi_culture,sunni,False,3,3,cloth,3,Medina,True,0,Medina,384,alexandria,3420.0,986.0
2320,HED,hejazi_culture,sunni,False,4,4,incense,4,Makkah,True,0,Mecca,385,alexandria,3432.0,1040.0
2321,MFL,hejazi_culture,shiite,False,2,2,coffee,2,Bishah,True,0,Asir,386,gulf_of_aden,3480.0,1088.0
2322,YEM,yemeni_culture,sunni,False,3,3,coffee,2,Mokha,True,0,Mokha,387,gulf_of_aden,3492.0,1184.0
2323,TUR,yemeni_culture,sunni,False,4,4,incense,3,Aden,True,2,Aden,388,gulf_of_aden,3522.0,1180.0
2324,HDR,yemeni_culture,sunni,False,1,2,incense,2,Mukalla,True,0,Mukalla,389,gulf_of_aden,3553.0,1164.0
2325,LIV,latvian,catholic,False,3,3,naval_supplies,1,Goldingen,True,0,Kurland,39,baltic_sea,3149.0,382.0
2326,RAS,yemeni_culture,shiite,False,4,3,wool,4,Sana'a,True,0,Sanaa,390,gulf_of_aden,3493.0,1148.0
2327,NJR,yemeni_culture,shiite,False,2,2,cloth,2,Najran,True,0,Najran,391,gulf_of_aden,3508.0,1108.0
2328,NAJ,bedouin_arabic,sunni,False,1,1,livestock,1,Diriyah,True,0,Al,392,basra,3540.0,993.0
2329,SHM,bedouin_arabic,sunni,False,1,1,grain,1,Ha'il,True,1,JabalShammar,393,basra,3456.0,954.0
2330,ALH,gulf_arabic,shiite,False,1,1,fish,1,Al-Qatif,True,1,ElCatif,394,basra,3563.0,952.0
2331,ALH,gulf_arabic,shiite,False,2,2,gems,1,Qatar,True,0,Qatar,395,basra,3598.0,990.0
2332,ALH,gulf_arabic,shiite,False,1,1,,2,Manama,True,0,Bahrain,396,basra,3594.0,972.0
2333,ORM,gulf_arabic,shiite,False,1,1,,1,AbuDhabi,True,0,AbuDhabi,397,hormuz,3642.0,1012.0
2334,ORM,gulf_arabic,ibadi,False,2,2,livestock,1,Sharjah,True,0,Qawasim,398,hormuz,3673.0,993.0
2335,ORM,omani_culture,ibadi,False,3,3,,3,Suhar,True,0,Suhar,399,hormuz,3691.0,1004.0
2336,SWE,swedish,catholic,False,2,3,iron,2,Västerås,True,0,Bergslagen,4,baltic_sea,3045.0,309.0
2337,TEU,lithuanian,catholic,False,3,3,livestock,3,Memel,True,0,Memel,40,baltic_sea,3149.0,415.0
2338,ORM,omani_culture,ibadi,False,4,4,,1,Masqat,True,2,Muscat,400,hormuz,3718.0,1022.0
2339,MHR,mahri_culture,sunni,False,1,1,incense,1,Salalah,True,0,Dhofar,401,gulf_of_aden,3649.0,1115.0
2340,MHR,mahri_culture,sunni,False,1,1,incense,1,Qishn,True,0,Mahra,402,gulf_of_aden,3601.0,1146.0
2341,Unowned,Unowned,sunni,False,1,1,unknown,1,Ndzuwani,False,0,Comoros,4020,zanzibar,3496.0,1592.0
2342,BTS,Unowned,Unowned,False,1,2,slaves,1,Ambilobe,True,0,Antankara,4021,zanzibar,3573.0,1610.0
2343,SKA,Unowned,Unowned,False,2,2,slaves,1,Majunga,True,0,Iboina,4022,zanzibar,3545.0,1638.0
2344,BTS,madagasque,Unowned,False,1,1,slaves,1,Tsimihety,True,0,Tsimihety,4023,zanzibar,3552.0,1658.0
2345,BTS,madagasque,Unowned,False,2,2,slaves,1,Maroantsetra,True,0,Maroantsetra,4024,zanzibar,3580.0,1648.0
2346,BTS,madagasque,Unowned,False,3,2,slaves,2,Vatomandry,True,1,Vatomandry,4025,zanzibar,3562.0,1706.0
2347,ANT,madagasque,sunni,False,2,2,slaves,2,Vohipeno,True,0,Antemoro,4026,zanzibar,3551.0,1760.0
2348,Unowned,madagasque,Unowned,False,2,1,slaves,2,Betsileo,True,0,Betsileo,4027,zanzibar,3531.0,1739.0
2349,MFY,madagasque,Unowned,False,2,2,slaves,2,Mahafaly,True,0,Mahafaly,4028,zanzibar,3499.0,1794.0
2350,ANT,madagasque,sunni,False,2,2,slaves,1,Antanosy,True,0,Antanosy,4029,zanzibar,3526.0,1795.0
2351,OMA,omani_culture,ibadi,False,3,3,wool,3,Nizwa,True,0,Nizwa,403,hormuz,3691.0,1031.0
2352,Unowned,madagasque,Unowned,False,1,1,grain,1,Bara,True,0,Bara,4030,zanzibar,3523.0,1771.0
2353,SKA,madagasque,Unowned,False,1,2,slaves,1,Antsalova,True,0,Antsalova,4031,zanzibar,3504.0,1705.0
2354,SKA,madagasque,Unowned,False,2,1,fish,2,Fiherana,True,0,Fiherana,4032,zanzibar,3497.0,1764.0
2355,ALO,nubian,sunni,False,1,1,ivory,1,Al-Qadarif,True,0,AlQadirif,4033,ethiopia,3355.0,1191.0
2356,MKU,makua,Unowned,False,1,2,ivory,1,Makua,True,0,Makua,4034,zambezi,3399.0,1640.0
2357,MKU,makua,Unowned,False,1,1,unknown,1,Ngindo,False,0,Ngindo,4035,zambezi,3405.0,1600.0
2358,MKU,makua,Unowned,False,1,1,unknown,1,Wayao,False,0,Wayao,4036,zambezi,3382.0,1595.0
2359,MRA,nyasa,Unowned,False,2,3,ivory,2,Katsekera,True,0,Katsekera,4037,zambezi,3359.0,1604.0
2360,MKU,nyasa,Unowned,False,1,1,ivory,1,Lolo,True,0,Lolo,4038,zambezi,3368.0,1659.0
2361,LDU,nyasa,Unowned,False,3,2,,4,Mbebwe,True,0,Lundu,4039,zambezi,3332.0,1642.0
2362,YAS,gulf_arabic,sunni,False,1,1,,1,Liwa,True,0,Liwa,404,hormuz,3648.0,1023.0
2363,MRA,nyasa,Unowned,False,3,3,iron,4,Manthimba,True,2,Kalonga,4040,zambezi,3342.0,1620.0
2364,Unowned,bena,Unowned,False,1,1,unknown,1,Kinga,False,0,Kinga,4041,zambezi,3367.0,1537.0
2365,Unowned,makua,Unowned,False,1,1,unknown,1,Makonde,False,0,Makonde,4042,zambezi,3387.0,1556.0
2366,Unowned,nyasa,Unowned,False,1,1,unknown,1,Phangwa,False,0,Phangwa,4043,zambezi,3365.0,1569.0
2367,TBK,nyasa,Unowned,False,2,2,ivory,1,Chilumba,True,0,Ngonde,4044,zambezi,3327.0,1552.0
2368,TBK,nyasa,Unowned,False,2,2,gems,2,Kasungu,True,0,Tumbuka,4045,zambezi,3328.0,1583.0
2369,Unowned,bemba,Unowned,False,1,1,unknown,1,Lala,False,0,Lala,4046,zambezi,3273.0,1619.0
2370,LDU,nyasa,Unowned,False,1,2,livestock,1,Nsenga,True,0,Nsenga,4047,zambezi,3304.0,1613.0
2371,MRA,makua,Unowned,False,1,1,ivory,1,Lomwe,True,0,Lomwe,4048,zambezi,3380.0,1625.0
2372,ZAN,swahili,sunni,False,2,2,ivory,1,Ibo,True,0,Ibo,4049,zanzibar,3430.0,1592.0
2373,FAD,bedouin_arabic,sunni,False,1,1,livestock,2,Tadmuriyah,True,0,Tadmor,405,aleppo,3410.0,829.0
2374,Unowned,bemba,Unowned,False,1,1,unknown,1,Luangwa,False,0,Luangwa,4050,zambezi,3296.0,1581.0
2375,Unowned,somali,sunni,False,1,1,unknown,1,EwasoNgiro,False,0,EwasoNgiro,4051,ethiopia,3433.0,1393.0
2376,Unowned,somali,sunni,False,1,1,unknown,1,Dawa,False,0,Dawa,4052,ethiopia,3441.0,1357.0
2377,Unowned,acholi,Unowned,False,1,1,unknown,1,Turkana,False,0,Turkana,4053,african_great_lakes,3359.0,1364.0
2378,Unowned,masaba,Unowned,False,2,2,unknown,1,Kuria,False,0,Kuria,4054,african_great_lakes,3362.0,1411.0
2379,Unowned,swahili,Unowned,False,1,1,unknown,1,Shambaa,False,0,Shamba,4055,african_great_lakes,3372.0,1471.0
2380,Unowned,takama,Unowned,False,1,1,unknown,1,Gogo,False,0,Gogo,4056,african_great_lakes,3334.0,1492.0
2381,Unowned,takama,Unowned,False,1,1,unknown,1,Nyatura,False,0,Nyatura,4057,african_great_lakes,3351.0,1475.0
2382,Unowned,swahili,Unowned,False,1,1,unknown,1,Zigua,False,0,Zigua,4058,african_great_lakes,3371.0,1498.0
2383,Unowned,masaba,Unowned,False,2,2,unknown,1,Shaga,False,0,Shaga,4059,african_great_lakes,3345.0,1435.0
2384,QAR,al_iraqiya_arabic,sunni,False,2,2,livestock,2,Sahiliyah,True,0,AsSahiliyah,406,basra,3467.0,834.0
2385,Unowned,Unowned,Unowned,False,1,1,unknown,1,Kikuyu,False,0,Kikuyu,4060,african_great_lakes,3388.0,1384.0
2386,KRW,takama,Unowned,False,2,2,iron,2,Buzinza,True,0,Buzinza,4061,african_great_lakes,3324.0,1448.0
2387,BSG,masaba,Unowned,False,3,3,fish,3,Bukaleeba,True,0,Basoga,4062,african_great_lakes,3339.0,1384.0
2388,KRW,ganda,Unowned,False,3,3,iron,2,Karagwe,True,0,Karagwe,4063,african_great_lakes,3293.0,1431.0
2389,BUG,ganda,Unowned,False,4,4,salt,4,Buganda,True,2,Buganda,4064,african_great_lakes,3306.0,1398.0
2390,BNY,ganda,Unowned,False,4,3,salt,3,Mugenyi,True,0,Bunyoro,4065,african_great_lakes,3296.0,1378.0
2391,NKO,ganda,Unowned,False,3,3,grain,2,Nkore,True,0,Ndorwe,4066,african_great_lakes,3277.0,1405.0
2392,RWA,rwandan,Unowned,False,4,4,iron,3,Nduga,True,0,Nduga,4067,african_great_lakes,3272.0,1429.0
2393,RWA,rwandan,Unowned,False,2,2,grain,3,Bafuriru,True,0,Buzozo,4068,african_great_lakes,3255.0,1445.0
2394,UBH,rwandan,Unowned,False,3,3,grain,3,Bushubi,True,0,Bushubi,4069,african_great_lakes,3283.0,1446.0
2395,MAM,al_suryah_arabic,sunni,False,1,1,livestock,1,ArRaqqa,True,0,ArRaqqa,407,aleppo,3422.0,799.0
2396,BUU,rwandan,Unowned,False,3,3,iron,3,Nkoma,True,0,Nkoma,4070,african_great_lakes,3274.0,1465.0
2397,UBH,Unowned,Unowned,False,2,2,grain,1,Buyogoma,True,0,Buyogoma,4071,african_great_lakes,3301.0,1462.0
2398,UBH,Unowned,Unowned,False,2,2,salt,2,Ruguru,True,0,Ruguru,4072,african_great_lakes,3289.0,1485.0
2399,Unowned,bena,Unowned,False,1,1,unknown,1,Hehe,False,0,Hehe,4073,african_great_lakes,3335.0,1521.0
2400,BNY,acholi,Unowned,False,1,1,livestock,2,Pubungo,True,0,Pubungo,4074,african_great_lakes,3308.0,1354.0
2401,Unowned,acholi,Unowned,False,1,1,unknown,1,Lango,False,0,Lango,4075,african_great_lakes,3332.0,1357.0
2402,Unowned,takama,Unowned,False,2,2,unknown,2,Muhambwe,False,0,Muhambwe,4076,african_great_lakes,3318.0,1482.0
2403,Unowned,bena,Unowned,False,2,2,unknown,1,Rukwa,False,0,Rukwa,4077,african_great_lakes,3300.0,1527.0
2404,LOA,kongolese,Unowned,False,2,1,ivory,2,Mayumba,True,0,Mayumba,4078,ivory_coast,2971.0,1437.0
2405,KON,kongolese,Unowned,False,3,2,ivory,2,Ngoyo,True,0,Ngoyo,4079,ivory_coast,3008.0,1485.0
2406,MSY,al_iraqiya_arabic,shiite,False,3,3,salt,5,Basra,True,1,Basra,408,basra,3552.0,899.0
2407,KON,kongolese,Unowned,False,4,3,slaves,4,Soyo,True,0,Soyo,4080,ivory_coast,3010.0,1506.0
2408,KON,kongolese,Unowned,False,1,1,spices,1,Okango,True,0,Tyo,4081,kongo,3063.0,1465.0
2409,KSJ,mbangala,Unowned,False,2,2,slaves,2,Kasanje,True,0,Kasanje,4082,kongo,3091.0,1559.0
2410,KSJ,mbangala,Unowned,False,2,2,slaves,3,Shinje,True,0,Shinje,4083,kongo,3101.0,1540.0
2411,KSJ,mbangala,Unowned,False,1,1,slaves,1,Malem,True,0,Malem,4084,kongo,3077.0,1579.0
2412,YAK,yaka,Unowned,False,3,2,slaves,3,Yaka,True,0,Yaka,4085,kongo,3075.0,1490.0
2413,KUB,kuba,Unowned,False,1,1,tropical_wood,2,Nunu,True,0,Nunu,4086,kongo,3104.0,1461.0
2414,YAK,yaka,Unowned,False,1,2,slaves,2,Kumbana,True,0,Kumbana,4087,kongo,3112.0,1502.0
2415,KUB,kuba,Unowned,False,2,2,spices,2,Munene,True,0,Munene,4088,kongo,3138.0,1489.0
2416,KUB,kuba,Unowned,False,2,1,cloth,3,Kuba,True,1,Kuba,4089,kongo,3156.0,1465.0
2417,QAR,al_iraqiya_arabic,shiite,False,2,2,wool,2,Karbala,True,0,Hillah,409,basra,3487.0,857.0
2418,KLD,luba,Unowned,False,1,1,grain,1,Songye,True,0,Songye,4090,kongo,3185.0,1478.0
2419,LND,lunda,Unowned,False,2,2,spices,2,Mpasu,True,0,Mpasu,4091,kongo,3143.0,1523.0
2420,LND,lunda,Unowned,False,3,3,ivory,3,Musumba,True,1,Rund,4092,kongo,3151.0,1548.0
2421,LND,lunda,Unowned,False,2,2,ivory,1,Lwena,True,0,Lwena,4093,kongo,3143.0,1569.0
2422,CKW,chokwe,Unowned,False,1,1,ivory,2,Chokwe,True,0,Chokwe,4094,kongo,3138.0,1598.0
2423,CKW,chokwe,Unowned,False,2,2,ivory,1,Ishindi,True,0,Ishindi,4095,kongo,3180.0,1594.0
2424,KLD,luba,Unowned,False,2,2,livestock,2,Kalundwe,True,0,Kalundwe,4096,kongo,3177.0,1516.0
2425,LUB,luba,Unowned,False,3,3,iron,3,Luba,True,1,Luba,4097,kongo,3208.0,1510.0
2426,KIK,luba,Unowned,False,2,2,salt,1,Kikondja,True,0,Upemba,4098,kongo,3212.0,1541.0
2427,LUB,luba,Unowned,False,2,2,iron,3,Hemba,True,0,Hemba,4099,kongo,3245.0,1508.0
2428,TEU,prussian,catholic,False,5,5,,3,Königsberg,True,1,Konigsberg,41,baltic_sea,3132.0,428.0
2429,QAR,al_iraqiya_arabic,sunni,False,4,4,cloth,4,Baghdad,True,1,Baghdad,410,basra,3501.0,847.0
2430,KZB,luba,Unowned,False,3,2,copper,3,Luapala,True,0,Luapala,4100,kongo,3250.0,1542.0
2431,KZB,luba,Unowned,False,2,3,salt,2,Lualaba,True,0,Lualaba,4101,kongo,3224.0,1564.0
2432,Unowned,bemba,Unowned,False,1,1,unknown,1,Bemba,False,0,Bemba,4102,kongo,3276.0,1568.0
2433,KZB,luba,Unowned,False,2,2,copper,2,Tabwa,True,0,Tabwa,4103,kongo,3275.0,1524.0
2434,Unowned,bemba,Unowned,False,1,1,unknown,1,Lamba,False,0,Lamba,4104,zambezi,3251.0,1601.0
2435,LUB,luba,Unowned,False,2,2,livestock,2,Kusu,True,0,Kusu,4105,kongo,3218.0,1473.0
2436,Unowned,bemba,Unowned,False,1,1,unknown,1,Lenje,False,0,Lenje,4106,zambezi,3233.0,1646.0
2437,KIK,luba,Unowned,False,1,2,copper,2,Kanongesha,True,0,Kanongesha,4107,kongo,3193.0,1572.0
2438,Unowned,bemba,Unowned,False,1,1,unknown,1,Kaonde,False,0,Kaonde,4108,zambezi,3207.0,1609.0
2439,Unowned,luba,Unowned,False,2,2,unknown,2,Lega,False,0,Lega,4109,kongo,3244.0,1464.0
2440,QAR,kurdish,sunni,False,4,4,cloth,4,Mosul,True,0,Mosul,411,aleppo,3479.0,791.0
2441,SCO,highland_scottish,catholic,False,2,2,grain,2,Dornoch,True,0,Sutherland,4110,north_sea,2736.0,359.0
2442,FRA,cosmopolitan_french,catholic,False,4,4,grain,2,Saintes,True,0,Saintonge,4111,bordeaux,2793.0,614.0
2443,FRA,gascon,catholic,False,3,3,wine,3,Cahors,True,0,Cahors,4112,bordeaux,2825.0,642.0
2444,SWE,Unowned,catholic,False,1,1,fur,1,Rovaniemi,True,0,Rovaniemi,4113,baltic_sea,3214.0,158.0
2445,SWE,sapmi,catholic,False,1,1,unknown,1,Jokkmokk,True,0,NorthernLappmarks,4114,baltic_sea,3125.0,129.0
2446,LIT,byelorussian,orthodox,False,2,2,grain,2,Mazyr,True,0,Mazyr,4115,kiev,3280.0,485.0
2447,Unowned,ryazanian,orthodox,False,3,3,grain,3,Odayev,True,0,UpperOka,4116,kiev,3368.0,460.0
2448,MOS,novgorodian,orthodox,False,2,2,naval_supplies,1,Bezhetsk,True,0,Bezhetsk,4117,,3384.0,357.0
2449,DMS,irish,catholic,False,2,3,copper,1,Cork,True,1,Desmond,4118,north_sea,2673.0,483.0
2450,SLN,irish,catholic,False,3,3,naval_supplies,2,Sligo,True,0,Sligo,4119,north_sea,2676.0,447.0
2451,MSY,al_iraqiya_arabic,shiite,False,4,4,sugar,1,Ahvaz,True,0,Khuzestan,412,basra,3571.0,887.0
2452,KID,irish,catholic,False,3,3,grain,3,Naas,True,0,Kildare,4120,north_sea,2696.0,463.0
2453,ULS,irish,catholic,False,3,3,grain,2,Carrickfergus,True,0,Ulster,4121,north_sea,2711.0,431.0
2454,NOV,novgorodian,orthodox,False,1,1,fur,1,Shenkursk,True,0,Shenkursk,4122,white_sea,3465.0,253.0
2455,SWE,finnish,catholic,False,1,1,fur,1,Messukylä,True,0,Birkaland,4123,baltic_sea,3180.0,270.0
2456,NOV,karelian,orthodox,False,1,1,fur,1,Lieksa,True,0,Kovero,4124,,3273.0,242.0
2457,HUN,hungarian,catholic,False,3,3,livestock,2,Szolnok,True,0,Szolnok,4125,pest,3126.0,576.0
2458,HUN,hungarian,catholic,False,2,2,livestock,1,Bács,True,0,Bacs,4126,pest,3111.0,608.0
2459,HUN,transylvanian,orthodox,False,2,2,,2,Turda,True,1,Turda,4127,pest,3178.0,588.0
2460,HUN,Unowned,catholic,False,3,3,cloth,2,Sibiu,True,0,Kiralyfold,4128,pest,3190.0,611.0
2461,PRM,uralic,orthodox,False,1,1,fur,1,Ust-Vym,True,0,UstVym,4129,white_sea,3572.0,268.0
2462,LRI,luri,shiite,False,3,3,grain,2,Khorramabad,True,0,Lorestan,413,basra,3567.0,847.0
2463,ENG,english,catholic,False,2,2,wool,1,Bath,True,0,Somerset,4130,english_channel,2759.0,506.0
2464,RFR,togoku,shinto,False,3,3,livestock,2,Sannohe,True,0,Mutsu,4131,nippon,5006.0,720.0
2465,Unowned,Unowned,Unowned,False,0,0,,0,Mweru,False,0,Mweru,4132,,3254.0,1540.0
2466,Unowned,Unowned,Unowned,False,0,0,,0,Kivu,False,0,Kivu,4133,,3260.0,1430.0
2467,Unowned,Unowned,Unowned,False,0,0,,0,Rutanzige,False,0,Rutanzige,4134,,3268.0,1403.0
2468,Unowned,Unowned,Unowned,False,0,0,,0,Albert,False,0,Albert,4135,,3288.0,1371.0
2469,Unowned,Unowned,Unowned,False,0,0,,0,Zaysan,False,0,Zaysan,4136,,4079.0,550.0
2470,Unowned,Unowned,Unowned,False,0,0,,0,Alakol,False,0,Alakol,4137,,4072.0,606.0
2471,Unowned,Unowned,Unowned,False,0,0,,0,IssykKul,False,0,IssykKul,4138,,4009.0,677.0
2472,Unowned,Unowned,Unowned,False,0,0,,0,Oulujarvi,False,0,Oulujarvi,4139,,3238.0,215.0
2473,TIM,luri,sunni,False,2,2,cloth,2,Hamedan,True,0,Hamadan,414,basra,3574.0,823.0
2474,Unowned,Unowned,Unowned,False,0,0,,0,Saimaa,False,0,Saimaa,4140,,3247.0,279.0
2475,DTT,lower_saxon,catholic,True,2,3,grain,3,Meldorf,True,0,Ditmarschen,4141,,2944.0,444.0
2476,DAN,danish,catholic,False,4,4,naval_supplies,3,Aarhus,True,1,Aarhus,4142,,2965.0,397.0
2477,NOR,norwegian,catholic,False,3,3,naval_supplies,2,Moss,True,0,Smalenene,4143,,2983.0,322.0
2478,NOR,norwegian,catholic,False,2,2,naval_supplies,1,Bratsberg,True,0,Bratsberg,4144,,2945.0,326.0
2479,NOR,norwegian,catholic,False,1,2,iron,1,Mandal,True,0,Agdesiden,4145,north_sea,2927.0,344.0
2480,Unowned,Unowned,Unowned,False,0,0,,0,Jotenheimen,False,0,Jotenheimen,4146,north_sea,2938.0,288.0
2481,RSO,russian,orthodox,False,3,3,grain,2,Rostov,True,0,Rostov,4147,,3410.0,379.0
2482,NOV,novgorodian,orthodox,False,2,1,naval_supplies,1,Luki,True,0,Luki,4148,,3276.0,382.0
2483,DAN,danish,catholic,False,3,3,livestock,2,Kolding,True,0,Kolding,4149,,2954.0,406.0
2484,TIM,kurdish,sunni,False,3,3,grain,3,Kirkuk,True,0,Shahrizor,415,basra,3500.0,812.0
2485,POR,portugese,catholic,False,3,2,wine,2,Évora,True,0,Evora,4150,sevilla,2685.0,744.0
2486,SWE,sapmi,catholic,False,1,1,fur,1,Inari,True,0,Inari,4151,white_sea,3204.0,103.0
2487,SWE,sapmi,catholic,False,1,1,fur,1,Maanselkä,True,0,Kajaani,4152,baltic_sea,3249.0,181.0
2488,Unowned,Unowned,Unowned,False,0,0,,0,TheSkands,False,0,TheSkands,4153,north_sea,3083.0,140.0
2489,Unowned,Unowned,Unowned,False,0,0,,0,ThePyrenees,False,0,ThePyrenees,4154,,2813.0,673.0
2490,Unowned,Unowned,Unowned,False,0,0,,0,TheCarpathians,False,0,TheCarpathians,4155,,3192.0,582.0
2491,Unowned,Unowned,Unowned,False,0,0,,0,TheCaucasus,False,0,TheCaucasus,4156,,3497.0,676.0
2492,Unowned,Unowned,Unowned,False,0,0,,0,TheAlps,False,0,TheAlps,4157,,2908.0,629.0
2493,JJI,sidamo,shamanism,False,1,2,slaves,1,Fofa,True,0,Janjero,4158,ethiopia,3389.0,1265.0
2494,Unowned,Unowned,Unowned,False,0,0,,0,TheAlps2,False,0,TheAlps2,4159,,3003.0,585.0
2495,QAR,azerbaijani,shiite,False,7,7,silk,3,Tabriz,True,2,Tabriz,416,persia,3532.0,761.0
2496,Unowned,Unowned,Unowned,False,0,0,,0,TheAlps3,False,0,TheAlps3,4160,,2962.0,597.0
2497,Unowned,Unowned,Unowned,False,0,0,,0,TheAlps4,False,0,TheAlps4,4161,,2924.0,607.0
2498,Unowned,Unowned,Unowned,False,0,0,,0,TheAlps5,False,0,TheAlps5,4162,,2924.0,594.0
2499,SWE,swedish,catholic,False,2,1,grain,1,Elfsborg,True,1,Elfsborg,4163,,3006.0,363.0
2500,SWE,swedish,catholic,False,1,1,naval_supplies,1,Dalaborg,True,0,Dal,4164,,2995.0,334.0
2501,DAN,danish,catholic,False,3,3,livestock,3,Gladsax,True,0,Goinge,4165,,3023.0,404.0
2502,SWE,swedish,catholic,False,1,1,naval_supplies,1,Växjö,True,0,Tioharad,4166,baltic_sea,3031.0,378.0
2503,Unowned,Unowned,Unowned,False,0,0,,0,HighAtlas,False,0,HighAtlas,4167,,2726.0,862.0
2504,Unowned,Unowned,Unowned,False,0,0,,0,HighAtlas2,False,0,HighAtlas2,4168,,2767.0,841.0
2505,Unowned,Unowned,Unowned,False,0,0,,0,Aures,False,0,Aures,4169,,2916.0,807.0
2506,KRY,mazandarani,shiite,False,5,5,silk,2,Lahijan,True,0,Lahijan,417,persia,3587.0,780.0
2507,Unowned,Unowned,Unowned,False,0,0,,0,Zagros,False,0,Zagros,4170,persia,3599.0,864.0
2508,TIM,persian,sunni,False,1,1,,1,Abarquh,True,0,Abarquh,4171,persia,3640.0,883.0
2509,Unowned,Unowned,Unowned,False,0,0,,0,Zagros2,False,0,Zagros2,4172,persia,3547.0,797.0
2510,HUN,serbian,orthodox,False,2,2,grain,1,Mitrovica,True,0,Syrmia,4173,pest,3111.0,623.0
2511,VEN,albanian,orthodox,False,2,2,salt,1,Durrës,True,1,Durres,4174,ragusa,3113.0,704.0
2512,ALB,albanian,orthodox,False,2,2,wool,2,Lezhë,True,0,Lezhe,4175,ragusa,3119.0,686.0
2513,SER,serbian,orthodox,False,3,3,livestock,1,Kruševac,True,0,Branicevo,4176,ragusa,3141.0,642.0
2514,Unowned,Unowned,Unowned,False,0,0,,0,Elburz,False,0,Elburz,4177,persia,3628.0,796.0
2515,Unowned,Unowned,Unowned,False,0,0,,0,PonticMountains,False,0,PonticMountains,4178,,3410.0,719.0
2516,Unowned,Unowned,Unowned,False,0,0,,0,ArmenianHighlands,False,0,ArmenianHighlands,4179,persia,3494.0,751.0
2517,AKK,kurdish,sunni,False,3,3,livestock,2,Diyarbakir,True,1,Diyarbakir,418,aleppo,3431.0,761.0
2518,ITO,kyushuan,shinto,False,3,2,livestock,2,Obi,True,0,Hyuga,4180,nippon,4855.0,869.0
2519,KKC,kyushuan,shinto,False,2,3,fish,3,Kumamoto,True,0,Higo,4181,nippon,4843.0,859.0
2520,SHN,kyushuan,shinto,False,5,2,naval_supplies,2,Nagasaki,True,0,Hizen,4182,nippon,4831.0,851.0
2521,YMN,japanese,shinto,False,4,2,fish,2,Hamada,True,0,Iwami,4183,nippon,4871.0,818.0
2522,YMN,japanese,shinto,False,3,2,iron,2,Okayama,True,0,Bizen,4184,nippon,4897.0,818.0
2523,ISK,japanese,shinto,False,3,2,fish,2,Miyazu,True,0,Tango,4185,nippon,4918.0,809.0
2524,KNO,japanese,shinto,False,3,2,copper,2,Yuzuki,True,0,Iyo,4186,nippon,4880.0,842.0
2525,HTK,japanese,shinto,False,2,3,naval_supplies,2,Wakayama,True,0,Kii,4187,nippon,4922.0,837.0
2526,OGS,togoku,shinto,False,2,2,livestock,2,Nagano,True,0,Shinano,4188,nippon,4960.0,796.0
2527,ASK,togoku,shinto,False,3,2,iron,3,Kamakura,True,0,Sagami,4189,nippon,4979.0,814.0
2528,TIM,armenian,coptic,False,4,4,wine,3,Yerevan,True,1,Yerevan,419,persia,3501.0,719.0
2529,CBA,togoku,shinto,False,2,1,fish,2,Sakura,True,0,Shimousa,4190,nippon,4994.0,808.0
2530,UTN,togoku,shinto,False,2,2,grain,2,Utsunomiya,True,0,Shimotsuke,4191,nippon,4990.0,782.0
2531,AKT,togoku,shinto,False,2,2,fish,2,Akita,True,0,Ugo,4192,nippon,4995.0,727.0
2532,AKT,togoku,shinto,False,1,1,fish,1,Katsuyama,True,0,Oshima,4193,nippon,4996.0,685.0
2533,MNG,chihan,confucianism,False,3,3,grain,2,Yongping,True,0,Yongping,4194,beijing,4659.0,721.0
2534,MNG,chihan,confucianism,False,2,2,grain,2,Zhending,True,0,Zhending,4195,beijing,4598.0,757.0
2535,MNG,jianghuai,confucianism,False,3,3,fish,2,Haizhou,True,0,Haizhou,4196,hangzhou,4664.0,822.0
2536,MNG,hubei,confucianism,False,2,2,grain,1,Huangzhou,True,0,Huangzhou,4197,xian,4604.0,888.0
2537,MNG,xibei,confucianism,False,2,2,grain,1,Fengxiang,True,0,Fengxiang,4198,xian,4483.0,823.0
2538,MNG,miao,animism,False,1,1,tea,1,Tongren,True,0,Tongren,4199,canton,4497.0,934.0
2539,TEU,prussian,catholic,False,3,3,naval_supplies,2,Allenstein,True,0,Warmia,42,baltic_sea,3125.0,445.0
2540,QAR,azerbaijani,shiite,False,2,2,cotton,2,Ganja,True,0,Ganja,420,persia,3527.0,711.0
2541,MYR,manchu,tengri_pagan_reformed,False,1,2,livestock,2,Hulan,True,0,Hulan,4200,girin,4783.0,593.0
2542,MJZ,manchu,confucianism,False,4,3,fur,3,Jianzhou,True,0,Jianzhou,4201,girin,4783.0,680.0
2543,KRC,chahar,vajrayana,False,2,2,livestock,1,Baichungtze,True,0,Taining,4202,girin,4728.0,624.0
2544,KHA,mongol,vajrayana,False,3,2,livestock,2,Ulanhad,True,0,JuUd,4203,girin,4666.0,638.0
2545,SYG,oirats,vajrayana,False,1,1,livestock,2,Anding,True,0,Anding,4204,lhasa,4328.0,759.0
2546,UTS,tibetan,vajrayana,False,1,1,livestock,1,Nagchu,True,0,Nagchu,4205,lhasa,4254.0,874.0
2547,KHA,oirats,tengri_pagan_reformed,False,1,1,livestock,1,Balikul,True,0,Balikul,4206,yumen,4266.0,645.0
2548,KAS,uyghur,tengri_pagan_reformed,False,3,3,wine,2,Balikul,True,0,Turpan,4207,yumen,4203.0,680.0
2549,OIR,uyghur,sunni,False,2,2,grain,1,Balikul,True,0,Qurqara,4208,yumen,4110.0,645.0
2550,KAS,uyghur,sunni,False,2,2,wool,1,Maralbexi,True,0,Maralbexi,4209,samarkand,4031.0,738.0
2551,SRV,azerbaijani,sunni,False,3,3,,2,Baku,True,0,Shirvan,421,persia,3573.0,727.0
2552,KAS,uyghur,sunni,False,2,2,wool,1,YangiHissar,True,0,YangiHissar,4210,samarkand,3983.0,762.0
2553,MNG,sichuanese,confucianism,False,2,2,grain,1,Dazhou,True,0,Dazhou,4211,chengdu,4495.0,875.0
2554,MNG,sichuanese,confucianism,False,3,2,tea,2,Jiazhou,True,0,Jiazhou,4212,chengdu,4423.0,905.0
2555,MNG,sichuanese,confucianism,False,2,2,grain,2,Luzhou,True,0,Luzhou,4213,chengdu,4445.0,923.0
2556,NVK,nivkh,tengri_pagan_reformed,False,1,1,fur,1,Kalar,True,0,Kalar,4214,girin,4968.0,494.0
2557,EJZ,manchu,tengri_pagan_reformed,False,1,1,naval_supplies,1,Fudali,True,0,Fudali,4215,girin,4932.0,536.0
2558,NHX,manchu,tengri_pagan_reformed,False,1,1,fish,1,Ulch,True,0,Ulch,4216,girin,4965.0,532.0
2559,NHX,manchu,tengri_pagan_reformed,False,2,2,naval_supplies,2,Pijin,True,0,Pijin,4217,girin,4915.0,599.0
2560,KRC,chahar,tengri_pagan_reformed,False,1,1,livestock,1,Buteha,True,0,Buteha,4218,girin,4731.0,549.0
2561,KHA,khalkha,tengri_pagan_reformed,False,1,1,livestock,2,BayanTumen,True,0,BayanTumen,4219,yumen,4633.0,580.0
2562,GEO,georgian,orthodox,False,3,3,cloth,3,Kutaisi,True,0,Imereti,422,crimea,3476.0,680.0
2563,KHA,khalkha,tengri_pagan_reformed,False,2,2,fur,3,Khiagt,True,0,Khiagt,4220,yumen,4477.0,531.0
2564,KHA,khalkha,tengri_pagan_reformed,False,1,1,livestock,1,Dundgovi,True,0,Dundgovi,4221,yumen,4465.0,619.0
2565,KHA,oirats,tengri_pagan_reformed,False,1,1,livestock,2,Ulaangom,True,0,Ulaangom,4222,yumen,4241.0,538.0
2566,MNG,mongol,vajrayana,False,1,1,livestock,2,Otog,True,0,Hetao,4223,xian,4491.0,734.0
2567,Unowned,Unowned,Unowned,False,0,0,,0,TokaiSea,False,0,TokaiSea,4224,,4994.0,816.0
2568,Unowned,Unowned,Unowned,False,0,0,,0,HokkaidoCoast,False,0,HokkaidoCoast,4225,,5075.0,661.0
2569,Unowned,Unowned,Unowned,False,0,0,,0,JapanBasin,False,0,JapanBasin,4226,,4914.0,683.0
2570,KOR,korean,confucianism,False,4,3,paper,2,Jinju,True,0,Daegu,4227,nippon,4807.0,809.0
2571,KOR,korean,confucianism,False,3,3,,2,Naju,True,0,Naju,4228,nippon,4787.0,816.0
2572,KOR,korean,confucianism,False,3,2,cotton,1,Chungju,True,0,Chungju,4229,nippon,4803.0,789.0
2573,GEO,georgian,orthodox,False,4,4,dyes,2,T'bilisi,True,1,Tblisi,423,crimea,3505.0,699.0
2574,KOR,korean,confucianism,False,3,3,chinaware,1,Suwon,True,0,Suwon,4230,nippon,4792.0,777.0
2575,KOR,korean,confucianism,False,2,2,naval_supplies,1,Haeju,True,0,Haeju,4231,nippon,4778.0,752.0
2576,KOR,korean,confucianism,False,2,2,fur,1,Ganggye,True,0,Ganggye,4232,nippon,4782.0,706.0
2577,Unowned,Unowned,Unowned,False,0,0,,0,BohaiSea,False,0,BohaiSea,4233,beijing,4677.0,741.0
2578,Unowned,Unowned,Unowned,False,0,0,,0,WesternYellowSea,False,0,WesternYellowSea,4234,,4699.0,811.0
2579,Unowned,Unowned,Unowned,False,0,0,,0,VistulaLagoon,False,0,VistulaLagoon,4235,,3115.0,436.0
2580,HUN,slovak,catholic,False,2,3,iron,1,Trencin,True,0,Trencin,4236,pest,3100.0,542.0
2581,BOH,czech,hussite,True,3,3,grain,2,Olomouc,True,0,Olomouc,4237,,3072.0,531.0
2582,GLG,schlesian,catholic,True,4,4,glass,2,Liegnitz,True,0,Leignitz,4238,krakow,3061.0,511.0
2583,SER,serbian,orthodox,False,4,4,cloth,2,Belgrade,True,1,Belgrade,4239,ragusa,3116.0,632.0
2584,ARL,azerbaijani,shiite,False,3,3,dyes,3,Ardabil,True,0,Ardabil,424,persia,3547.0,748.0
2585,HUN,hungarian,catholic,False,3,3,livestock,2,Fehérvár,True,0,Fejer,4240,pest,3088.0,583.0
2586,LIV,latvian,catholic,False,2,2,livestock,2,Wenden,True,0,Wenden,4241,baltic_sea,3214.0,382.0
2587,LIT,byelorussian,orthodox,False,2,2,iron,1,Ula,True,0,Ula,4242,kiev,3256.0,433.0
2588,LIT,byelorussian,orthodox,False,2,2,grain,1,Toropets,True,0,Toropets,4243,,3305.0,394.0
2589,LIT,ryazanian,orthodox,False,2,2,grain,1,Trubchevsk,True,0,Starodub,4244,kiev,3314.0,471.0
2590,SMO,ryazanian,orthodox,False,2,2,cloth,1,Vyazma,True,0,Vyazma,4245,kiev,3332.0,419.0
2591,LIT,byelorussian,orthodox,False,1,1,wool,1,Mstsislaw,True,0,Mstislav,4246,kiev,3297.0,448.0
2592,LIT,ruthenian,orthodox,False,1,2,grain,1,Ovruch,True,0,Owrucz,4247,kiev,3245.0,503.0
2593,TVE,russian,orthodox,False,3,3,livestock,1,Kashin,True,0,Kashin,4248,,3387.0,384.0
2594,TVE,russian,orthodox,False,2,2,grain,1,Zubtsov,True,0,Zubtsov,4249,,3357.0,394.0
2595,SRV,dagestani,sunni,False,3,3,fish,1,Derbent,True,0,Dagestan,425,astrakhan,3566.0,696.0
2596,YAR,russian,orthodox,False,2,2,livestock,2,Mologa,True,0,Mologa,4250,,3405.0,354.0
2597,MOS,russian,orthodox,False,3,3,grain,2,Mozhaisk,True,0,Mozhaisk,4251,,3362.0,413.0
2598,MOS,russian,orthodox,False,2,2,livestock,2,Kolomna,True,0,Kolomna,4252,,3398.0,423.0
2599,MOS,russian,orthodox,False,3,3,salt,2,Yuriev,True,1,Yuriev,4253,,3413.0,399.0
2600,MOS,russian,orthodox,False,3,2,grain,2,Starodub,True,0,Starodub,4254,,3471.0,388.0
2601,RYA,ryazanian,orthodox,False,2,2,iron,2,Pronsk,True,0,Pronsk,4255,,3419.0,462.0
2602,NOV,novgorodian,orthodox,False,1,1,fur,1,Solvychegodsk,True,0,Solvychegodsk,4256,white_sea,3514.0,246.0
2603,NOV,novgorodian,orthodox,False,1,1,fish,1,Mezen,True,0,Mezen,4257,white_sea,3494.0,182.0
2604,NOV,novgorodian,orthodox,False,1,1,fur,1,Onega,True,0,Onega,4258,white_sea,3408.0,219.0
2605,NOV,russian,orthodox,False,1,1,fur,1,Velsk,True,0,Velsk,4259,,3417.0,295.0
2606,TAB,mazandarani,shiite,False,4,4,silk,2,Amol,True,0,Amol,426,persia,3609.0,789.0
2607,NOV,novgorodian,orthodox,False,2,2,naval_supplies,2,VyshnyVolochyok,True,0,VyshnyVolochyok,4260,,3346.0,349.0
2608,BLO,novgorodian,orthodox,False,2,2,naval_supplies,1,Ustyuzhna,True,0,Ustyuzhna,4261,,3375.0,324.0
2609,MOS,russian,orthodox,False,1,1,fur,1,Totma,True,0,Totma,4262,white_sea,3455.0,301.0
2610,MOS,russian,orthodox,False,1,1,grain,1,SolGalitskaya,True,0,SolGalitskaya,4263,white_sea,3466.0,327.0
2611,KAZ,kazani,sunni,False,2,2,grain,2,Tetyushi,True,0,Tetyushi,4264,kazan,3559.0,416.0
2612,KAZ,kazani,sunni,False,2,2,grain,2,Ar-Chally,True,0,ArChally,4265,kazan,3635.0,424.0
2613,KAZ,uralic,Unowned,False,2,1,iron,2,Izhkar,True,0,Izhkar,4266,kazan,3626.0,361.0
2614,KAZ,kazani,sunni,False,2,2,iron,2,Bolgar,True,0,Bolgar,4267,kazan,3580.0,439.0
2615,MAM,bedouin_arabic,sunni,False,1,1,fish,1,Aqaba,True,0,Aqaba,4268,alexandria,3357.0,920.0
2616,MAM,bedouin_arabic,sunni,False,1,1,fish,1,AlWajh,True,0,AlWajh,4269,alexandria,3379.0,968.0
2617,TIM,khorasani,sunni,False,1,1,wool,1,Damghan,True,0,Qumis,427,persia,3667.0,810.0
2618,FAD,bedouin_arabic,sunni,False,1,1,livestock,2,Azraq,True,0,Azraq,4270,aleppo,3396.0,866.0
2619,FAD,bedouin_arabic,shiite,False,1,1,livestock,1,As-Suwayda,True,0,Suwaida,4271,aleppo,3388.0,852.0
2620,ANZ,bedouin_arabic,sunni,False,1,1,livestock,2,Karah,True,0,Jawf,4272,basra,3416.0,901.0
2621,NAJ,bedouin_arabic,sunni,False,1,1,livestock,1,Kariatan,True,0,Karaitan,4273,basra,3496.0,1007.0
2622,NAJ,bedouin_arabic,sunni,False,2,1,grain,2,al-Hauta,True,0,Sudayr,4274,basra,3528.0,974.0
2623,DAW,bedouin_arabic,sunni,False,1,1,livestock,2,Kharj,True,0,Yamamah,4275,basra,3551.0,1011.0
2624,Unowned,Unowned,Unowned,False,0,0,,0,Tubaiq,False,0,Tubaiq,4276,basra,3503.0,1039.0
2625,HED,hejazi_culture,sunni,False,2,3,wool,2,Taif,True,0,Taif,4277,alexandria,3456.0,1032.0
2626,HED,hejazi_culture,shiite,False,2,2,incense,2,Qunfudhah,True,0,Qunfudah,4278,alexandria,3449.0,1082.0
2627,YEM,yemeni_culture,sunni,False,3,3,coffee,2,Zabid,True,1,Zabid,4279,gulf_of_aden,3481.0,1153.0
2628,TIM,persian,shiite,False,5,5,silk,4,Teheran,True,1,Teheran,428,persia,3607.0,807.0
2629,YEM,yemeni_culture,shiite,False,4,4,coffee,2,Taiz,True,0,Taiz,4280,gulf_of_aden,3497.0,1177.0
2630,TUR,yemeni_culture,shiite,False,4,4,livestock,3,Dhamar,True,0,Dhamar,4281,gulf_of_aden,3504.0,1163.0
2631,RAS,yemeni_culture,shiite,False,2,2,coffee,2,Sahda,True,0,Sahda,4282,gulf_of_aden,3492.0,1120.0
2632,HDR,yemeni_culture,sunni,False,2,2,incense,2,Shihr,True,1,Shihr,4283,gulf_of_aden,3578.0,1155.0
2633,MHR,mahri_culture,sunni,False,1,1,fish,1,AlGhayda,True,0,AlGhayda,4284,gulf_of_aden,3610.0,1127.0
2634,OMA,omani_culture,ibadi,False,2,1,livestock,2,Ibri,True,0,Baraimi,4285,hormuz,3681.0,1018.0
2635,ORM,omani_culture,ibadi,False,2,2,spices,1,Qalhat,True,0,Sur,4286,hormuz,3727.0,1046.0
2636,OMA,omani_culture,ibadi,False,2,2,grain,2,Ibra,True,0,Ibra,4287,hormuz,3713.0,1040.0
2637,MSY,al_iraqiya_arabic,sunni,False,2,2,,3,al-Qurna,True,0,Shatt,4288,basra,3537.0,885.0
2638,MSY,persian,shiite,False,2,2,silk,2,Shushtar,True,0,Shushtar,4289,basra,3568.0,862.0
2639,TIM,persian,sunni,False,4,4,paper,3,Esfahan,True,2,Isfahan,429,persia,3617.0,856.0
2640,MSY,al_iraqiya_arabic,shiite,False,3,3,grain,2,Hoveyzeh,True,0,Hoveyzeh,4290,basra,3550.0,864.0
2641,QAR,al_iraqiya_arabic,sunni,False,3,3,cotton,1,Qazaniya,True,0,Qazania,4291,basra,3522.0,840.0
2642,AKK,kurdish,sunni,False,2,2,wool,3,Mardin,True,0,Mardin,4292,aleppo,3446.0,781.0
2643,QAR,kurdish,sunni,False,2,2,cloth,2,Arbil,True,0,Arbil,4293,basra,3497.0,787.0
2644,TIM,kurdish,sunni,False,2,2,wool,2,Sulimaniyeh,True,0,Sulimaniyeh,4294,basra,3513.0,807.0
2645,HSN,kurdish,sunni,False,2,2,wool,2,HisnKayfa,True,0,HisnKayfa,4295,aleppo,3460.0,771.0
2646,BTL,kurdish,sunni,False,2,2,wool,2,Bitlis,True,0,Bitlis,4296,aleppo,3471.0,760.0
2647,SYR,al_suryah_arabic,sunni,False,2,2,cotton,1,Homs,True,0,Homs,4297,aleppo,3388.0,826.0
2648,DUL,turkish,sunni,False,2,2,wool,1,Ayntab,True,0,Ayntab,4298,aleppo,3387.0,777.0
2649,SRV,azerbaijani,sunni,False,2,2,wool,2,Shamakhi,True,0,Shamakhi,4299,persia,3558.0,712.0
2650,TEU,prussian,catholic,False,7,7,gems,2,Danzig,True,2,Danzig,43,baltic_sea,3099.0,438.0
2651,FRS,persian,shiite,False,3,3,silk,1,Bushehr,True,0,Bushehr,430,hormuz,3606.0,916.0
2652,TIM,azerbaijani,sunni,False,2,2,paper,1,Mianeh,True,0,Mianeh,4300,persia,3554.0,769.0
2653,GEO,georgian,orthodox,False,4,4,silk,2,Gori,True,0,Kartli,4301,crimea,3491.0,687.0
2654,AKK,armenian,coptic,False,2,2,wool,1,Bayazid,True,0,Bayazid,4302,persia,3481.0,733.0
2655,SME,georgian,orthodox,False,3,3,livestock,2,Oltu,True,0,Oltu,4303,crimea,3458.0,714.0
2656,QAR,azerbaijani,sunni,False,2,2,wool,1,Khoy,True,0,Khoy,4304,persia,3516.0,745.0
2657,SRV,azerbaijani,sunni,False,2,2,wool,1,Shaki,True,0,Shaki,4305,persia,3539.0,702.0
2658,GAZ,dagestani,sunni,False,3,3,iron,3,Kumukh,True,0,Lakia,4306,astrakhan,3548.0,684.0
2659,KAR,turkish,sunni,False,2,2,livestock,2,Aksaray,True,0,Aksaray,4307,aleppo,3327.0,751.0
2660,TUR,turkish,sunni,False,2,3,cloth,1,Denizli,True,0,Denizli,4308,constantinople,3263.0,758.0
2661,AYD,turkish,sunni,False,2,2,,2,Aydin,True,0,Aydin,4309,constantinople,3244.0,761.0
2662,TIM,gulf_arabic,sunni,False,4,4,spices,1,Gamrun,True,1,Mogostan,431,hormuz,3686.0,946.0
2663,DUL,turkish,shiite,False,2,2,wool,2,Divrigi,True,0,Divrigi,4310,aleppo,3396.0,744.0
2664,KAR,turkish,sunni,False,2,2,livestock,2,Karahisar,True,0,Karahisar,4311,constantinople,3285.0,752.0
2665,TUR,turkish,sunni,False,4,4,cloth,2,Eskisehir,True,0,Eskesehir,4312,constantinople,3286.0,728.0
2666,TUR,turkish,sunni,False,2,2,wool,1,Kangiri,True,0,Cangiri,4313,constantinople,3333.0,713.0
2667,TUR,turkish,sunni,False,2,2,wool,2,Kirshehir,True,0,Kirsehir,4314,constantinople,3341.0,733.0
2668,TUR,turkish,sunni,False,3,3,cloth,2,Tokat,True,0,Tokat,4315,constantinople,3381.0,715.0
2669,MAM,al_misr_arabic,sunni,False,5,5,grain,3,Mansura,True,0,Mansura,4316,alexandria,3305.0,894.0
2670,MAM,al_misr_arabic,sunni,False,2,2,,2,Damanhur,True,0,Buhaira,4317,alexandria,3271.0,905.0
2671,MAM,al_misr_arabic,sunni,False,3,3,paper,1,Atfih,True,0,Atfih,4318,alexandria,3297.0,925.0
2672,MAM,al_misr_arabic,sunni,False,2,2,livestock,1,Isna,True,0,Isna,4319,alexandria,3318.0,990.0
2673,TIM,persian,sunni,False,2,3,paper,2,Kerman,True,0,Kerman,432,hormuz,3707.0,889.0
2674,MAM,al_misr_arabic,sunni,False,3,3,grain,3,Girga,True,0,Girga,4320,alexandria,3303.0,969.0
2675,Unowned,Unowned,Unowned,False,0,0,,0,EgyptianDesert,False,0,EgyptianDesert,4321,alexandria,3313.0,943.0
2676,Unowned,Unowned,Unowned,False,0,0,,0,EgyptianDesert,False,0,EgyptianDesert,4322,alexandria,3339.0,1004.0
2677,MAM,al_misr_arabic,sunni,False,1,1,livestock,1,Farafreh,True,0,Farafreh,4323,alexandria,3260.0,963.0
2678,TIM,khorasani,sunni,False,1,1,livestock,1,Ghuriyan,True,0,Ghuriyan,4324,persia,3756.0,830.0
2679,TIM,khorasani,sunni,False,2,2,wool,1,Sarakhs,True,0,Sarakhs,4325,persia,3755.0,799.0
2680,TIM,khorasani,sunni,False,2,2,,2,Nishapur,True,0,Nishapur,4326,persia,3712.0,798.0
2681,TIM,gulf_arabic,sunni,False,1,1,fish,1,Jask,True,0,Jask,4327,hormuz,3711.0,966.0
2682,Unowned,Unowned,Unowned,False,0,0,,0,Chagai,False,0,Chagai,4328,,3795.0,920.0
2683,FRS,persian,sunni,False,4,4,,1,Fasa,True,0,Fasa,4329,hormuz,3635.0,925.0
2684,TIM,persian,zoroastrian,False,2,2,paper,2,Yazd,True,1,Yazd,433,persia,3672.0,871.0
2685,FRS,persian,shiite,False,2,2,,1,Darab,True,0,Darab,4330,hormuz,3655.0,913.0
2686,FRS,luri,sunni,False,3,3,,1,Kazerun,True,0,Kazerun,4331,hormuz,3614.0,912.0
2687,FRS,persian,shiite,False,1,1,spices,1,Siraf,True,1,Siraf,4332,hormuz,3619.0,938.0
2688,Unowned,Unowned,Unowned,False,0,0,,0,DahlekArchipelago,False,0,DahlekArchipelago,4333,gulf_of_aden,3438.0,1126.0
2689,TIM,khorasani,sunni,False,1,1,wool,1,Tabas,True,0,Tabas,4334,persia,3690.0,850.0
2690,TIM,persian,shiite,False,3,3,silk,1,Kashan,True,0,Kashan,4335,persia,3616.0,842.0
2691,TIM,khorasani,sunni,False,1,1,,1,Tun,True,0,Tus,4336,persia,3717.0,829.0
2692,TIM,persian,sunni,False,2,2,grain,2,Savah,True,0,Savah,4337,persia,3594.0,817.0
2693,TIM,azerbaijani,sunni,False,3,3,,1,Soltanieh,True,0,Soltanieh,4338,persia,3570.0,796.0
2694,BPI,mazandarani,sunni,False,4,4,silk,2,Rasht,True,0,Rasht,4339,persia,3572.0,774.0
2695,BAL,baluchi,sunni,False,2,2,livestock,3,Bampur,True,0,Quhistan,434,hormuz,3758.0,947.0
2696,BPI,azerbaijani,shiite,False,1,1,fish,1,Astara,True,0,Astara,4340,persia,3562.0,753.0
2697,TAB,mazandarani,shiite,False,5,5,silk,3,Sari,True,2,Sari,4341,persia,3636.0,790.0
2698,LRI,luri,shiite,False,1,1,wool,1,Malamir,True,0,Malamir,4342,basra,3591.0,871.0
2699,TIM,uzbehk,sunni,False,1,1,livestock,2,Termez,True,0,Termez,4343,samarkand,3854.0,780.0
2700,TIM,uzbehk,sunni,False,2,2,wool,2,Kish,True,0,Kish,4344,samarkand,3859.0,762.0
2701,TIM,persian,shiite,False,1,1,livestock,1,Saidabad,True,0,Saidabad,4345,hormuz,3676.0,920.0
2702,Unowned,Unowned,Unowned,False,0,0,,0,QamrBay,False,0,QamrBay,4346,gulf_of_aden,3647.0,1160.0
2703,Unowned,Unowned,Unowned,False,0,0,,0,PirateCoast,False,0,PirateCoast,4347,hormuz,3630.0,986.0
2704,Unowned,filipino,animism,False,1,1,unknown,1,Ifugao,False,0,Ifugao,4348,philippines,4697.0,1117.0
2705,TDO,filipino,animism,False,3,3,grain,1,Laguna,True,0,Laguna,4349,philippines,4708.0,1173.0
2706,SIS,khorasani,sunni,False,2,2,wool,2,Zaranj,True,0,Zaranj,435,persia,3751.0,892.0
2707,TDO,filipino,mahayana,False,2,2,gems,1,Caminawit,True,0,Mindoro,4350,philippines,4693.0,1193.0
2708,MAS,filipino,animism,False,2,2,sugar,1,Silay,True,0,Buglas,4351,philippines,4725.0,1240.0
2709,CEB,filipino,hinduism,False,2,2,,2,Cebu,True,2,Cebu,4352,philippines,4740.0,1237.0
2710,SPA,filipino,animism,False,2,2,unknown,1,Leyte,True,0,Leyte,4353,philippines,4760.0,1230.0
2711,MGD,filipino,animism,False,2,2,unknown,1,Zamboanga,True,0,Zamboanga,4354,philippines,4724.0,1275.0
2712,Unowned,filipino,animism,False,1,1,unknown,1,Caraga,False,0,Caraga,4355,philippines,4772.0,1262.0
2713,SPA,filipino,animism,False,2,2,unknown,1,Taytay,False,0,Taytay,4356,philippines,4670.0,1222.0
2714,Unowned,Unowned,Unowned,False,0,0,,0,CuyuArcihpelago,False,0,CuyuArcihpelago,4357,,4701.0,1248.0
2715,Unowned,Unowned,Unowned,False,0,0,,0,PhilippineTrench,False,0,PhilippineTrench,4358,,4762.0,1172.0
2716,KTB,japanese,shinto,False,3,2,fish,1,Kiriyama,True,0,Ise,4359,nippon,4936.0,825.0
2717,TIM,khorasani,sunni,False,2,2,cotton,2,Birjand,True,0,Birjand,436,persia,3732.0,857.0
2718,TKG,togoku,shinto,False,2,2,grain,3,Okazaki,True,0,Mikawa,4360,nippon,4951.0,817.0
2719,SCO,scottish,catholic,False,2,2,iron,1,Jedburgh,True,0,EastMarch,4361,north_sea,2762.0,413.0
2720,SCO,scottish,catholic,False,3,3,wool,2,Dumfries,True,0,WestMarch,4362,north_sea,2747.0,422.0
2721,SCO,highland_scottish,catholic,False,3,3,iron,2,Argyll,True,0,Argyll,4363,north_sea,2728.0,403.0
2722,LOI,highland_scottish,catholic,False,1,1,grain,1,Skye,True,0,InnerHebrides,4364,north_sea,2710.0,390.0
2723,ENG,highland_scottish,catholic,False,1,1,fish,1,Castletown,True,0,Mann,4365,north_sea,2735.0,441.0
2724,ENG,welsh,catholic,False,1,1,iron,1,Montgomery,True,0,Montgomery,4366,english_channel,2751.0,480.0
2725,ENG,english,catholic,False,3,3,naval_supplies,1,Hull,True,0,Hull,4367,english_channel,2799.0,450.0
2726,ENG,english,catholic,False,2,2,wool,1,Scarborough,True,0,Scarborough,4368,english_channel,2787.0,440.0
2727,ENG,welsh,catholic,False,1,1,livestock,1,Carmarthen,True,0,Carmarthen,4369,english_channel,2735.0,486.0
2728,TIM,turkmeni,sunni,False,1,1,livestock,1,Nisa,True,0,Atak,437,samarkand,3694.0,748.0
2729,ENG,english,catholic,False,3,3,cloth,2,Cambridge,True,0,Cambridgeshire,4370,english_channel,2804.0,481.0
2730,ENG,english,catholic,False,4,4,grain,2,Hastings,True,0,Sussex,4371,english_channel,2803.0,506.0
2731,ENG,english,catholic,False,3,3,iron,2,Coventry,True,0,Coventry,4372,english_channel,2778.0,475.0
2732,ENG,english,catholic,False,2,2,wool,2,Plymouth,True,0,Devon,4373,english_channel,2746.0,515.0
2733,ENG,english,catholic,False,2,3,livestock,1,Weymouth,True,0,Dorset,4374,english_channel,2766.0,511.0
2734,ENG,english,catholic,False,2,2,salt,1,Chester,True,0,Chester,4375,north_sea,2767.0,460.0
2735,ENG,english,catholic,False,2,2,cloth,2,Leicester,True,0,Leicester,4376,english_channel,2791.0,476.0
2736,ORD,irish,catholic,False,3,3,livestock,1,Kilkenny,True,0,Ormond,4377,north_sea,2686.0,474.0
2737,MCM,irish,catholic,False,2,1,fish,1,Killarney,True,0,Kinsale,4378,north_sea,2659.0,489.0
2738,FLY,irish,catholic,False,2,2,livestock,1,Annaly,True,0,Middlands,4379,north_sea,2689.0,457.0
2739,TIM,turkmeni,sunni,False,1,1,livestock,1,Geok-Tepe,True,0,KaraKum,438,samarkand,3702.0,718.0
2740,TRY,irish,catholic,False,2,2,fish,1,Donegal,True,0,Donegal,4380,north_sea,2682.0,426.0
2741,UTR,dutch,catholic,True,3,3,livestock,2,Zwolle,True,0,Oversticht,4381,english_channel,2907.0,477.0
2742,FRI,frisian,catholic,True,4,4,cloth,2,Groningen,True,0,Ommeland,4382,english_channel,2910.0,465.0
2743,HOL,dutch,catholic,True,6,6,cloth,3,'s-Gravenhage,True,0,Haag,4383,english_channel,2876.0,488.0
2744,BRI,breton,catholic,False,4,4,cloth,4,Rennes,True,0,Rennes,4384,bordeaux,2779.0,569.0
2745,FRA,normand,catholic,False,4,4,naval_supplies,2,Cherbourg,True,1,Cotentin,4385,english_channel,2777.0,550.0
2746,FRA,cosmopolitan_french,catholic,False,3,3,salt,3,Luçon,True,1,Vendee,4386,bordeaux,2787.0,599.0
2747,FRA,cosmopolitan_french,catholic,False,3,3,livestock,2,Angoulême,True,0,Angouleme,4387,bordeaux,2811.0,620.0
2748,FRA,cosmopolitan_french,catholic,False,5,5,cloth,6,Chartres,True,0,Chartres,4388,champagne,2826.0,558.0
2749,FRA,cosmopolitan_french,catholic,False,4,4,cloth,3,Tours,True,0,Touraine,4389,bordeaux,2816.0,588.0
2750,NOG,nogaybak,sunni,False,1,1,fish,1,Mangyshlak,True,0,Mangyshlak,439,samarkand,3628.0,656.0
2751,FRA,cosmopolitan_french,catholic,False,5,5,iron,3,Troyes,True,0,Troyes,4390,champagne,2874.0,562.0
2752,FRA,occitain,catholic,False,4,4,wine,2,Viviers,True,0,Vivarais,4391,valencia,2869.0,635.0
2753,BUR,burgundian,catholic,False,4,4,wine,3,Semur,True,0,Auxerrois,4392,champagne,2876.0,575.0
2754,AVA,burmese,buddhism,False,2,2,cotton,2,Tabayin,True,0,Tabayin,4393,burma,4295.0,1023.0
2755,AVA,burmese,buddhism,False,3,2,grain,3,Salin,True,0,Salin,4394,burma,4288.0,1073.0
2756,AVA,burmese,buddhism,False,2,3,ivory,2,Yamethin,True,0,Yamthin,4395,burma,4307.0,1070.0
2757,BPR,burmese,buddhism,False,4,4,ivory,3,Prome,True,0,Prome,4396,burma,4295.0,1098.0
2758,HSI,shan,buddhism,False,2,2,cotton,2,Yawnghwe,True,0,Yawnghwe,4397,burma,4318.0,1062.0
2759,MPA,shan,animism,False,2,2,grain,1,Mawkmai,True,0,Mawkmai,4398,burma,4348.0,1070.0
2760,PEG,mon,buddhism,False,5,3,grain,3,Dagon,True,0,Dagon,4399,burma,4305.0,1131.0
2761,HAM,lower_saxon,catholic,True,7,7,fish,5,Hamburg,True,2,Hamburg,44,,2958.0,454.0
2762,SHY,uzbehk,sunni,False,3,3,wool,3,Chimbay,True,0,Qaraqalpak,440,samarkand,3754.0,661.0
2763,Unowned,Unowned,Unowned,False,0,0,,0,NagaHills,False,0,NagaHills,4400,,4289.0,973.0
2764,Unowned,Unowned,Unowned,False,0,0,,0,ArakanMountains,False,0,ArakanMountains,4401,,4270.0,1050.0
2765,Unowned,Unowned,Unowned,False,0,0,,0,GaoligongMountains,False,0,GaoligongMountains,4402,,4341.0,970.0
2766,Unowned,Unowned,Unowned,False,0,0,,0,ShanHighlands,False,0,ShanHighlands,4403,,4408.0,897.0
2767,MKA,kachin,animism,False,1,1,grain,1,Minsin,True,0,Minsin,4404,burma,4309.0,962.0
2768,MYA,shan,buddhism,False,2,2,tea,2,Katha,True,0,Katha,4405,burma,4307.0,998.0
2769,MNI,shan,buddhism,False,2,2,tropical_wood,1,MongKung,True,0,MongKung,4406,burma,4334.0,1047.0
2770,CEY,sinhala,buddhism,False,2,2,gems,2,Devinuvara,True,0,Ruhunu,4407,comorin_cape,4074.0,1294.0
2771,CEY,sinhala,buddhism,False,2,3,,1,Salavata,True,0,Salavata,4408,comorin_cape,4056.0,1277.0
2772,KND,sinhala,buddhism,False,2,2,,1,Trincomale,True,1,Trincomale,4409,comorin_cape,4075.0,1272.0
2773,TIM,uzbehk,sunni,False,3,3,wool,3,Khiva,True,1,Khiva,441,samarkand,3775.0,715.0
2774,VND,malayalam,hinduism,False,2,3,spices,2,Kumari,True,0,Kumari,4410,comorin_cape,4013.0,1265.0
2775,SRH,panjabi,hinduism,False,3,3,,1,Samana,True,0,Samana,4411,lahore,3985.0,898.0
2776,MAD,tamil,hinduism,False,3,3,naval_supplies,2,Dindigul,True,0,Dindigul,4412,comorin_cape,4017.0,1239.0
2777,KLT,malayalam,hinduism,False,3,3,spices,1,Cannanore,True,1,Cannanore,4413,comorin_cape,3988.0,1213.0
2778,VIJ,tamil,hinduism,False,3,3,cotton,1,Salem,True,0,Salem,4414,comorin_cape,4022.0,1208.0
2779,VIJ,tamil,hinduism,False,4,4,cloth,1,Negapatam,True,0,Negapattam,4415,comorin_cape,4047.0,1229.0
2780,VIJ,tamil,hinduism,False,3,3,cloth,1,Tranqebar,True,0,Tranqebar,4416,comorin_cape,4045.0,1218.0
2781,VIJ,tamil,hinduism,False,4,4,cloth,1,Kanchipuram,True,0,Kanchipuram,4417,comorin_cape,4052.0,1194.0
2782,VIJ,telegu,hinduism,False,4,4,cotton,2,Nellore,True,0,Nelore,4418,comorin_cape,4052.0,1163.0
2783,ORI,telegu,hinduism,False,3,3,cotton,1,Adanki,True,0,Adanki,4419,comorin_cape,4055.0,1146.0
2784,TIM,uzbehk,sunni,False,5,5,salt,5,Bukhara,True,0,Bukhara,442,samarkand,3810.0,729.0
2785,VIJ,telegu,hinduism,False,4,3,cotton,2,Chandragiri,True,0,Chandragiri,4420,comorin_cape,4038.0,1179.0
2786,MYS,kannada,hinduism,False,4,4,cotton,3,Seringapatam,True,0,Seringapatam,4421,comorin_cape,3999.0,1194.0
2787,VIJ,kannada,hinduism,False,3,3,grain,3,Sira,True,0,Sira,4422,comorin_cape,4008.0,1183.0
2788,VIJ,telegu,hinduism,False,2,2,iron,2,Gutti,True,0,Gutti,4423,comorin_cape,4026.0,1158.0
2789,VIJ,telegu,hinduism,False,2,2,grain,1,Adavani,True,0,Adavani,4424,comorin_cape,4018.0,1152.0
2790,ORI,telegu,hinduism,False,2,2,gems,1,Kondavidu,True,0,Kondavidu,4425,comorin_cape,4053.0,1133.0
2791,VIJ,kannada,hinduism,False,3,3,cotton,1,Chitradurg,True,0,Chitaldurg,4426,comorin_cape,3997.0,1174.0
2792,VIJ,kannada,hinduism,False,2,2,spices,1,Honnavara,True,0,Honnavara,4427,comorin_cape,3970.0,1163.0
2793,VIJ,kannada,hinduism,False,4,4,cloth,3,Mudgal,True,0,Mudgal,4428,deccan,4000.0,1144.0
2794,BAH,marathi,hinduism,False,2,2,spices,1,Rajapur,True,0,Rajapur,4429,gujarat,3956.0,1135.0
2795,NOG,nogaybak,sunni,False,2,2,livestock,2,UstYurt,True,0,UstYurt,443,samarkand,3670.0,663.0
2796,GUJ,marathi,zoroastrian,False,4,4,cloth,1,Daman,True,0,Daman,4430,gujarat,3946.0,1072.0
2797,BAH,marathi,hinduism,False,4,4,naval_supplies,2,Kolhapur,True,0,Kolhapur,4431,deccan,3971.0,1135.0
2798,BAH,marathi,hinduism,False,3,3,cotton,1,Junir,True,0,Junir,4432,deccan,3969.0,1093.0
2799,BAH,marathi,hinduism,False,2,2,paper,1,Nasik,True,0,Nasik,4433,deccan,3966.0,1079.0
2800,KHD,marathi,hinduism,False,3,3,cotton,1,Dharangaon,True,0,Dharangaon,4434,deccan,3981.0,1060.0
2801,BAH,marathi,hinduism,False,3,3,cotton,1,Sholhapur,True,0,Sholapur,4435,deccan,3986.0,1111.0
2802,TLG,telegu,hinduism,False,3,3,iron,2,Devarakonda,True,0,Rachakonda,4436,deccan,4030.0,1131.0
2803,BAH,marathi,hinduism,False,3,3,cloth,2,Paithre,True,0,Paithre,4437,deccan,4002.0,1085.0
2804,BAH,marathi,hinduism,False,2,2,silk,1,Nander,True,0,Nander,4438,deccan,4024.0,1093.0
2805,TLG,telegu,hinduism,False,2,2,dyes,2,Khamammet,True,0,Kamammet,4439,deccan,4059.0,1120.0
2806,TIM,uzbehk,sunni,False,2,2,livestock,2,Charjuy,True,0,Charjuy,444,samarkand,3792.0,760.0
2807,ASS,assamese,hinduism,False,3,3,tea,1,Narayanpur,True,0,Narayanpur,4440,burma,4271.0,947.0
2808,ORI,oriya,hinduism,False,3,3,salt,2,Ganjam,True,0,Ganjam,4441,ganges_delta,4130.0,1082.0
2809,BAH,marathi,hinduism,False,3,3,cloth,1,Washim,True,0,Washim,4442,deccan,4005.0,1068.0
2810,BAH,marathi,hinduism,False,3,3,cotton,1,Karanja,True,0,Karanja,4443,deccan,4026.0,1071.0
2811,BAH,telegu,hinduism,False,1,1,tropical_wood,1,Manidurg,True,0,Manidurg,4444,deccan,4046.0,1091.0
2812,BST,gondi,hinduism,False,1,1,tropical_wood,1,Kanker,True,0,Kanker,4445,ganges_delta,4077.0,1076.0
2813,KLH,garjati,hinduism,False,1,1,tropical_wood,1,Kalahandi,True,0,Kalahandi,4446,ganges_delta,4100.0,1080.0
2814,PTT,garjati,hinduism,False,2,1,cotton,1,Patna,True,0,Patna,4447,ganges_delta,4094.0,1062.0
2815,PRD,garjati,hinduism,False,1,1,tropical_wood,1,Parlakhimedi,True,0,Parlakhimedi,4448,ganges_delta,4117.0,1077.0
2816,KSH,kashmiri,hinduism,False,2,2,,1,Jammu,True,0,Jammu,4449,lahore,3983.0,856.0
2817,TIM,turkmeni,sunni,False,3,3,cotton,2,Merv,True,1,Merv,445,samarkand,3787.0,785.0
2818,KJH,garjati,hinduism,False,1,1,iron,2,Mayurbhanj,True,0,Mayurbhanj,4450,ganges_delta,4146.0,1043.0
2819,PTT,garjati,hinduism,False,2,1,naval_supplies,1,Sonpur,True,0,Sonpur,4451,ganges_delta,4111.0,1057.0
2820,RTT,gondi,hinduism,False,2,2,grain,1,Ratanpur,True,0,Ratanpur,4452,ganges_delta,4087.0,1034.0
2821,KHD,marathi,hinduism,False,3,3,cotton,1,Thalner,True,0,Thalner,4453,deccan,3980.0,1047.0
2822,PRB,saurashtri,hinduism,False,2,2,cotton,1,Porbandar,True,0,Porbandar,4454,gujarat,3898.0,1051.0
2823,JGD,saurashtri,hinduism,False,2,2,sugar,1,Diu,True,0,Diu,4455,gujarat,3914.0,1058.0
2824,JLV,saurashtri,hinduism,False,2,2,cotton,1,Halwad,True,0,Jhalavad,4456,gujarat,3919.0,1025.0
2825,GUJ,gujarati,hinduism,False,5,5,,1,Khambhat,True,3,Cambay,4457,gujarat,3932.0,1034.0
2826,GDW,gondi,hinduism,False,1,1,tropical_wood,1,Chauragar,True,0,Narbada,4458,deccan,4047.0,1034.0
2827,GDW,gondi,hinduism,False,1,1,grain,2,Saugor,True,0,Saugor,4459,doab,4034.0,1006.0
2828,TIM,khorasani,sunni,False,5,5,paper,3,Herat,True,2,Herat,446,persia,3784.0,820.0
2829,MLW,malvi,hinduism,False,2,2,cotton,1,Handia,True,0,Handia,4460,deccan,4020.0,1033.0
2830,MLW,malvi,hinduism,False,4,4,spices,3,Ujjain,True,2,Ujjain,4461,deccan,3996.0,1014.0
2831,Unowned,rajput,hinduism,False,2,2,copper,1,Dungarpur,True,0,Vagad,4462,gujarat,3964.0,1011.0
2832,SRH,rajput,hinduism,False,3,3,livestock,2,Bhatnair,True,0,Bhatnair,4463,lahore,3970.0,904.0
2833,HAD,rajput,hinduism,False,2,2,cotton,1,Bundi,True,0,Bundi,4464,doab,3992.0,980.0
2834,MER,rajput,hinduism,False,2,2,dyes,1,Ranthambore,True,0,Ranthambore,4465,doab,4012.0,965.0
2835,BND,vindhyan,hinduism,False,2,2,grain,1,Mahoba,True,0,Mahoba,4466,doab,4047.0,993.0
2836,PAN,vindhyan,hinduism,False,2,2,,1,Kalinjar,True,0,Kalinjar,4467,doab,4057.0,999.0
2837,BGL,vindhyan,hinduism,False,2,1,grain,2,Bandogarh,True,0,Bandogarh,4468,doab,4075.0,1011.0
2838,JNP,bihari,hinduism,False,3,3,salt,2,Rohtasgarh,True,0,Rohtas,4469,ganges_delta,4122.0,1004.0
2839,AFG,afghani,sunni,False,2,2,cotton,3,Kandahar,True,0,Kandahar,447,lahore,3843.0,884.0
2840,NGP,jharkhandi,hinduism,False,1,2,iron,1,Soumelpur,True,0,Soumelpur,4470,ganges_delta,4122.0,1025.0
2841,MBL,bengali,hinduism,False,3,3,naval_supplies,2,Bishnupur,True,0,Bishnupur,4471,ganges_delta,4159.0,1021.0
2842,JNP,bihari,hinduism,False,3,3,silk,1,Monghyr,True,0,Monghyr,4472,ganges_delta,4152.0,989.0
2843,BNG,chin,hinduism,False,2,2,tropical_wood,1,Chakla,True,0,Chakla,4473,burma,4237.0,1014.0
2844,BNG,bengali,hinduism,False,4,4,,2,Sonargaon,True,0,Sonargaon,4474,ganges_delta,4227.0,1022.0
2845,BNG,bengali,hinduism,False,3,3,,1,Fathabad,True,0,Fathabad,4475,ganges_delta,4206.0,1019.0
2846,BNG,bengali,hinduism,False,7,7,silk,3,Nadia,True,0,Nadia,4476,ganges_delta,4187.0,1018.0
2847,BNG,bengali,hinduism,False,5,5,spices,3,Satgaon,True,1,Satgaon,4477,ganges_delta,4177.0,1027.0
2848,BNG,bengali,hinduism,False,2,2,cotton,1,Haibatnagar,True,0,Haibitnagar,4478,ganges_delta,4222.0,996.0
2849,BNG,bengali,hinduism,False,4,4,silk,3,Goraghat,True,0,Goraghat,4479,ganges_delta,4193.0,999.0
2850,AFG,afghani,sunni,False,2,2,grain,3,Gazni,True,0,Gazni,448,lahore,3870.0,857.0
2851,IDR,gujarati,hinduism,False,1,1,cloth,1,Idar,True,0,MahiKantha,4480,gujarat,3952.0,1014.0
2852,PHA,tibetan,vajrayana,False,1,1,wool,1,Punakha,True,0,Punakah,4481,lhasa,4222.0,946.0
2853,LWA,nepali,vajrayana,False,1,1,wool,1,Yuksom,True,0,Sikkim,4482,lhasa,4186.0,942.0
2854,LWA,nepali,vajrayana,False,2,2,wool,2,Rangeli,True,0,Morang,4483,lhasa,4168.0,947.0
2855,KTU,nepali,hinduism,False,2,2,wool,2,Makwanpur,True,0,Makwanpur,4484,ganges_delta,4140.0,949.0
2856,GRK,nepali,hinduism,False,2,2,naval_supplies,1,Palpa,True,0,Palpa,4485,lhasa,4112.0,935.0
2857,BNG,kochi,hinduism,False,3,3,silk,1,Purnia,True,0,Purnia,4486,ganges_delta,4170.0,967.0
2858,JNP,bihari,hinduism,False,3,3,cotton,1,Saran,True,0,Saran,4487,ganges_delta,4124.0,972.0
2859,TRT,bihari,hinduism,False,3,3,grain,1,Simraon,True,0,Champaran,4488,ganges_delta,4124.0,957.0
2860,JNP,bihari,hinduism,False,4,4,glass,2,Hajipur,True,0,Hajipur,4489,ganges_delta,4144.0,976.0
2861,TIM,afghani,sunni,False,2,2,wool,4,Ahangaran,True,0,Ghor,449,lahore,3816.0,841.0
2862,JNP,bihari,hinduism,False,3,3,cloth,2,Ghazipur,True,0,Ghazipur,4490,doab,4112.0,979.0
2863,DNG,nepali,hinduism,False,2,2,wool,1,Dang,True,0,Dang,4491,doab,4098.0,941.0
2864,DTI,nepali,hinduism,False,1,1,wool,1,Doti,True,0,Doti,4492,doab,4068.0,919.0
2865,SRM,pahari,hinduism,False,1,1,cotton,1,Malaun,True,0,Sirmur,4493,doab,4017.0,887.0
2866,JNP,avadhi,hinduism,False,3,3,,1,Khairabad,True,0,Khairabad,4494,doab,4065.0,936.0
2867,JNP,avadhi,hinduism,False,3,3,cloth,2,Feyzabad,True,0,Feyzabad,4495,doab,4082.0,958.0
2868,JNP,avadhi,hinduism,False,4,4,cotton,2,Kora,True,0,Kora,4496,doab,4065.0,978.0
2869,JNP,avadhi,hinduism,False,4,4,grain,2,Qannauj,True,1,Qannauj,4497,doab,4057.0,950.0
2870,DLH,kanauji,hinduism,False,3,3,,3,Sambhal,True,0,Sambhal,4498,doab,4034.0,930.0
2871,DLH,kanauji,hinduism,False,2,2,,2,Bareily,True,0,Bareily,4499,doab,4048.0,941.0
2872,HSA,lower_saxon,catholic,True,7,7,naval_supplies,3,Lübeck,True,2,Lubeck,45,,2972.0,447.0
2873,TIM,afghani,sunni,False,3,3,cotton,3,Balkh,True,0,Balkh,450,lahore,3859.0,804.0
2874,MEW,rajput,hinduism,False,2,2,livestock,2,Bharatpur,True,0,Bharatpur,4500,doab,4015.0,950.0
2875,MER,rajput,hinduism,False,2,2,grain,1,Bhilwara,True,0,Bhilwara,4501,gujarat,3976.0,980.0
2876,NGA,rajput,hinduism,False,2,2,livestock,1,Merta,True,0,Merta,4502,gujarat,3971.0,958.0
2877,SND,sindhi,sunni,False,4,4,cloth,2,Mansura,True,1,Mansura,4503,gujarat,3876.0,969.0
2878,SND,sindhi,sunni,False,3,4,cotton,1,Nasirpur,True,0,Nasirpur,4504,gujarat,3879.0,993.0
2879,SND,sindhi,sunni,False,2,2,livestock,1,Khairpur,True,0,Khairpur,4505,gujarat,3879.0,955.0
2880,MAW,rajput,hinduism,False,1,1,livestock,1,Barmer,True,0,Barmer,4506,gujarat,3918.0,982.0
2881,JAN,rajput,hinduism,False,1,1,livestock,1,Churu,True,0,Churu,4507,gujarat,3967.0,920.0
2882,MUL,panjabi,sunni,False,1,1,livestock,1,Bahawalpur,True,0,Bahawalpur,4508,lahore,3935.0,915.0
2883,MUL,panjabi,sunni,False,2,2,iron,2,Karor,True,0,Karor,4509,lahore,3921.0,888.0
2884,AFG,afghani,sunni,False,4,4,,4,Kabul,True,2,Kabul,451,lahore,3869.0,826.0
2885,SRH,panjabi,hinduism,False,5,4,cloth,2,Shorkot,True,0,Shorkot,4510,lahore,3946.0,884.0
2886,SRH,panjabi,hinduism,False,3,3,salt,1,Bhera,True,0,Bhera,4511,lahore,3951.0,863.0
2887,GUJ,gujarati,hinduism,False,4,4,,1,Bharuch,True,0,Baruch,4512,gujarat,3945.0,1038.0
2888,SRH,panjabi,hinduism,False,5,5,silk,3,Dipalpur,True,0,Dipalpur,4513,lahore,3954.0,892.0
2889,UTS,tibetan,vajrayana,False,2,2,livestock,1,Sakya,True,0,Sakya,4514,lhasa,4179.0,914.0
2890,UTS,tibetan,vajrayana,False,1,2,livestock,1,Gyirong,True,0,Gyirong,4515,lhasa,4144.0,915.0
2891,GUG,tibetan,vajrayana,False,1,2,wool,2,Purang,True,0,Purang,4516,lhasa,4105.0,899.0
2892,PHA,tibetan,vajrayana,False,2,1,grain,3,Nedong,True,0,Nedong,4517,lhasa,4235.0,928.0
2893,UTS,tibetan,vajrayana,False,2,1,livestock,1,Tsurphu,True,0,Tsurphu,4518,lhasa,4191.0,890.0
2894,UTS,tibetan,vajrayana,False,1,1,wool,1,Damxung,True,0,Damxung,4519,lhasa,4215.0,873.0
2895,TIM,afghani,sunni,False,1,1,,1,Munjan,True,0,Badakhshan,452,lahore,3922.0,792.0
2896,GUG,tibetan,vajrayana,False,1,1,wool,1,Rutog,True,0,Rutog,4520,lhasa,4062.0,837.0
2897,LDK,kashmiri,vajrayana,False,1,1,wool,1,Skardu,True,0,Skardu,4521,lahore,3993.0,819.0
2898,Unowned,Unowned,Unowned,False,0,0,,0,Aqenganggyai,False,0,Aqenganggyai,4522,,4240.0,821.0
2899,POL,polish,catholic,False,2,2,livestock,1,Inowroclaw,True,0,Inowroclaw,4523,krakow,3091.0,470.0
2900,POL,polish,catholic,False,2,1,grain,1,Dobrzyn,True,0,Dobryzn,4524,krakow,3105.0,473.0
2901,MAZ,polish,catholic,False,2,2,grain,1,Rawa,True,0,Rawa,4525,krakow,3118.0,491.0
2902,POL,polish,catholic,False,3,3,cloth,1,Gniezno,True,0,Gniezno,4526,krakow,3081.0,480.0
2903,POL,polish,catholic,False,3,2,cloth,2,Checiny,True,0,Checiny,4527,krakow,3121.0,511.0
2904,POL,polish,catholic,False,2,2,grain,1,Kuyavia,True,0,Kuyavia,4528,krakow,3100.0,481.0
2905,MOL,romanian,orthodox,False,2,2,wine,2,Iasi,True,0,Iasi,4529,crimea,3232.0,571.0
2906,TIM,uzbehk,sunni,False,1,1,cotton,2,Qarshi,True,0,Qarshi,453,samarkand,3822.0,755.0
2907,MOL,romanian,orthodox,False,2,1,wine,1,Birlad,True,0,Birlad,4530,crimea,3236.0,603.0
2908,WAL,romanian,orthodox,False,3,3,livestock,2,Giurgiu,True,0,Giurgiu,4531,pest,3207.0,644.0
2909,WAL,romanian,orthodox,False,3,2,livestock,2,Severin,True,0,Severin,4532,pest,3172.0,631.0
2910,POL,polish,catholic,False,3,3,cloth,1,Wielun,True,0,Wielun,4533,krakow,3095.0,509.0
2911,LIT,lithuanian,catholic,False,2,1,livestock,1,Upyte,True,0,Upita,4534,baltic_sea,3186.0,410.0
2912,LIT,lithuanian,catholic,False,2,2,livestock,2,Vilkmerge,True,0,Wilkimierz,4535,kiev,3208.0,415.0
2913,LIT,lithuanian,catholic,False,2,2,livestock,2,Lyda,True,0,Lida,4536,kiev,3203.0,450.0
2914,LIT,byelorussian,orthodox,False,2,1,wool,1,Navahrudak,True,0,Nowogrodek,4537,kiev,3207.0,466.0
2915,POL,ruthenian,orthodox,False,2,2,wool,1,Chelm,True,0,Chelm,4538,kiev,3179.0,502.0
2916,LIT,ruthenian,orthodox,False,1,1,livestock,1,Kremenets,True,0,Kremenets,4539,kiev,3223.0,528.0
2917,TIM,uzbehk,sunni,False,7,7,paper,7,Samarkand,True,2,Samarkand,454,samarkand,3848.0,743.0
2918,LIT,ruthenian,orthodox,False,1,1,livestock,1,Vinnytsia,True,0,Winnica,4540,kiev,3267.0,545.0
2919,POL,ruthenian,orthodox,False,2,2,livestock,1,Drohobycz,True,0,Drohobycz,4541,krakow,3185.0,549.0
2920,LIT,ruthenian,orthodox,False,2,2,grain,1,Lubnie,True,0,Lubnie,4542,kiev,3326.0,525.0
2921,LIT,ryazanian,orthodox,False,1,1,grain,1,Rylsk,True,0,Rylsk,4543,kiev,3355.0,504.0
2922,LIT,byelorussian,orthodox,False,1,1,grain,1,Bobrujsk,True,0,Bobrujsk,4544,kiev,3260.0,468.0
2923,LIT,byelorussian,orthodox,False,2,3,cloth,1,Sluck,True,0,Sluck,4545,kiev,3239.0,474.0
2924,SPA,andalucian,sunni,False,3,3,salt,1,Malaga,True,0,Malaga,4546,sevilla,2731.0,780.0
2925,SPA,andalucian,catholic,False,2,2,grain,2,Albacete,True,0,Albacete,4547,sevilla,2775.0,747.0
2926,SPA,andalucian,catholic,False,3,3,copper,2,Huelva,True,0,Huelva,4548,sevilla,2699.0,768.0
2927,SPA,catalan,catholic,False,4,4,paper,2,Xativa,True,0,Xativa,4549,valencia,2792.0,734.0
2928,SHY,khazak,sunni,False,1,1,livestock,1,Kyrzyl,True,0,Kyrzyl,455,samarkand,3803.0,678.0
2929,SPA,catalan,catholic,False,4,4,grain,2,Castellon,True,0,Castellon,4550,valencia,2806.0,713.0
2930,SPA,castillian,catholic,False,3,2,livestock,1,Avila,True,0,Avila,4551,sevilla,2731.0,715.0
2931,SPA,castillian,catholic,False,2,2,grain,2,Palencia,True,0,Palencia,4552,sevilla,2733.0,677.0
2932,SPA,leonese,catholic,False,3,3,wine,2,Zamora,True,0,Zamora,4553,sevilla,2710.0,688.0
2933,SPA,galician,catholic,False,3,3,fish,2,Lugo,True,0,Lugo,4554,sevilla,2691.0,665.0
2934,SPA,galician,catholic,False,3,3,fish,2,Pontevedra,True,0,Vigo,4555,sevilla,2676.0,678.0
2935,POR,portugese,catholic,False,4,4,salt,2,Aveiro,True,0,Aviero,4556,sevilla,2680.0,708.0
2936,SPA,aragonese,catholic,False,3,2,cloth,2,Calatayud,True,0,Lleida,4557,valencia,2784.0,692.0
2937,SPA,galician,catholic,False,2,2,naval_supplies,1,Orense,True,0,Orense,4558,sevilla,2687.0,682.0
2938,SPA,catalan,catholic,False,1,1,fish,1,Mahon,True,0,Minorca,4559,valencia,2869.0,725.0
2939,SHY,khazak,sunni,False,1,1,grain,1,Yasi,True,0,Turkestan,456,samarkand,3838.0,622.0
2940,SPA,catalan,catholic,False,1,1,fish,1,Ibiza,True,0,Ibiza,4560,valencia,2827.0,744.0
2941,MOR,moroccan,sunni,False,4,2,grain,2,Tetouan,True,0,Tetouan,4561,sevilla,2730.0,815.0
2942,TLC,algerian,sunni,False,3,2,cloth,2,MerselKebir,True,0,MerselKebir,4562,safi,2773.0,816.0
2943,MOR,moroccan,sunni,False,4,3,grain,2,Sale,True,0,Sale,4563,sevilla,2709.0,825.0
2944,MOR,moroccan,sunni,False,3,2,grain,1,Anfa,True,0,Anfa,4564,safi,2689.0,847.0
2945,CAS,berber,animism,False,2,2,unknown,1,Tenerife,True,0,Tenerife,4565,sevilla,2538.0,935.0
2946,TUN,tunisian,sunni,False,4,5,grain,1,Kairwan,True,0,Kairwan,4566,tunis,2953.0,804.0
2947,FZA,tunisian,sunni,False,1,1,livestock,1,Sabha,True,0,Sabha,4567,tunis,2996.0,905.0
2948,MOR,moroccan,sunni,False,2,2,wool,1,Demnate,True,0,Demnate,4568,safi,2706.0,876.0
2949,Unowned,Unowned,Unowned,False,0,0,,0,HighAtlas3,False,0,HighAtlas3,4569,,2684.0,885.0
2950,TIM,uzbehk,sunni,False,3,3,tea,3,Tashkent,True,0,Tashkent,457,samarkand,3890.0,707.0
2951,AZT,aztek,nahuatl,False,5,5,gold,2,Texcoco,True,0,Texcoco,4570,mexico,1264.0,855.0
2952,AZT,aztek,nahuatl,False,5,5,gold,2,Tlacopan,True,0,Tlacopan,4571,mexico,1257.0,874.0
2953,MAT,matlatzinca,nahuatl,False,3,3,gold,1,Malinalco,True,0,Malinalco,4572,mexico,1244.0,873.0
2954,OTO,otomi,nahuatl,False,1,1,wool,1,Acambaro,True,0,Acambaro,4573,mexico,1228.0,850.0
2955,TAR,purepecha,nahuatl,False,3,3,grain,1,Ihuatzio,True,0,Ihuatzio,4574,mexico,1203.0,855.0
2956,TAR,purepecha,nahuatl,False,3,3,grain,1,Puruaran,True,0,Puruaran,4575,mexico,1215.0,875.0
2957,XAL,tepic,nahuatl,False,1,1,wool,1,Amaxocotlan,True,0,Amaxocotlan,4576,mexico,1167.0,847.0
2958,SPA,piman,totemism,False,1,1,unknown,1,Tohono,True,0,Tohono,4577,california,1034.0,654.0
2959,XAL,tepic,nahuatl,False,1,1,wool,1,Tzapotzingo,True,0,Tzapotzingo,4578,california,1164.0,815.0
2960,CLM,tecos,nahuatl,False,4,4,fish,1,Sayula,True,0,Sayula,4579,mexico,1181.0,850.0
2961,TIM,uzbehk,sunni,False,4,4,iron,4,Kokand,True,0,Kokand,458,samarkand,3917.0,745.0
2962,CLM,tecos,nahuatl,False,4,4,fish,1,Tecoman,True,0,Tecoman,4580,mexico,1193.0,874.0
2963,COI,mixtec,nahuatl,False,3,3,dyes,1,Yohualtepec,True,0,Yohualtepec,4581,mexico,1261.0,892.0
2964,TEO,aztek,nahuatl,False,3,3,dyes,1,Teotitlan,True,0,Teotitlan,4582,mexico,1287.0,888.0
2965,TLX,aztek,nahuatl,False,4,4,sugar,1,Xocotla,True,0,Xocotla,4583,mexico,1282.0,857.0
2966,ZAP,zapotek,nahuatl,False,2,2,sugar,1,Mitla,True,0,Mitla,4584,mexico,1316.0,897.0
2967,LAC,lacandon,mesoamerican_religion,False,2,2,fish,1,Tzotzil,True,0,Tzotzil,4585,mexico,1351.0,900.0
2968,LAC,lacandon,mesoamerican_religion,False,2,2,fish,1,Jakaltek,True,0,Jakaltek,4586,mexico,1361.0,917.0
2969,KIC,highland_mayan,mesoamerican_religion,False,3,3,cocoa,1,Qumarkaj,True,0,Qumarkaj,4587,mexico,1382.0,931.0
2970,ITZ,putun,mesoamerican_religion,False,2,2,cocoa,1,Kobox,True,0,Kobox,4588,mexico,1409.0,878.0
2971,CTM,putun,mesoamerican_religion,False,2,2,cocoa,1,Moran,True,0,Moran,4589,mexico,1419.0,909.0
2972,CHG,khazak,sunni,False,1,1,cloth,3,Taraz,True,0,Taraz,459,samarkand,3941.0,647.0
2973,XIU,yucatec,mesoamerican_religion,False,4,4,cocoa,1,Mani,True,0,Xiu,4590,mexico,1413.0,857.0
2974,COC,yucatec,mesoamerican_religion,False,4,4,cocoa,1,Chikinchel,True,0,Sotuta,4591,mexico,1427.0,853.0
2975,SPA,miskito,animism,False,1,1,unknown,1,Ulva,True,0,Ulva,4592,panama,1486.0,981.0
2976,SPA,miskito,animism,False,1,1,unknown,1,Xicaque,True,0,Xicaque,4593,panama,1444.0,937.0
2977,ITZ,putun,mesoamerican_religion,False,2,2,cocoa,1,Tute,True,0,Tzul,4594,mexico,1398.0,918.0
2978,SPA,muisca,animism,False,1,1,unknown,1,Guaymi,True,0,Guaymi,4595,panama,1524.0,1039.0
2979,CAS,guajiro,animism,False,1,2,unknown,1,Kuna,True,0,Kuna,4596,panama,1604.0,1066.0
2980,SPA,miskito,animism,False,1,1,unknown,1,Talamanca,True,0,Talamanca,4597,panama,1501.0,1016.0
2981,TOT,totonac,nahuatl,False,2,2,sugar,1,Cuauhtochco,True,0,Cuauhtochco,4598,mexico,1295.0,862.0
2982,SPA,guajiro,animism,False,1,2,unknown,1,Sinu,True,0,Sinu,4599,panama,1620.0,1044.0
2983,MKL,pommeranian,catholic,True,4,4,naval_supplies,2,Rostock,True,0,Rostock,46,,2998.0,448.0
2984,CHG,kirgiz,sunni,False,4,4,wool,4,Uzkend,True,0,Uzkend,460,samarkand,3929.0,722.0
2985,SPA,guajiro,animism,False,1,2,unknown,1,Magangué,False,0,Magangue,4600,panama,1645.0,1049.0
2986,SPA,guajiro,animism,False,1,2,unknown,1,Chimila,False,0,Chimila,4601,panama,1660.0,1020.0
2987,SPA,guajiro,animism,False,2,2,unknown,1,Motilones,False,0,Motilones,4602,panama,1663.0,1049.0
2988,MCA,muisca,inti,False,5,5,salt,2,Moniquira,True,0,Moniquira,4603,panama,1656.0,1071.0
2989,SPA,guajiro,animism,False,1,2,unknown,1,Pastos,True,0,Pastos,4604,panama,1589.0,1155.0
2990,SPA,guajiro,animism,False,1,2,unknown,1,Putumayos,True,0,Putumayos,4605,panama,1625.0,1173.0
2991,SPA,chichimecan,animism,False,1,1,unknown,1,Chichitames,True,0,Chichitames,4606,rio_grande,1195.0,720.0
2992,SPA,guajiro,animism,False,2,2,unknown,1,Pijaos,False,0,Pijaos,4607,panama,1630.0,1114.0
2993,SPA,guajiro,animism,False,2,2,unknown,1,Achaguas,True,0,Achaguas,4608,panama,1688.0,1093.0
2994,SPA,guajiro,animism,False,1,2,unknown,1,Variquicimeto,True,0,Variquicimeto,4609,carribean_trade,1718.0,1015.0
2995,CHG,khazak,sunni,False,2,2,cloth,2,Almaty,True,0,Almaty,461,samarkand,4019.0,643.0
2996,SPA,guajiro,animism,False,1,2,unknown,1,Yukpa,False,0,Yukpa,4610,carribean_trade,1678.0,1032.0
2997,SPA,guajiro,animism,False,1,2,unknown,1,Wayuu,False,0,Wayuu,4611,carribean_trade,1703.0,1029.0
2998,SPA,guajiro,animism,False,1,2,unknown,1,Tacarigua,True,0,Tacarigua,4612,carribean_trade,1749.0,1018.0
2999,SPA,guajiro,animism,False,1,2,unknown,1,Guanaguanare,True,0,Guanaguanare,4613,carribean_trade,1731.0,1030.0
3000,SPA,guajiro,animism,False,2,2,unknown,1,Tuneo,True,0,Tunebo,4614,carribean_trade,1694.0,1061.0
3001,SPA,guajiro,animism,False,1,2,unknown,1,Guanipa,False,0,Guanipa,4615,carribean_trade,1804.0,1041.0
3002,SPA,guajiro,animism,False,1,2,unknown,1,Anzoategui,True,0,Anzoategui,4616,carribean_trade,1794.0,1020.0
3003,SPA,guajiro,animism,False,1,2,unknown,1,Guaju,True,0,Guaju,4617,amazonas_node,1776.0,1111.0
3004,CAS,arawak,animism,False,2,2,unknown,1,Yaquimo,True,0,Yaquimo,4618,carribean_trade,1674.0,877.0
3005,CAS,arawak,animism,False,2,2,unknown,1,Marien,False,0,Marien,4619,carribean_trade,1680.0,868.0
3006,GEO,georgian,orthodox,False,2,2,wine,2,Zugdidi,True,1,Mingrelia,462,crimea,3458.0,676.0
3007,CAS,arawak,animism,False,2,2,unknown,1,Ciguayo,True,0,Ciguayo,4620,carribean_trade,1713.0,869.0
3008,CAS,arawak,animism,False,2,2,unknown,1,Higuey,True,0,Higuey,4621,carribean_trade,1730.0,877.0
3009,SPA,arawak,animism,False,2,3,unknown,1,Canimar,True,0,Canimar,4622,carribean_trade,1537.0,812.0
3010,CAS,arawak,animism,False,2,3,unknown,1,Escambrey,True,0,Escambrey,4623,carribean_trade,1558.0,817.0
3011,SPA,arawak,animism,False,2,3,unknown,1,Guane,True,0,Guane,4624,carribean_trade,1496.0,815.0
3012,SPA,yamasee,totemism,False,1,1,unknown,1,Mayaca,True,0,Mayaca,4625,carribean_trade,1538.0,706.0
3013,SPA,yamasee,totemism,False,1,1,unknown,1,Potano,True,0,Potano,4626,carribean_trade,1522.0,710.0
3014,SPA,caddo,totemism,False,1,1,unknown,1,Tanu,False,0,Tanu,4627,rio_grande,1281.0,676.0
3015,SPA,mescalero,totemism,False,1,1,grain,1,Nitahendé,True,0,Nitahende,4628,rio_grande,1166.0,659.0
3016,Unowned,lipan,totemism,False,1,1,unknown,1,TelKondaha,False,0,TelKondaha,4629,rio_grande,1217.0,663.0
3017,CIR,circassian,orthodox,False,2,2,livestock,3,Adyche,True,0,Circassia,463,crimea,3437.0,638.0
3018,Unowned,mescalero,totemism,False,1,1,unknown,1,Natahéndé,False,0,Natahende,4630,rio_grande,1171.0,611.0
3019,ISL,pueblo,totemism,False,2,2,salt,1,Cochiti,True,0,Towa,4631,rio_grande,1152.0,596.0
3020,KER,pueblo,totemism,False,2,2,grain,1,Zia,True,0,Keres,4632,rio_grande,1132.0,584.0
3021,SPA,piman,totemism,False,1,1,unknown,1,Sobaipuri,False,0,Sobaipuri,4633,california,1071.0,649.0
3022,Unowned,apache,totemism,False,1,1,unknown,1,Tsékaadn,False,0,Tsekaadn,4634,california,1077.0,614.0
3023,Unowned,piman,totemism,False,1,1,unknown,1,Taaqtam,False,0,Taaqtam,4635,california,975.0,606.0
3024,YKT,yokuts,totemism,False,1,1,grain,1,Choinumni,True,0,Choinumni,4636,california,945.0,560.0
3025,SPA,yokuts,totemism,False,4,3,unknown,3,Ohlone,True,1,Ohlone,4637,california,907.0,551.0
3026,Unowned,yokuts,totemism,False,1,1,unknown,1,Wintun,False,0,Wintun,4638,california,898.0,511.0
3027,SPA,piman,totemism,False,1,1,unknown,1,Paipai,True,0,Paipai,4639,california,999.0,661.0
3028,GOL,astrakhani,sunni,False,5,5,wool,5,Hajitarkhan,True,0,Astrakhan,464,astrakhan,3551.0,604.0
3029,TON,tepic,nahuatl,False,1,1,wool,1,Tonala,True,0,Tecpatitlan,4640,mexico,1207.0,829.0
3030,OTO,otomi,nahuatl,False,1,1,grain,1,Xilotepec,True,0,Xilotepec,4641,mexico,1244.0,838.0
3031,SPA,chichimecan,animism,False,1,1,unknown,1,Pame,False,0,Pame,4642,mexico,1239.0,809.0
3032,SPA,guamares,animism,False,1,1,wool,1,Xiconaque,False,0,Xiconaque,4643,mexico,1207.0,810.0
3033,SPA,apache,totemism,False,1,1,unknown,1,Jocome,True,0,Jocome,4644,rio_grande,1112.0,675.0
3034,SPA,guamares,animism,False,1,1,wool,1,Xochipillan,False,0,Xochipillan,4645,mexico,1186.0,800.0
3035,SPA,piman,totemism,False,1,1,unknown,1,Tarahumara,True,0,Tarahumara,4646,california,1123.0,723.0
3036,SPA,chichimecan,animism,False,1,1,unknown,1,Xecora,True,0,Xecora,4647,california,1163.0,790.0
3037,SPA,chichimecan,animism,False,1,1,unknown,1,Acaxee,True,0,Acaxee,4648,california,1147.0,757.0
3038,SPA,piman,totemism,False,1,1,unknown,1,Mayo,True,0,Mayo,4649,california,1095.0,726.0
3039,NOG,nogaybak,sunni,False,3,3,salt,3,Saraychik,True,0,Nogay,465,astrakhan,3645.0,591.0
3040,SPA,piman,totemism,False,1,1,unknown,1,Opata,True,0,Opata,4650,california,1088.0,687.0
3041,SOO,kyushuan,shinto,False,2,1,chinaware,1,Tsushima,True,0,Tsushima,4651,nippon,4824.0,827.0
3042,MNG,manchu_new,confucianism,False,2,2,fish,2,Haicheng,True,0,Haicheng,4652,beijing,4717.0,697.0
3043,MJZ,manchu,confucianism,False,3,3,naval_supplies,2,Maolian,True,0,Maolian,4653,girin,4809.0,673.0
3044,MJZ,manchu,confucianism,False,3,2,naval_supplies,2,Fu'erhe,True,0,Fuerhe,4654,girin,4847.0,637.0
3045,NHX,manchu,tengri_pagan_reformed,False,2,2,fish,2,Shilimian,True,0,Shilimian,4655,girin,4913.0,634.0
3046,NHX,manchu,tengri_pagan_reformed,False,2,2,fish,2,Wolanhe,True,0,Wolanhe,4656,girin,4946.0,605.0
3047,Unowned,Unowned,Unowned,False,0,0,,0,ChangbaiMountains,False,0,ChangbaiMountains,4657,girin,4802.0,688.0
3048,NVK,nivkh,tengri_pagan_reformed,False,1,1,fish,1,Nangha'er,True,0,Nanghaer,4658,girin,5030.0,470.0
3049,SOL,evenk,tengri_pagan_reformed,False,1,1,fur,1,Tulutingshan,True,0,Tulutingshan,4659,girin,4880.0,503.0
3050,GOL,astrakhani,sunni,False,6,6,wool,5,Sarai,True,1,Sarai,466,astrakhan,3525.0,562.0
3051,MYR,manchu,tengri_pagan_reformed,False,1,2,livestock,2,Tunhe,True,0,Tunhe,4660,girin,4816.0,581.0
3052,MHX,manchu,confucianism,False,3,2,grain,2,Edala,True,0,Edala,4661,girin,4806.0,650.0
3053,SOL,evenk,tengri_pagan_reformed,False,2,2,fur,2,Halacha,True,0,Halacha,4662,girin,4798.0,476.0
3054,EJZ,manchu,tengri_pagan_reformed,False,2,2,naval_supplies,1,Jixi,True,0,Jixi,4663,girin,4882.0,596.0
3055,SOL,evenk,tengri_pagan_reformed,False,1,1,livestock,1,Oroqen,True,0,NorthButeha,4664,girin,4735.0,516.0
3056,KRC,chahar,tengri_pagan_reformed,False,1,1,livestock,1,SouthButeha,True,0,SouthButeha,4665,girin,4706.0,570.0
3057,KHA,khalkha,tengri_pagan_reformed,False,1,1,livestock,1,Barag,True,0,SouthHulunbur,4666,yumen,4652.0,556.0
3058,KHA,khalkha,tengri_pagan_reformed,False,1,1,livestock,2,Bayan-Uul,True,0,NorthSetsen,4667,yumen,4589.0,543.0
3059,KHA,khalkha,tengri_pagan_reformed,False,1,1,fur,2,Orkhon,True,0,WestIhHuree,4668,yumen,4423.0,556.0
3060,KHA,khalkha,tengri_pagan_reformed,False,1,1,livestock,2,Sainshand,True,0,EastDornogovi,4669,yumen,4520.0,638.0
3061,GOL,mishary,sunni,False,2,2,livestock,2,Borisoglebsk,True,0,Borisoglebsk,467,astrakhan,3453.0,518.0
3062,KHA,mongol,vajrayana,False,1,1,livestock,1,Urad,True,0,WestKharaNarinUla,4670,beijing,4477.0,694.0
3063,KHA,mongol,vajrayana,False,2,1,livestock,2,Kalgan,True,0,EastEreen,4671,beijing,4592.0,676.0
3064,KRC,chahar,vajrayana,False,2,1,livestock,2,Josutu,True,0,NorthJuUd,4672,girin,4681.0,676.0
3065,KHA,mongol,vajrayana,False,1,1,livestock,2,Ujimqin,True,0,EastXilinGol,4673,yumen,4651.0,616.0
3066,KRC,chahar,vajrayana,False,1,1,livestock,2,Korchin,True,0,NorthJirem,4674,girin,4700.0,604.0
3067,KRC,chahar,vajrayana,False,1,1,livestock,2,Bayisingtu,True,0,CentralJirem,4675,girin,4711.0,654.0
3068,OIR,mongol,vajrayana,False,1,1,livestock,2,WestAlxa,True,0,WestAlxa,4676,xian,4405.0,716.0
3069,OIR,khalkha,tengri_pagan_reformed,False,1,1,livestock,1,Noyon,True,0,EastGovi,4677,yumen,4422.0,657.0
3070,OIR,khalkha,tengri_pagan_reformed,False,3,3,cloth,3,Qaraqorum,True,1,EastQaraqorum,4678,yumen,4414.0,602.0
3071,OIR,khalkha,tengri_pagan_reformed,False,1,1,fur,2,Khovsgol,True,0,EastTsetserleg,4679,siberia,4369.0,509.0
3072,GOL,astrakhani,sunni,False,2,2,livestock,1,Khazaria,True,0,Khazaria,468,astrakhan,3482.0,585.0
3073,OIR,khalkha,tengri_pagan_reformed,False,1,1,livestock,2,Zakhchin,True,0,EastZagast,4680,yumen,4283.0,605.0
3074,KHA,oirats,tengri_pagan_reformed,False,1,1,livestock,2,Olgii,True,0,NorthKobdo,4681,yumen,4205.0,558.0
3075,KHA,oirats,tengri_pagan_reformed,False,2,1,livestock,2,Monkhkhairkhan,True,0,SouthKobdo,4682,yumen,4249.0,617.0
3076,OIR,oirats,tengri_pagan_reformed,False,1,1,livestock,2,Altay,True,0,EastHoboskar,4683,yumen,4195.0,603.0
3077,OIR,oirats,sunni,False,1,1,fish,1,Dzhemenika,True,0,Dzhemenika,4684,yumen,4122.0,552.0
3078,SHY,khazak,sunni,False,1,1,wool,1,Karagandy,True,0,Karagandy,4685,samarkand,3961.0,535.0
3079,SHY,khazak,sunni,False,2,2,salt,1,Ekibastuz,True,0,Ekibastuz,4686,siberia,3992.0,487.0
3080,OIR,kirgiz,tengri_pagan_reformed,False,1,1,unknown,1,Imakia,True,0,Imakia,4687,siberia,4014.0,476.0
3081,SHY,kirgiz,tengri_pagan_reformed,False,1,1,livestock,2,Baraba,True,0,Baraba,4688,siberia,4020.0,422.0
3082,SHY,siberian,sunni,False,2,3,fur,2,Om,True,0,Om,4689,siberia,3945.0,427.0
3083,NOG,nogaybak,sunni,False,1,1,fish,1,Ryn,True,0,Ryn,469,astrakhan,3578.0,580.0
3084,SHY,siberian,sunni,False,1,1,fur,1,Ishim,True,0,Ishim,4690,siberia,3905.0,390.0
3085,RUS,ostyaki,tengri_pagan_reformed,False,1,1,unknown,1,As,True,0,As,4691,siberia,3887.0,266.0
3086,SHY,khazak,sunni,False,1,1,iron,1,Zhakeikin,True,0,Turgay,4692,siberia,3806.0,485.0
3087,KAS,uyghur,sunni,False,2,2,wool,1,Keriya,True,0,Keriya,4693,yumen,4107.0,794.0
3088,FRA,gascon,catholic,False,2,2,wool,2,Foix,True,0,Foix,4694,bordeaux,2821.0,665.0
3089,FRA,occitain,catholic,False,3,2,wine,2,Carcassonne,True,0,Carcassonne,4695,valencia,2838.0,666.0
3090,PRO,occitain,catholic,False,4,4,naval_supplies,3,Toulon,True,0,Toulon,4696,genua,2904.0,658.0
3091,AMG,gascon,catholic,False,2,2,livestock,2,Guéret,True,0,LaMarche,4697,bordeaux,2830.0,612.0
3092,EPI,greek,orthodox,False,2,1,wine,2,Cephalonia,True,0,Cephalonia,4698,ragusa,3128.0,759.0
3093,EPI,greek,orthodox,False,3,2,livestock,1,Arta,True,0,Arta,4699,ragusa,3142.0,746.0
3094,WOL,pommeranian,catholic,True,2,2,fish,2,Stralsund,True,1,Stralsund,47,,3007.0,444.0
3095,NOG,nogaybak,sunni,False,2,2,livestock,2,Bayuly,True,0,Bayuly,470,astrakhan,3638.0,549.0
3096,GEN,greek,orthodox,False,2,2,fish,1,Mytilene,True,0,Lesbos,4700,constantinople,3209.0,727.0
3097,ACH,greek,orthodox,False,2,2,wine,2,Corinth,True,0,Corinth,4701,ragusa,3161.0,766.0
3098,TUR,greek,orthodox,False,2,2,grain,2,Siroz,True,0,Siroz,4702,ragusa,3164.0,700.0
3099,TUR,bulgarian,orthodox,False,2,2,copper,2,Kostendil,True,0,Kostendil,4703,constantinople,3169.0,685.0
3100,TUR,bulgarian,orthodox,False,3,3,cloth,3,Tarnovo,True,0,Tirnovo,4704,constantinople,3217.0,658.0
3101,TUR,greek,orthodox,False,2,1,livestock,3,Gumulcine,True,0,Gumulcine,4705,constantinople,3199.0,701.0
3102,TUR,bulgarian,orthodox,False,2,1,wool,1,Tolcu,True,0,Tolcu,4706,constantinople,3256.0,629.0
3103,ING,bavarian,catholic,True,2,2,,2,Wasserburg,True,0,Rosenheim,4707,,2996.0,575.0
3104,LBV,bavarian,catholic,True,4,4,,2,Freising,True,0,Freising,4708,,2991.0,562.0
3105,PSS,bavarian,catholic,True,5,5,salt,1,Passau,True,0,Passau,4709,,3017.0,554.0
3106,NOG,nogaybak,sunni,False,2,2,livestock,2,Alimuly,True,0,Alimuly,471,astrakhan,3703.0,597.0
3107,MBZ,austrian,catholic,True,2,2,wool,1,Bregenz,True,0,Bregenz,4710,,2961.0,580.0
3108,ING,swabian,catholic,True,2,2,grain,2,Nördlingen,True,0,Donauwoerth,4711,,2972.0,554.0
3109,KNZ,swabian,catholic,True,6,6,cloth,1,Konstanz,True,1,Konstanz,4712,,2947.0,575.0
3110,WUR,swabian,catholic,True,3,3,grain,2,Reutlingen,True,0,Urach,4713,,2949.0,566.0
3111,BAD,swabian,catholic,True,3,3,wine,2,Durlach,True,0,Durlach,4714,,2938.0,550.0
3112,ROT,franconian,catholic,True,4,5,grain,1,Rothenburg,True,0,Rothenburg,4715,,2959.0,543.0
3113,THU,franconian,catholic,True,3,2,livestock,1,Coburg,True,0,Coburg,4716,,2976.0,521.0
3114,BYT,franconian,catholic,True,2,2,wool,2,Bayreuth,True,0,Bayreuth,4717,,2990.0,528.0
3115,MAI,franconian,catholic,True,3,2,cloth,2,Aschaffenburg,True,0,Aschaffenburg,4718,,2950.0,534.0
3116,SAV,occitain,catholic,True,3,2,cloth,2,Bourg-en-Bresse,True,0,Annecy,4719,champagne,2893.0,609.0
3117,NOG,nogaybak,sunni,False,2,2,naval_supplies,2,Zhetyru,True,0,Jetyru,472,astrakhan,3700.0,542.0
3118,GNV,swiss,catholic,True,6,4,cloth,3,Geneva,True,0,Geneva,4720,champagne,2906.0,608.0
3119,SWI,swiss,catholic,True,3,3,livestock,2,Fribourg,True,0,Fribourg,4721,champagne,2911.0,591.0
3120,TTL,swiss,catholic,True,3,2,livestock,1,Illanz,True,0,Illanz,4722,,2954.0,594.0
3121,OPL,schlesian,catholic,True,3,3,grain,2,Opole,True,0,Opole,4723,krakow,3088.0,518.0
3122,BOH,czech,hussite,True,3,2,grain,1,Chlumec,True,0,Pardubice,4724,,3055.0,528.0
3123,BOH,czech,catholic,True,3,2,grain,2,JindrichuvHradec,True,0,JindrichuvHradec,4725,,3041.0,539.0
3124,BOH,czech,catholic,True,2,2,grain,1,Hradiste,True,0,Ostrava,4726,,3083.0,538.0
3125,SZO,piedmontese,catholic,True,3,4,iron,4,Saluzzo,True,0,Saluzzo,4727,genua,2916.0,634.0
3126,MLO,lombard,catholic,True,6,5,grain,5,Pavia,False,0,Pavia,4728,genua,2942.0,627.0
3127,VEN,venetian,catholic,False,4,3,paper,2,Padova,True,0,Padova,4729,venice,2984.0,619.0
3128,KAZ,kazani,sunni,False,3,3,livestock,1,Samara,True,0,Samara,473,kazan,3573.0,477.0
3129,BLG,romagnan,catholic,False,5,4,cloth,3,Bologna,True,0,Bologna,4730,venice,2982.0,639.0
3130,PAP,umbrian,catholic,False,3,2,livestock,1,Spoleto,True,0,Spoleto,4731,genua,3007.0,676.0
3131,PAP,umbrian,catholic,False,3,3,fish,0,Terracina,True,0,Terracina,4732,genua,3013.0,692.0
3132,NAP,neapolitan,catholic,False,3,2,paper,2,Campobasso,True,0,Molise,4733,venice,3032.0,688.0
3133,NAP,neapolitan,catholic,False,4,4,grain,3,Avellino,False,0,Avellino,4734,genua,3045.0,701.0
3134,SAR,sardinian,catholic,False,2,2,grain,2,Arborea,False,0,Arborea,4735,genua,2944.0,723.0
3135,SIC,sicilian,catholic,False,2,3,fish,2,Trapani,True,0,Trapani,4736,genua,3005.0,764.0
3136,SIC,sicilian,catholic,False,3,3,grain,2,Girgenti,True,0,Girgenti,4737,genua,3019.0,771.0
3137,HAB,venetian,catholic,True,4,3,fish,2,Trieste,False,0,Trieste,4738,venice,3017.0,615.0
3138,MLO,lombard,catholic,True,4,3,cloth,2,Bergamo,True,0,Bergamo,4739,venice,2958.0,611.0
3139,NOG,nogaybak,sunni,False,2,2,iron,2,Yaik,True,0,Yaik,474,astrakhan,3593.0,507.0
3140,MLO,lombard,catholic,True,4,4,cloth,2,Como,False,0,Como,4740,genua,2945.0,605.0
3141,MAG,saxon,catholic,True,3,3,,1,Halle,True,0,Halle,4741,,2984.0,494.0
3142,GOS,saxon,catholic,True,5,5,,1,Goslar,True,0,Goslar,4742,,2974.0,494.0
3143,THU,saxon,catholic,True,3,3,grain,2,Weimar,True,0,Weimar,4743,,2987.0,512.0
3144,SAX,saxon,catholic,True,2,3,cloth,2,Zwickau,True,0,Zwickau,4744,,3009.0,509.0
3145,WOL,pommeranian,catholic,True,2,1,fish,1,Rugen,True,0,Rugen,4745,,3016.0,436.0
3146,STE,pommeranian,catholic,True,3,3,naval_supplies,3,Stargard,True,0,Stargard,4746,,3042.0,458.0
3147,TEU,pommeranian,catholic,True,2,2,livestock,1,Dramburg,True,0,Dramburg,4747,,3057.0,457.0
3148,BRA,saxon,catholic,True,4,3,iron,3,Brandenburg,True,0,Brandenburg,4748,,3003.0,480.0
3149,MKL,pommeranian,catholic,True,3,3,livestock,2,Neubrandenburg,True,0,Stargard,4749,,3006.0,457.0
3150,KAZ,bashkir,sunni,False,3,3,wool,3,Bashkort,True,0,Bashkortostan,475,kazan,3668.0,437.0
3151,ALB,albanian,orthodox,False,2,2,wool,1,Krujë,True,0,Kruje,4750,ragusa,3121.0,701.0
3152,CLI,slovene,catholic,True,3,4,wine,2,Celje,True,0,Cilli,4751,venice,3043.0,604.0
3153,CRO,croatian,catholic,False,4,4,cloth,2,Rijeka,True,1,Rijeka,4752,ragusa,3039.0,620.0
3154,DAL,dalmatian,catholic,False,3,2,naval_supplies,2,Zadar,True,0,Zadar,4753,ragusa,3050.0,644.0
3155,VEN,serbian,orthodox,False,3,3,naval_supplies,1,Kotor,True,0,Kotor,4754,ragusa,3103.0,681.0
3156,TUR,bosnian,orthodox,False,2,2,salt,1,Visegrad,True,0,Podrinje,4755,ragusa,3103.0,640.0
3157,CRO,croatian,catholic,False,2,3,grain,1,Bjelovar,True,0,Bjelovar,4756,pest,3069.0,613.0
3158,SER,serbian,orthodox,False,2,2,grain,1,Valjevo,True,0,Kolubara,4757,ragusa,3115.0,646.0
3159,HAB,austrian,catholic,True,2,2,wool,2,Meran,True,0,Etsch,4758,,2986.0,593.0
3160,HAB,Unowned,catholic,True,3,3,iron,2,Villach,True,0,Oberkaernten,4759,,3020.0,592.0
3161,SHY,khazak,sunni,False,6,6,grain,6,Orda-Bazar,True,0,Kypshak,476,samarkand,3884.0,535.0
3162,LBV,bavarian,catholic,True,3,3,wine,2,Innbaiern,True,0,Innbaiern,4760,,3017.0,568.0
3163,HAB,austrian,catholic,True,2,4,iron,2,Steyr,True,0,Traungau,4761,,3031.0,569.0
3164,HAB,austrian,catholic,True,3,3,wine,3,Wienerwald,True,0,Wienerwald,4762,,3048.0,568.0
3165,BUR,burgundian,catholic,True,2,3,salt,2,Salins,True,0,Salins,4764,champagne,2896.0,596.0
3166,MLH,swabian,catholic,True,3,3,cloth,2,Mülhausen,True,0,Mulhouse,4765,,2920.0,566.0
3167,BAR,burgundian,catholic,True,3,3,grain,3,Verdun,True,0,Verdun,4766,champagne,2890.0,549.0
3168,PAL,hessian,catholic,True,3,3,cloth,2,Zweibrücken,True,0,Zweibrucken,4767,,2921.0,542.0
3169,BRG,hessian,catholic,True,3,3,grain,2,Jülich,True,0,Julich,4768,,2907.0,517.0
3170,FLA,wallonian,catholic,False,4,5,cloth,2,Lille,True,0,Lille,4769,english_channel,2853.0,519.0
3171,SHY,khazak,sunni,False,2,2,wool,2,Nadym,True,0,Nadym,477,samarkand,3940.0,584.0
3172,BRB,dutch,catholic,True,4,4,paper,2,'s-Hertogenbosch,True,0,s,4770,english_channel,2895.0,496.0
3173,VER,lower_saxon,catholic,True,2,2,livestock,3,Verden,True,0,Verden,4771,,2952.0,468.0
3174,LUN,lower_saxon,catholic,True,2,2,livestock,2,Celle,True,0,Celle,4772,,2965.0,477.0
3175,BRU,lower_saxon,catholic,True,2,2,cloth,2,Göttingen,True,0,Goettingen,4773,,2962.0,500.0
3176,WBG,hessian,catholic,True,2,2,grain,1,Fulda,True,0,Fulda,4774,,2959.0,519.0
3177,BRG,hannoverian,catholic,True,2,2,,1,Bielefeld,True,0,Bielefeld,4775,,2937.0,485.0
3178,FRA,cosmopolitan_french,catholic,False,4,4,wine,3,Blois,True,0,Blois,4776,champagne,2825.0,580.0
3179,FRA,occitain,catholic,False,3,2,livestock,2,Montbrison,True,0,Forez,4777,bordeaux,2868.0,615.0
3180,BOH,sorbian,catholic,True,2,2,livestock,1,Zhorelec,True,0,Gorlitz,4778,,3041.0,503.0
3181,TUR,greek,orthodox,False,2,1,livestock,3,Gallipoli,True,0,Gallipoli,4779,constantinople,3224.0,711.0
3182,SHY,khazak,sunni,False,2,2,wool,2,Argyn,True,0,Argyn,478,samarkand,4023.0,531.0
3183,TUR,bulgarian,orthodox,False,2,2,wool,2,Ohrid,True,0,Ohrid,4780,ragusa,3134.0,697.0
3184,Unowned,nguni,Unowned,False,2,2,unknown,1,Pretoria,False,0,Transvaal,4781,cape_of_good_hope,3239.0,1810.0
3185,Unowned,khoisan,Unowned,False,1,1,unknown,1,Vryburg,False,0,Tswana,4782,cape_of_good_hope,3190.0,1822.0
3186,Unowned,nguni,Unowned,False,1,1,unknown,1,Mbabane,False,0,Swazi,4783,cape_of_good_hope,3276.0,1821.0
3187,Unowned,nguni,Unowned,False,1,1,unknown,1,Polokwane,False,0,UpperLimpopo,4784,cape_of_good_hope,3259.0,1771.0
3188,ENG,english,catholic,False,2,2,iron,1,Sheffield,True,0,Sheffield,4785,english_channel,2784.0,453.0
3189,BRA,saxon,catholic,True,2,2,livestock,1,Pankow,True,0,Priegnitz,4786,,2991.0,466.0
3190,POR,portugese,catholic,False,4,3,grain,3,Santarém,True,0,Ribatejo,4787,sevilla,2674.0,739.0
3191,SPA,leonese,catholic,False,2,2,livestock,1,Plasencia,True,0,Plasencia,4788,sevilla,2711.0,724.0
3192,SPA,castillian,catholic,False,3,3,wool,2,Segovia,True,0,Segovia,4789,sevilla,2749.0,697.0
3193,SHY,khazak,sunni,False,2,2,copper,2,Kerey,True,0,Kerey,479,siberia,3897.0,471.0
3194,SUN,sundanese,hinduism,False,3,3,grain,2,Pangguyanan,True,0,Pangguyanan,4790,the_moluccas,4476.0,1511.0
3195,SUN,sundanese,hinduism,False,4,4,spices,3,Cirebon,True,0,Cirebon,4791,the_moluccas,4500.0,1505.0
3196,MAJ,javanese,hinduism,False,2,2,naval_supplies,2,Kendal,True,0,Kendal,4792,the_moluccas,4527.0,1512.0
3197,MAJ,javanese,hinduism,False,2,2,grain,2,Pajang,True,0,SouthDemak,4793,the_moluccas,4541.0,1514.0
3198,MAJ,javanese,hinduism,False,2,2,fish,2,Malang,True,0,EastKediri,4794,the_moluccas,4560.0,1525.0
3199,BNE,sulawesi,animism,False,3,4,spices,2,Bone,True,0,Bone,4795,the_moluccas,4681.0,1471.0
3200,NED,sulawesi,animism,False,4,4,unknown,3,Kendari,True,0,Kendari,4796,the_moluccas,4715.0,1457.0
3201,MKS,sulawesi,animism,False,3,3,spices,2,Soppeng,True,0,Soppeng,4797,the_moluccas,4675.0,1462.0
3202,BNE,sulawesi,animism,False,3,3,spices,2,Wajo,True,0,Wajo,4798,the_moluccas,4681.0,1453.0
3203,KUT,bornean,hinduism,False,3,3,spices,2,Sangkulirang,True,0,Sangkulirang,4799,malacca,4644.0,1382.0
3204,WOL,pommeranian,catholic,True,2,2,fish,2,Kolberg,True,0,Kolberg,48,,3043.0,446.0
3205,OIR,kirgiz,tengri_pagan_reformed,False,1,1,unknown,1,Kulunda,True,0,Kulunda,480,siberia,4107.0,426.0
3206,BNJ,bornean,hinduism,False,3,3,unknown,2,Paser,True,0,Paser,4800,malacca,4610.0,1430.0
3207,BNJ,bornean,hinduism,False,2,3,unknown,1,Batulican,True,0,Batulican,4801,malacca,4607.0,1449.0
3208,SMB,bornean,hinduism,False,5,5,gold,3,Pontiniak,True,0,SouthPontiniak,4802,malacca,4517.0,1406.0
3209,SMB,bornean,hinduism,False,3,3,unknown,3,Meliau,True,0,NorthKatapang,4803,malacca,4531.0,1404.0
3210,BEI,bornean,sunni,False,3,3,fish,2,Kuching,True,0,Kuching,4804,malacca,4529.0,1380.0
3211,BEI,bornean,sunni,False,3,3,fish,2,Bintulu,True,0,EastSibu,4805,malacca,4584.0,1347.0
3212,BEI,bornean,sunni,False,1,1,tropical_wood,1,Kapit,True,0,InlandSarawak,4806,malacca,4580.0,1366.0
3213,Unowned,Unowned,Unowned,False,0,0,,0,NorthBorneo,False,0,NorthBorneo,4807,,4604.0,1360.0
3214,Unowned,Unowned,Unowned,False,0,0,,0,Sumatra,False,0,Sumatra,4808,,4376.0,1396.0
3215,PSA,acehnese,sunni,False,4,4,spices,3,Langkat,True,0,SouthPeureulak,4809,malacca,4342.0,1342.0
3216,ENG,english,protestant,False,1,1,unknown,1,Bermuda,False,0,Bermuda,481,carribean_trade,1828.0,634.0
3217,DLI,sumatran,sunni,False,4,4,spices,3,Deli,True,0,SouthDeli,4810,malacca,4356.0,1352.0
3218,BRS,sumatran,hinduism,False,4,4,spices,3,Barus,True,0,Barus,4811,malacca,4335.0,1358.0
3219,PAT,malayan,sunni,False,2,2,tropical_wood,1,Gerik,True,0,Gerik,4812,malacca,4387.0,1313.0
3220,KED,malayan,sunni,False,2,2,tropical_wood,1,Pengang,True,0,Penang,4813,malacca,4377.0,1317.0
3221,PAH,malayan,mahayana,False,2,2,tropical_wood,1,Semantan,True,0,Semantan,4814,malacca,4400.0,1340.0
3222,MLC,malayan,sunni,False,2,2,fish,1,Singapura,True,0,Singapura,4815,malacca,4424.0,1378.0
3223,SAK,sumatran,sunni,False,2,2,fish,3,Rengat,True,0,Rengat,4816,malacca,4413.0,1405.0
3224,PGR,sumatran,hinduism,False,2,2,grain,2,Padang,True,0,Padang,4817,malacca,4374.0,1414.0
3225,IND,sumatran,hinduism,False,2,2,grain,2,Indrapura,True,0,Indrapura,4818,malacca,4386.0,1431.0
3226,DAI,vietnamese,mahayana,False,4,3,grain,3,SonNam,True,0,SonNam,4819,canton,4479.0,1052.0
3227,CAS,arawak,animism,False,2,2,unknown,1,Bahamas,True,0,Bahamas,482,carribean_trade,1605.0,772.0
3228,DAI,vietnamese,mahayana,False,4,3,grain,2,MinhQuang,True,0,MinhQuang,4820,canton,4432.0,1041.0
3229,DAI,vietnamese,mahayana,False,4,3,grain,3,NgheAn,True,0,NgheAn,4821,canton,4443.0,1085.0
3230,CHA,cham,hinduism,False,4,3,incense,2,Amaravati,True,0,Amaravati,4822,gulf_of_siam,4496.0,1159.0
3231,JAR,cham,animism,False,2,2,tea,2,Jarai,True,0,Jarai,4823,gulf_of_siam,4490.0,1169.0
3232,RHA,cham,animism,False,2,2,copper,2,Rhade,True,0,Rhade,4824,gulf_of_siam,4492.0,1188.0
3233,KHM,khmer,buddhism,False,3,3,grain,2,Pursat,True,0,Pursat,4825,gulf_of_siam,4421.0,1209.0
3234,KHM,khmer,buddhism,False,4,4,grain,2,Kampot,True,0,Kampot,4826,gulf_of_siam,4434.0,1225.0
3235,KHM,khmer,hinduism,False,2,2,grain,2,KampomPousThom,True,0,KampomPousThom,4827,gulf_of_siam,4448.0,1195.0
3236,KHM,khmer,hinduism,False,2,2,grain,2,PreahVihear,True,0,PreahVihear,4828,gulf_of_siam,4450.0,1178.0
3237,KHM,khmer,hinduism,False,2,2,grain,2,RaungDapey,True,0,RaungDapey,4829,gulf_of_siam,4472.0,1213.0
3238,CAS,carib,animism,False,3,3,unknown,1,TurksIslands,False,0,TurksIslands,483,carribean_trade,1668.0,823.0
3239,AYU,central_thai,buddhism,False,3,3,grain,3,Rayong,True,0,Rayong,4830,gulf_of_siam,4388.0,1182.0
3240,AYU,central_thai,buddhism,False,3,3,grain,3,Bangkok,True,0,Bangkok,4831,gulf_of_siam,4374.0,1180.0
3241,AYU,central_thai,buddhism,False,3,3,grain,3,Lopburi,True,0,Lopburi,4832,gulf_of_siam,4377.0,1156.0
3242,AYU,central_thai,buddhism,False,3,3,grain,3,Phetchaburi,True,0,Phetchabun,4833,gulf_of_siam,4378.0,1142.0
3243,AYU,central_thai,buddhism,False,3,3,grain,3,Suphanburi,True,0,Suphanburi,4834,gulf_of_siam,4358.0,1159.0
3244,AYU,central_thai,buddhism,False,2,2,ivory,2,Kanchanaburi,True,0,Kanchanaburi,4835,gulf_of_siam,4349.0,1161.0
3245,AYU,khmer,buddhism,False,3,3,grain,3,SiThep,True,0,SiThep,4836,gulf_of_siam,4402.0,1148.0
3246,LXA,lao,animism,False,2,2,ivory,1,MuangNgoi,True,0,MuangNgoi,4837,gulf_of_siam,4408.0,1068.0
3247,LXA,lao,buddhism,False,2,2,ivory,1,SipEt,True,0,SipEt,4838,gulf_of_siam,4436.0,1144.0
3248,LXA,lao,animism,False,4,3,tea,3,Champasak,True,0,Champasak,4839,gulf_of_siam,4454.0,1162.0
3249,CAS,arawak,animism,False,5,5,unknown,1,Havana,True,1,Havana,484,carribean_trade,1521.0,816.0
3250,LXA,lao,animism,False,2,2,ivory,1,Xekong,True,0,Xekong,4840,gulf_of_siam,4463.0,1144.0
3251,LNA,northern_thai,buddhism,False,4,3,grain,3,Lamphun,True,0,Lamphun,4841,gulf_of_siam,4344.0,1102.0
3252,LNA,northern_thai,buddhism,False,3,3,grain,2,Lakhon,True,0,Lakhon,4842,gulf_of_siam,4363.0,1098.0
3253,Unowned,Unowned,Unowned,False,0,0,,0,AnnamiteMountains,False,0,AnnamiteMountains,4843,,4456.0,1117.0
3254,Unowned,Unowned,Unowned,False,0,0,,0,DawnaHills,False,0,DawnaHills,4844,,4335.0,1104.0
3255,TER,sulawesi,animism,False,4,4,unknown,2,Mamuju,True,0,Mamuju,4845,the_moluccas,4669.0,1435.0
3256,LAR,gunwinyguan,dreamtime,False,2,2,,1,Woolna,True,1,Woolna,4846,australia,4861.0,1617.0
3257,YNU,paman,dreamtime,False,1,1,fish,1,Yunawa,True,0,Yunawa,4847,australia,4941.0,1644.0
3258,Unowned,paman,dreamtime,False,1,2,unknown,1,Mingin,False,0,Mingin,4848,australia,4980.0,1661.0
3259,Unowned,paman,dreamtime,False,1,1,unknown,1,Kurtjar,False,0,Kurtjar,4849,australia,5015.0,1669.0
3260,CAS,arawak,animism,False,2,3,unknown,1,Moron,True,0,Moron,485,carribean_trade,1560.0,840.0
3261,Unowned,paman,dreamtime,False,3,2,unknown,1,Biri,False,0,Biri,4850,australia,5126.0,1752.0
3262,Unowned,aboriginal,dreamtime,False,2,2,unknown,1,Gureng,False,0,Gureng,4851,australia,5151.0,1801.0
3263,Unowned,gamilaraay,dreamtime,False,2,2,unknown,1,Wuli,False,0,WuliWuli,4852,australia,5134.0,1802.0
3264,Unowned,gamilaraay,dreamtime,False,1,1,unknown,1,Bidjara,False,0,Bidjara,4853,australia,5098.0,1803.0
3265,Unowned,aboriginal,dreamtime,False,4,3,unknown,2,Badtajala,False,1,Badtjala,4854,australia,5156.0,1822.0
3266,Unowned,gamilaraay,dreamtime,False,1,1,unknown,1,Yiman,False,0,Yiman,4855,australia,5108.0,1833.0
3267,GMI,gamilaraay,dreamtime,False,4,3,unknown,3,Barunggam,False,0,Barunggam,4856,australia,5128.0,1859.0
3268,Unowned,aboriginal,dreamtime,False,2,2,unknown,1,Bundjalung,False,0,Bundjalung,4857,australia,5140.0,1890.0
3269,Unowned,aboriginal,dreamtime,False,2,2,unknown,1,Tharawal,False,1,Tharawal,4858,australia,5117.0,1942.0
3270,Unowned,aboriginal,dreamtime,False,4,3,unknown,2,Gundungurra,False,0,Gundungurra,4859,australia,5097.0,1939.0
3271,CAS,arawak,animism,False,2,3,unknown,1,Guantanamo,True,0,Guantanamo,486,carribean_trade,1619.0,851.0
3272,Unowned,aboriginal,dreamtime,False,2,1,unknown,1,Dharug,False,0,Dharug,4860,australia,5109.0,1918.0
3273,Unowned,kulin,dreamtime,False,1,2,unknown,2,Waveroo,False,0,Waveroo,4861,australia,5064.0,1907.0
3274,Unowned,yura,dreamtime,False,1,2,unknown,2,Ngadjuri,False,0,Ngadjuri,4862,australia,4970.0,1881.0
3275,Unowned,nyoongah,dreamtime,False,2,1,unknown,1,Nyaki,False,0,Nyaki,4863,australia,4703.0,1879.0
3276,Unowned,nyoongah,dreamtime,False,1,1,unknown,1,Yuat,False,0,Yuat,4864,australia,4665.0,1851.0
3277,Unowned,nyoongah,dreamtime,False,1,1,unknown,1,Kurrama,False,0,Kurrama,4865,australia,4691.0,1727.0
3278,Unowned,nyoongah,dreamtime,False,1,1,unknown,1,Mangala,False,0,Mangala,4866,australia,4765.0,1697.0
3279,Unowned,gunwinyguan,dreamtime,False,1,1,unknown,1,Wunambul,False,0,Wunambul,4867,australia,4791.0,1639.0
3280,GBR,palawa,dreamtime,False,1,2,fur,3,Pyemmairrener,True,0,Pyemmairrener,4868,australia,5083.0,2010.0
3281,PLW,palawa,dreamtime,False,1,2,gems,3,Peerapper,True,0,Peerapper,4869,australia,5054.0,2014.0
3282,CAS,arawak,animism,False,4,5,unknown,1,Jamaica,True,1,Jamaica,487,carribean_trade,1599.0,886.0
3283,Unowned,Unowned,Unowned,False,0,0,,0,AustralianLakes,False,0,AustralianLakes,4870,,4907.0,1760.0
3284,GBR,abenaki,totemism,False,2,2,unknown,1,Cowasuk,True,0,Cowasuk,4871,st_lawrence,1681.0,419.0
3285,WEN,tionontate,totemism,False,1,2,fur,2,Wenrohonon,True,0,Wenrohonon,4872,ohio,1575.0,453.0
3286,GBR,abenaki,totemism,False,2,2,unknown,1,Pegwaki,True,0,Pegwaki,4873,st_lawrence,1709.0,408.0
3287,ENG,mahican,totemism,False,2,2,unknown,1,Westenhuck,True,0,Westenhuck,4874,chesapeake_bay,1665.0,457.0
3288,USA,iroquois,totemism,False,3,2,unknown,1,Welhikane,False,0,Welhikhane,4875,ohio,1583.0,476.0
3289,LEN,susquehannock,totemism,False,2,2,unknown,1,Scahentowanen,True,0,Scahentowanen,4876,ohio,1610.0,472.0
3290,ENG,iroquois,totemism,False,3,2,unknown,1,Nottoway,True,0,Nottoway,4877,chesapeake_bay,1586.0,560.0
3291,GBR,catawba,totemism,False,3,2,unknown,1,Eno,False,0,Eno,4878,chesapeake_bay,1560.0,575.0
3292,CHE,cherokee,totemism,False,2,2,tobacco,1,Kituwah,True,0,Kituwah,4879,chesapeake_bay,1512.0,587.0
3293,CAS,arawak,animism,False,2,3,unknown,1,LesCayes,True,1,LesCayes,488,carribean_trade,1661.0,882.0
3294,GBR,yamasee,totemism,False,3,2,unknown,1,Combahee,False,0,Combahee,4880,chesapeake_bay,1517.0,624.0
3295,USA,creek,totemism,False,3,2,unknown,1,Sawokli,False,0,Sawokli,4881,chesapeake_bay,1496.0,664.0
3296,CHE,cherokee,totemism,False,3,2,unknown,1,Eta,True,0,Etali,4882,chesapeake_bay,1517.0,600.0
3297,CHI,chickasaw,totemism,False,3,2,unknown,1,Napochi,True,0,Napochi,4883,mississippi_river,1440.0,611.0
3298,FRA,natchez,totemism,False,3,2,unknown,1,Houma,True,0,Houma,4884,mississippi_river,1393.0,658.0
3299,FRA,natchez,totemism,False,3,2,unknown,1,Avoyel,True,0,Avoyel,4885,mississippi_river,1372.0,647.0
3300,Unowned,caddo,totemism,False,3,2,unknown,1,Nasoni,False,0,Nasoni,4886,mississippi_river,1340.0,608.0
3301,USA,chickasaw,totemism,False,3,2,unknown,1,Cochati,False,0,Cochati,4887,ohio,1420.0,567.0
3302,HWK,shawnee,totemism,False,1,2,fur,2,Tatteroa,True,0,Tatteroa,4888,ohio,1509.0,546.0
3303,GBR,shawnee,totemism,False,3,2,unknown,1,Mohetan,False,0,Mohetan,4889,ohio,1553.0,533.0
3304,CAS,arawak,animism,False,2,2,unknown,1,Tortuga,False,0,Tortuga,489,carribean_trade,1669.0,858.0
3305,FRA,algonquin,totemism,False,3,2,unknown,1,Kichessipirini,True,0,Kichessipirini,4890,st_lawrence,1613.0,403.0
3306,MIK,mikmaq,totemism,False,2,2,fish,1,Piktuk,True,0,Piktuk,4891,st_lawrence,1816.0,395.0
3307,FRA,laurentian,totemism,False,3,2,unknown,1,Iroquet,True,0,Iroquet,4892,st_lawrence,1624.0,412.0
3308,FRA,laurentian,totemism,False,2,2,unknown,1,Nebesek,True,0,Nebesek,4893,st_lawrence,1681.0,387.0
3309,Unowned,algonquin,totemism,False,2,2,unknown,1,Ottagotouemin,False,0,Ottagotouemin,4894,st_lawrence,1591.0,377.0
3310,Unowned,algonquin,totemism,False,2,2,unknown,1,Batiscan,False,0,Batiscan,4895,st_lawrence,1641.0,378.0
3311,Unowned,maliseet,totemism,False,2,2,unknown,1,Meductic,False,0,Meductic,4896,st_lawrence,1762.0,382.0
3312,FRA,algonquin,totemism,False,3,2,unknown,1,Keinouche,True,0,Keinouche,4897,st_lawrence,1582.0,389.0
3313,OJI,anishinabe,totemism,False,3,2,fur,1,Noquet,True,0,Noquet,4898,ohio,1423.0,380.0
3314,FRA,anishinabe,totemism,False,3,2,unknown,1,Mamaceqtaw,True,0,Mamaceqtaw,4899,ohio,1418.0,402.0
3315,BRA,saxon,catholic,True,2,2,livestock,2,Landsberg,True,0,Neumark,49,,3042.0,466.0
3316,CAS,arawak,animism,False,2,3,unknown,1,Barahona,True,1,Barahonas,490,carribean_trade,1712.0,879.0
3317,Unowned,pawnee,totemism,False,3,2,unknown,1,Otoe,False,0,Otoe,4900,mississippi_river,1324.0,471.0
3318,WCY,dakota,totemism,False,3,2,unknown,1,Saone,True,0,Saone,4901,mississippi_river,1316.0,427.0
3319,CHY,cheyenne,totemism,False,3,2,unknown,1,Makandwewinni,True,0,Makandwewin,4902,james_bay,1326.0,361.0
3320,FRA,illini,totemism,False,3,2,unknown,1,Chinko,False,0,Chinko,4903,ohio,1425.0,472.0
3321,FRA,illini,totemism,False,3,2,unknown,1,Espeminkia,True,0,Espeminkia,4904,ohio,1409.0,535.0
3322,PEO,illini,totemism,False,3,2,unknown,1,Tapouaro,True,0,Tapouaro,4905,mississippi_river,1380.0,474.0
3323,FRA,illini,totemism,False,3,2,unknown,1,Coiracoentanon,True,0,Coiracoentanon,4906,mississippi_river,1363.0,512.0
3324,USA,osage,totemism,False,3,2,unknown,1,Mosopelea,True,0,Mosopelea,4907,ohio,1502.0,506.0
3325,Unowned,wichita,totemism,False,3,2,unknown,1,Tawehash,False,0,Tawehash,4908,mississippi_river,1306.0,581.0
3326,Unowned,wichita,totemism,False,3,2,unknown,1,Kitsash,False,0,Kitsash,4909,rio_grande,1252.0,622.0
3327,CAS,arawak,animism,False,3,3,unknown,1,Curacao,True,1,Curacao,491,carribean_trade,1725.0,979.0
3328,Unowned,wichita,totemism,False,3,2,unknown,1,Tawakoni,False,0,Tawakoni,4910,rio_grande,1272.0,650.0
3329,Unowned,caddo,totemism,False,3,2,unknown,1,Nabaydacu,False,0,Nabaydacu,4911,rio_grande,1321.0,633.0
3330,MOH,laurentian,totemism,False,2,2,unknown,1,Kaniatarowanen,True,0,Ahkwesahsne,4912,ohio,1631.0,420.0
3331,USA,yuchi,totemism,False,3,2,unknown,1,Aniyutsi,False,0,Aniyutsi,4913,mississippi_river,1447.0,592.0
3332,Unowned,wichita,totemism,False,3,2,unknown,1,Neozho,False,0,Neozho,4914,mississippi_river,1309.0,551.0
3333,Unowned,pawnee,totemism,False,3,2,unknown,1,Pitahawirata,False,0,Pitahawirata,4915,mississippi_river,1274.0,491.0
3334,Unowned,pawnee,totemism,False,3,2,unknown,1,Panka,False,0,Panka,4916,mississippi_river,1269.0,447.0
3335,Unowned,salish,totemism,False,3,2,unknown,1,Selis,False,0,Selis,4917,james_bay,1069.0,383.0
3336,Unowned,kiowa,totemism,False,3,2,unknown,1,Hunkpapha,False,0,Hunkpapha,4918,james_bay,1208.0,374.0
3337,NAK,nakota,totemism,False,3,2,unknown,1,Sihabi,True,0,Sihabi,4919,james_bay,1253.0,314.0
3338,CAS,arawak,animism,False,4,5,unknown,1,PuertoRico,True,1,PuertoRico,492,carribean_trade,1768.0,884.0
3339,Unowned,nakota,totemism,False,3,2,unknown,1,Wadopabina,False,0,Wadopabina,4920,james_bay,1201.0,303.0
3340,GBR,shawnee,totemism,False,3,2,unknown,1,Kuttawa,False,0,Kuttawa,4921,ohio,1444.0,559.0
3341,USA,miami,totemism,False,3,2,unknown,1,Pepikokia,True,0,Pepikokia,4922,ohio,1467.0,475.0
3342,PCH,yoron,totemism,False,1,1,unknown,1,Satsukhdin,True,0,Pacaha,4923,mississippi_river,1386.0,586.0
3343,Unowned,Unowned,Unowned,False,0,0,,0,LaurentianMassif,False,0,LaurentianMassif,4924,,1688.0,356.0
3344,Unowned,Unowned,Unowned,False,0,0,,0,WhiteMountains,False,0,WhiteMountains,4925,,1695.0,422.0
3345,Unowned,Unowned,Unowned,False,0,0,,0,Adirondacks,False,0,Adirondacks,4926,,1648.0,417.0
3346,Unowned,Unowned,Unowned,False,0,0,,0,BlueMountains,False,0,BlueMountains,4927,,1631.0,471.0
3347,Unowned,Unowned,Unowned,False,0,0,,0,AlleghenyFront,False,0,AlleghenyFront,4928,,1579.0,493.0
3348,Unowned,Unowned,Unowned,False,0,0,,0,Appalachians,False,0,Appalachians,4929,,1596.0,504.0
3349,CAS,arawak,animism,False,4,4,unknown,1,St,True,0,St,493,carribean_trade,1798.0,886.0
3350,Unowned,Unowned,Unowned,False,0,0,,0,Alleghenies,False,0,Alleghenies,4930,,1536.0,544.0
3351,Unowned,Unowned,Unowned,False,0,0,,0,CumberlandMountains,False,0,CumberlandMountains,4931,,1480.0,578.0
3352,Unowned,Unowned,Unowned,False,0,0,,0,GreatSmokyMountains,False,0,GreatSmokyMountains,4932,,1508.0,587.0
3353,Unowned,Unowned,Unowned,False,0,0,,0,BlueRidge,False,0,BlueRidge,4933,,1559.0,558.0
3354,MAU,polynesian,animism,False,2,2,naval_supplies,1,Lahaina,True,0,Maui,4934,polynesia_node,322.0,1010.0
3355,OAH,polynesian,animism,False,2,2,cloth,1,Honolulu,True,1,Oahu,4935,polynesia_node,302.0,1000.0
3356,KAA,polynesian,animism,False,2,2,fish,1,Tapaa,True,0,Kauai,4936,polynesia_node,274.0,991.0
3357,LAI,melanesian,animism,False,1,1,livestock,1,Bau,True,0,Lau,4937,polynesia_node,5584.0,1677.0
3358,VNL,melanesian,animism,False,2,2,fish,1,Labasa,True,0,VanuaLevu,4938,polynesia_node,5571.0,1664.0
3359,MAA,maori,animism,False,3,4,naval_supplies,1,Tauwhare,True,0,TeUrewera,4939,polynesia_node,5591.0,1877.0
3360,FRA,arawak,animism,False,4,4,unknown,1,St,True,0,St,494,carribean_trade,1833.0,898.0
3361,Unowned,Unowned,Unowned,False,0,0,,0,LakeTulare,False,0,LakeTulare,4940,,938.0,580.0
3362,Unowned,Unowned,Unowned,False,0,0,,0,LakeCahuilla,False,0,LakeCahuilla,4941,,998.0,630.0
3363,ENG,carib,animism,False,4,5,unknown,1,Antigua,True,0,Antigua,495,carribean_trade,1838.0,906.0
3364,FRA,carib,animism,False,4,5,unknown,1,Guadeloupe,True,0,Guadeloupe,496,carribean_trade,1846.0,918.0
3365,FRA,carib,animism,False,4,5,unknown,1,Dominica,True,0,Dominica,497,carribean_trade,1848.0,930.0
3366,CAS,carib,animism,False,4,5,unknown,1,Martinique,True,0,Martinique,498,carribean_trade,1853.0,943.0
3367,ENG,carib,animism,False,4,5,unknown,1,St,True,0,St,499,carribean_trade,1854.0,955.0
3368,SWE,swedish,catholic,False,1,1,iron,1,Karlstad,True,0,Varmland,5,baltic_sea,3011.0,318.0
3369,BRA,saxon,catholic,True,4,4,cloth,4,Berlin-Cölln,True,1,Berlin,50,,3021.0,473.0
3370,FRA,arawak,animism,False,4,5,unknown,1,St,True,0,St,500,carribean_trade,1847.0,975.0
3371,ENG,carib,animism,False,4,5,unknown,1,Barbados,True,0,Barbados,501,carribean_trade,1877.0,967.0
3372,CAS,carib,animism,False,4,5,unknown,1,Trinidad,True,0,Trinidad,502,amazonas_node,1852.0,1006.0
3373,KAT,saurashtri,hinduism,False,1,1,salt,1,Lakhiyarvira,True,0,Kutch,503,gujarat,3895.0,1012.0
3374,SND,sindhi,sunni,False,4,4,cloth,2,Thatta,True,0,Thatta,504,gujarat,3862.0,992.0
3375,SND,sindhi,sunni,False,2,2,,2,Sehwan,True,0,Sehwan,505,gujarat,3861.0,961.0
3376,MUL,panjabi,sunni,False,5,5,,2,Multan,True,1,Multan,506,lahore,3929.0,906.0
3377,SRH,panjabi,hinduism,False,10,10,silk,3,Lahore,True,2,Lahore,507,lahore,3973.0,879.0
3378,KSH,kashmiri,hinduism,False,3,3,paper,1,Srinagar,True,0,Kashmir,508,lahore,3977.0,830.0
3379,KGR,pahari,hinduism,False,2,2,cotton,1,Kangra,True,0,Kangra,509,doab,4006.0,863.0
3380,BRA,saxon,catholic,True,2,2,livestock,1,Neuruppin,True,0,Ruppin,51,,3006.0,468.0
3381,SRH,panjabi,hinduism,False,4,4,cotton,2,Sirhind,True,1,Sirhind,510,lahore,3997.0,893.0
3382,GHR,pahari,hinduism,False,1,1,cotton,1,Devalgarh,True,0,Garhwal,511,doab,4035.0,897.0
3383,JAN,rajput,hinduism,False,1,1,livestock,1,Pugal,True,0,Jangladesh,512,gujarat,3951.0,932.0
3384,JSL,rajput,hinduism,False,1,1,wool,1,Jaisalmer,True,0,Jaisalmer,513,gujarat,3915.0,951.0
3385,MAW,rajput,hinduism,False,2,2,cotton,2,Mandore,True,0,Marwar,514,gujarat,3942.0,961.0
3386,JGD,saurashtri,hinduism,False,3,3,iron,2,Girnar,True,0,Girnar,515,gujarat,3911.0,1048.0
3387,GUJ,gujarati,hinduism,False,4,4,dyes,1,Baroda,True,0,Baroda,516,gujarat,3956.0,1035.0
3388,GUJ,gujarati,hinduism,False,5,5,silk,1,Surat,True,2,Surat,517,gujarat,3949.0,1055.0
3389,MER,rajput,hinduism,False,2,2,grain,1,Chittor,True,1,Chittor,518,gujarat,3978.0,994.0
3390,DHU,rajput,hinduism,False,3,3,copper,2,Amber,True,1,Dhundar,519,doab,3997.0,954.0
3391,MAG,saxon,catholic,True,4,4,cloth,2,Magdeburg,True,2,Magdeburg,52,,2988.0,481.0
3392,MEW,rajput,hinduism,False,1,1,glass,2,Alwar,True,0,Mewat,520,doab,4003.0,939.0
3393,KAT,saurashtri,hinduism,False,2,2,dyes,1,Rajkot,True,0,Kathiawar,521,gujarat,3907.0,1038.0
3394,DLH,kanauji,hinduism,False,9,9,silk,4,Delhi,False,2,Delhi,522,doab,4016.0,932.0
3395,JNP,avadhi,hinduism,False,4,4,,2,Lucknow,True,0,Oudh,523,doab,4074.0,965.0
3396,DLH,kanauji,hinduism,False,10,10,silk,4,Mathura,True,2,CentralDoab,524,doab,4029.0,949.0
3397,GWA,vindhyan,hinduism,False,3,3,dyes,2,Gwalior,True,0,Gird,525,doab,4021.0,975.0
3398,MLW,malvi,hinduism,False,5,5,dyes,3,Mandu,True,0,Mandu,526,deccan,3991.0,1030.0
3399,KHD,marathi,hinduism,False,5,5,cloth,2,Burhanpur,True,2,Khandesh,527,deccan,3999.0,1045.0
3400,HAD,rajput,hinduism,False,2,2,cotton,1,Kota,True,0,Hadoti,528,doab,4000.0,997.0
3401,BAH,marathi,hinduism,False,4,4,cloth,1,Thana,True,1,NorthKonkan,529,gujarat,3949.0,1086.0
3402,LUN,lower_saxon,catholic,True,3,3,salt,2,Lüneburg,True,0,Luneburg,53,,2971.0,467.0
3403,BAH,marathi,hinduism,False,4,4,spices,2,Dabhol,True,0,SouthKonkan,530,gujarat,3953.0,1122.0
3404,VIJ,kannada,hinduism,False,3,3,spices,1,Bhatkal,True,1,NorthKanara,531,comorin_cape,3974.0,1181.0
3405,VIJ,kannada,hinduism,False,5,5,cloth,3,Raichur,True,0,RaichurDoab,532,deccan,4019.0,1139.0
3406,MYS,kannada,hinduism,False,3,3,iron,2,Ummatur,True,0,Mysore,533,comorin_cape,4004.0,1211.0
3407,MAB,malayalam,hinduism,False,3,3,spices,1,Calicut,True,2,Malabar,534,comorin_cape,3997.0,1224.0
3408,KOC,malayalam,hinduism,False,3,3,spices,2,Kochin,True,0,Kochin,535,comorin_cape,4000.0,1237.0
3409,MAD,tamil,hinduism,False,4,4,silk,3,Madurai,True,1,Madurai,536,comorin_cape,4029.0,1244.0
3410,VND,malayalam,hinduism,False,2,1,spices,2,Quilon,True,0,Venad,537,comorin_cape,4004.0,1251.0
3411,VIJ,tamil,hinduism,False,2,2,,2,Karur,True,0,Kongu,538,comorin_cape,4014.0,1224.0
3412,VIJ,tamil,hinduism,False,4,4,cloth,2,Pulicat,True,2,Tondainadu,539,comorin_cape,4053.0,1181.0
3413,VER,lower_saxon,catholic,True,2,2,fish,2,Stade,True,0,Stade,54,,2947.0,456.0
3414,VIJ,tamil,hinduism,False,4,4,cloth,3,Kuddaluru,True,2,Coromandel,540,comorin_cape,4049.0,1207.0
3415,VIJ,kannada,hinduism,False,6,6,grain,4,Vijayanagar,True,1,Vijayanagar,541,comorin_cape,4001.0,1160.0
3416,GOC,telegu,hinduism,False,5,5,,1,Golconda,True,1,Golconda,542,deccan,4032.0,1112.0
3417,YOR,telegu,hinduism,False,4,4,gems,3,Masulipatnam,True,1,Velanadu,543,comorin_cape,4070.0,1134.0
3418,BAH,marathi,hinduism,False,4,4,cotton,1,Ahmednagar,True,0,Ahmadnagar,544,deccan,3990.0,1096.0
3419,BAH,marathi,hinduism,False,4,3,paper,1,Daulatabad,True,2,Marathwada,545,deccan,3983.0,1075.0
3420,BAH,gondi,hinduism,False,3,3,cotton,3,Wairagarh,True,0,EastBerar,546,deccan,4046.0,1056.0
3421,BST,gondi,hinduism,False,1,1,tropical_wood,2,Jagdalpur,True,0,Bastar,547,ganges_delta,4076.0,1098.0
3422,BAH,marathi,hinduism,False,2,2,copper,1,Illichpur,True,0,WestBerar,548,deccan,4010.0,1055.0
3423,ORI,telegu,hinduism,False,3,3,cotton,2,Vizianagaram,True,1,Kalingandhra,549,comorin_cape,4093.0,1112.0
3424,OLD,hannoverian,catholic,True,3,2,salt,2,Oldenburg,True,0,Oldenburg,55,,2932.0,462.0
3425,GDW,gondi,hinduism,False,3,3,grain,3,Garha,True,0,Mahakoshal,550,deccan,4050.0,1013.0
3426,GDW,gondi,hinduism,False,3,2,tropical_wood,3,Mandla,True,0,Mandla,551,deccan,4073.0,1028.0
3427,ORI,oriya,hinduism,False,6,6,cloth,2,Cuttack,True,1,Cuttack,552,ganges_delta,4150.0,1070.0
3428,PTT,garjati,hinduism,False,2,3,cloth,3,Sambalpur,True,1,Sambalpur,553,ganges_delta,4116.0,1042.0
3429,JML,nepali,hinduism,False,2,2,wool,1,Jumbla,True,0,BaisiRajya,554,doab,4089.0,924.0
3430,JNP,avadhi,hinduism,False,6,6,,2,Jaunpur,True,0,Jaunpur,555,doab,4092.0,978.0
3431,JNP,avadhi,hinduism,False,6,6,cloth,2,Allahabad,True,2,LowerDoab,556,doab,4079.0,986.0
3432,KTU,nepali,hinduism,False,3,3,incense,2,Kathmandu,True,1,Katmandu,557,lhasa,4141.0,940.0
3433,JNP,bihari,hinduism,False,5,5,,2,Patna,True,2,Patna,558,ganges_delta,4131.0,991.0
3434,KLP,vindhyan,hinduism,False,3,3,iron,2,Jhansi,True,0,Bundelkhand,559,doab,4035.0,986.0
3435,MUN,hannoverian,catholic,True,3,4,salt,2,Osnabrück,True,0,Osnabruck,56,,2927.0,481.0
3436,NGP,jharkhandi,hinduism,False,2,2,iron,1,Palamau,True,0,Jharkand,560,ganges_delta,4140.0,1017.0
3437,BNG,bengali,hinduism,False,5,5,silk,2,Howrah,True,1,BengalDelta,561,ganges_delta,4190.0,1039.0
3438,KMT,kochi,hinduism,False,3,3,grain,3,Kamatapur,True,0,KochBehar,562,ganges_delta,4193.0,966.0
3439,BNG,bengali,hinduism,False,6,6,,4,Pandua,True,2,Gauda,563,ganges_delta,4183.0,983.0
3440,BNG,bengali,hinduism,False,5,5,cloth,3,Dakha,True,1,Dakha,564,ganges_delta,4216.0,1009.0
3441,PHA,tibetan,vajrayana,False,2,2,wool,1,Bhutan,True,0,Bhutan,565,lhasa,4204.0,949.0
3442,ASS,assamese,hinduism,False,4,4,grain,3,Charaideo,True,0,Assam,566,burma,4275.0,958.0
3443,BNG,bengali,hinduism,False,3,3,cotton,2,Sylhet,True,0,Silhet,567,burma,4240.0,997.0
3444,BNG,bengali,Unowned,False,5,5,cotton,3,Chittagong,True,3,Chittagong,568,ganges_delta,4246.0,1041.0
3445,BAH,kannada,hinduism,False,5,5,cotton,3,Bijapur,True,1,Bijapur,569,deccan,3985.0,1130.0
3446,BRU,lower_saxon,catholic,True,3,3,iron,3,Braunschweig,True,0,Brunswick,57,,2963.0,488.0
3447,KAC,chin,hinduism,False,2,2,tropical_wood,2,Dimapur,True,0,Naga,570,burma,4276.0,969.0
3448,ASS,assamese,hinduism,False,3,3,silk,3,Koliabar,True,0,Darrang,571,burma,4245.0,961.0
3449,CEY,sinhala,buddhism,False,3,2,,2,Kotte,True,1,Kotte,572,comorin_cape,4059.0,1296.0
3450,KAC,chin,hinduism,False,1,1,grain,1,Maibang,True,0,Cachar,573,burma,4259.0,992.0
3451,DAN,Unowned,animism,False,1,1,unknown,1,Frederiksøerne,True,0,TheAndamans,574,comorin_cape,4259.0,1236.0
3452,BAL,baluchi,sunni,False,1,1,fish,1,Gwadar,True,0,EasternMakran,575,hormuz,3796.0,976.0
3453,BAL,baluchi,sunni,False,3,3,dyes,4,Kalat,True,0,Kalat,576,lahore,3843.0,938.0
3454,BAL,baluchi,sunni,False,3,3,grain,3,Quetta,True,0,Quetta,577,lahore,3860.0,893.0
3455,AFG,afghani,sunni,False,4,4,livestock,2,Peshawar,True,1,Roh,578,lahore,3924.0,834.0
3456,ARK,arakanese,buddhism,False,4,4,grain,2,MraukU,True,1,MraukU,579,ganges_delta,4262.0,1060.0
3457,ANH,saxon,catholic,True,2,2,wool,2,Dessau,True,0,Anhalt,58,,2993.0,492.0
3458,KAL,chin,animism,False,3,3,ivory,1,Kale,True,0,Kale,580,burma,4273.0,1033.0
3459,AVA,burmese,buddhism,False,5,5,cotton,4,Sagaing,True,0,Sagaing,581,burma,4296.0,1037.0
3460,MYA,shan,buddhism,False,3,3,copper,3,MongYang,True,0,MongYang,582,burma,4320.0,1002.0
3461,HSE,shan,buddhism,False,3,3,tropical_wood,3,Hsenwi,True,0,Hsenwi,583,burma,4341.0,1021.0
3462,AVA,burmese,buddhism,False,6,6,,4,Ava,True,2,Ava,584,burma,4301.0,1043.0
3463,TAU,burmese,buddhism,False,5,5,chinaware,4,Toungoo,True,0,Taungoo,585,burma,4314.0,1093.0
3464,PEG,mon,buddhism,False,5,4,spices,3,Pegu,True,1,Pegu,586,burma,4312.0,1111.0
3465,HSE,shan,animism,False,1,1,tropical_wood,2,Kengtung,True,0,Kengtung,587,burma,4365.0,1053.0
3466,MNI,shan,buddhism,False,2,2,cotton,2,MongNai,True,0,MongNai,588,burma,4338.0,1060.0
3467,LNA,northern_thai,buddhism,False,7,5,ivory,5,ChiangMai,True,0,ChiangMai,589,gulf_of_siam,4346.0,1084.0
3468,SAX,saxon,catholic,True,4,4,wool,2,Wittenberg,True,0,Wittenberg,59,,3010.0,494.0
3469,PEG,mon,buddhism,False,3,3,sugar,2,Martaban,True,0,Moulmein,590,burma,4326.0,1118.0
3470,AYU,mon,buddhism,False,4,4,naval_supplies,2,Tavoy,True,0,Tavoy,591,gulf_of_siam,4344.0,1175.0
3471,AYU,central_thai,buddhism,False,3,3,grain,3,Ratchaburi,True,0,Ratchaburi,592,gulf_of_siam,4358.0,1178.0
3472,LIG,central_thai,buddhism,False,5,5,tropical_wood,2,NakhonSiThammarat,True,0,NakhonSiThammarat,593,malacca,4369.0,1272.0
3473,PAT,malayan,sunni,False,6,6,tropical_wood,3,Pattani,True,1,Pattani,594,malacca,4389.0,1299.0
3474,MLC,malayan,sunni,False,5,5,copper,2,Perak,True,0,Perak,595,malacca,4383.0,1331.0
3475,MLC,malayan,sunni,False,7,7,spices,3,Malacca,True,2,Malacca,596,malacca,4407.0,1362.0
3476,MLC,malayan,sunni,False,5,5,chinaware,2,Johor,True,0,Johor,597,malacca,4421.0,1370.0
3477,PAH,malayan,sunni,False,2,2,fish,1,Pahang,True,0,Pahang,598,malacca,4434.0,1350.0
3478,KEL,malayan,sunni,False,2,2,naval_supplies,2,Kelantan,True,0,Kelantan,599,malacca,4399.0,1315.0
3479,DAN,danish,catholic,False,7,7,,6,Lund,True,0,Skane,6,,3011.0,405.0
3480,BOH,sorbian,catholic,True,2,2,cloth,1,Budyšín,True,0,Lausitz,60,,3032.0,502.0
3481,AYU,central_thai,buddhism,False,8,8,ivory,4,Ayutthaya,True,2,Ayutthaya,600,gulf_of_siam,4375.0,1169.0
3482,SUK,central_thai,buddhism,False,6,6,chinaware,3,Sukhothai,True,0,Sukhothai,601,gulf_of_siam,4354.0,1120.0
3483,LNA,northern_thai,buddhism,False,5,4,grain,3,ChiangRai,True,0,ChiangRai,602,gulf_of_siam,4364.0,1079.0
3484,AYU,central_thai,buddhism,False,4,4,,3,NakhonThungYai,True,0,NakhonThungYai,603,gulf_of_siam,4401.0,1195.0
3485,KHM,khmer,buddhism,False,4,4,incense,2,Oudong,True,0,Oudong,604,gulf_of_siam,4436.0,1206.0
3486,KHM,khmer,hinduism,False,4,4,tropical_wood,3,PreyNokor,True,0,PreyNokor,605,gulf_of_siam,4475.0,1227.0
3487,CHA,cham,hinduism,False,4,4,fish,2,Panduranga,True,0,Panduranga,606,gulf_of_siam,4496.0,1219.0
3488,CHA,cham,hinduism,False,5,5,tropical_wood,2,Vijaya,True,1,Vijaya,607,gulf_of_siam,4504.0,1175.0
3489,LXA,lao,animism,False,2,2,ivory,1,Attapeu,True,0,Attapeu,608,gulf_of_siam,4475.0,1154.0
3490,KHM,khmer,hinduism,False,3,2,tropical_wood,1,Angkor,True,0,Angkor,609,gulf_of_siam,4432.0,1180.0
3491,MEI,saxon,catholic,True,6,6,iron,2,Meissen,True,1,Dresden,61,,3018.0,504.0
3492,DAI,vietnamese,mahayana,False,7,4,grain,4,ThanhHoa,True,0,ThanhHoa,610,canton,4449.0,1071.0
3493,LXA,lao,animism,False,2,2,grain,2,Sikhottabong,True,0,Sikhottabong,611,gulf_of_siam,4435.0,1107.0
3494,AYU,khmer,buddhism,False,2,2,silk,1,Khorat,True,0,Khorat,612,gulf_of_siam,4400.0,1166.0
3495,DAI,vietnamese,mahayana,False,9,7,chinaware,4,DongKinh,True,1,DongKinh,613,canton,4456.0,1056.0
3496,LXA,lao,buddhism,False,5,5,grain,4,Vientiane,True,1,Vientiane,614,gulf_of_siam,4399.0,1101.0
3497,LXA,lao,animism,False,4,4,chinaware,3,LuangPrabang,True,0,LuangPrabang,615,gulf_of_siam,4391.0,1078.0
3498,DAI,zhuang,mahayana,False,2,2,grain,3,CaoBang,True,0,CaoBang,616,canton,4458.0,1035.0
3499,PSA,acehnese,sunni,False,4,4,spices,3,Lamuri,True,1,Lamuri,617,malacca,4303.0,1323.0
3500,DLI,sumatran,sunni,False,3,3,spices,2,Riau,True,0,Deli,618,malacca,4368.0,1365.0
3501,BRS,sumatran,hinduism,False,2,2,incense,2,Batak,True,0,Batak,619,malacca,4349.0,1374.0
3502,SAX,saxon,catholic,True,4,4,wool,2,Leipzig,True,0,Leipzig,62,,2991.0,503.0
3503,SAK,sumatran,sunni,False,5,5,chinaware,3,Siak,True,1,Siak,620,malacca,4401.0,1389.0
3504,BAN,sumatran,hinduism,False,3,3,unknown,2,Bengkulu,True,0,Bengkulu,621,malacca,4420.0,1470.0
3505,PLB,sumatran,hinduism,False,6,5,unknown,2,Palembang,True,1,Palembang,622,malacca,4442.0,1444.0
3506,PLB,sumatran,hinduism,False,1,5,spices,1,Tulangbewang,True,0,Tulangbewang,623,malacca,4443.0,1469.0
3507,SUN,sundanese,hinduism,False,4,4,spices,3,Banten,True,1,Banten,624,the_moluccas,4461.0,1499.0
3508,SUN,sundanese,hinduism,False,4,4,tropical_wood,2,Ciamis,True,0,Ciamis,625,the_moluccas,4495.0,1515.0
3509,MAJ,javanese,hinduism,False,5,5,grain,3,Karta,True,0,Karta,626,the_moluccas,4515.0,1517.0
3510,BLM,javanese,hinduism,False,4,4,cotton,3,Blambangan,True,0,Blambangan,627,the_moluccas,4582.0,1528.0
3511,MAJ,javanese,hinduism,False,5,5,cotton,3,Surabaya,True,0,Surabaya,628,the_moluccas,4556.0,1512.0
3512,MAJ,javanese,hinduism,False,5,5,cotton,3,Demak,True,1,Demak,629,the_moluccas,4540.0,1505.0
3513,THU,saxon,catholic,True,5,4,,3,Erfurt,True,1,Erfurt,63,,2973.0,508.0
3514,SUN,sundanese,hinduism,False,4,4,spices,2,Kalapa,True,2,Kalapa,630,the_moluccas,4477.0,1497.0
3515,BLI,nusa_tenggara,hinduism,False,3,3,cloth,3,Gianyar,True,0,Bali,631,the_moluccas,4602.0,1532.0
3516,Unowned,nusa_tenggara,animism,False,3,3,unknown,2,Sumbawa,False,0,Sumbawa,632,the_moluccas,4650.0,1534.0
3517,POR,nusa_tenggara,animism,False,4,4,unknown,3,Flores,True,0,Flores,633,the_moluccas,4716.0,1533.0
3518,Unowned,nusa_tenggara,animism,False,2,2,unknown,1,Sumba,False,0,Sumba,634,the_moluccas,4677.0,1553.0
3519,POR,nusa_tenggara,animism,False,3,3,unknown,3,Lifau,True,0,WestTimor,635,the_moluccas,4730.0,1556.0
3520,BEI,bornean,sunni,False,5,5,spices,3,Brunei,True,2,Brunei,636,malacca,4597.0,1336.0
3521,BEI,bornean,sunni,False,3,3,spices,3,Api-Api,True,0,Api,637,malacca,4623.0,1305.0
3522,KUT,bornean,hinduism,False,5,5,fish,3,Kutai,True,0,Kutai,638,malacca,4625.0,1396.0
3523,BNJ,bornean,hinduism,False,4,4,unknown,3,Banjar,True,0,Banjar,639,malacca,4585.0,1441.0
3524,LBV,bavarian,catholic,True,5,5,salt,2,Landshut,True,0,Landshut,64,,3001.0,561.0
3525,SMB,bornean,hinduism,False,3,3,unknown,3,Pontianak,True,0,Pontianak,640,malacca,4510.0,1366.0
3526,MKS,sulawesi,animism,False,5,6,spices,3,Makassar,True,2,Makassar,641,the_moluccas,4682.0,1495.0
3527,LUW,sulawesi,animism,False,3,3,spices,3,Kolaka,True,0,Kendari,642,the_moluccas,4697.0,1445.0
3528,NED,sulawesi,animism,False,4,4,unknown,2,Poso,True,0,Poso,643,the_moluccas,4707.0,1421.0
3529,TER,sulawesi,animism,False,4,4,unknown,2,Manado,True,0,Manado,644,the_moluccas,4762.0,1356.0
3530,NED,moluccan,animism,False,2,2,unknown,1,Buru,True,0,Buru,645,the_moluccas,4782.0,1451.0
3531,POR,moluccan,animism,False,5,5,unknown,2,Ambon,True,0,Ambon,646,the_moluccas,4809.0,1455.0
3532,NED,moluccan,animism,False,3,3,unknown,1,Ceram,True,0,Ceram,647,the_moluccas,4822.0,1449.0
3533,NED,moluccan,animism,False,2,2,unknown,1,Halmahera,True,0,Halmahera,648,the_moluccas,4812.0,1382.0
3534,TER,moluccan,animism,False,5,5,cloves,3,Ternate,True,0,Ternate,649,the_moluccas,4799.0,1371.0
3535,UBV,bavarian,catholic,True,6,5,grain,4,München,True,0,Munchen,65,,2985.0,570.0
3536,TID,moluccan,animism,False,5,5,cloves,3,Tidore,True,0,Tidore,650,the_moluccas,4798.0,1412.0
3537,SUL,filipino,sunni,False,4,4,unknown,3,Jolo,True,1,Sulu,651,philippines,4694.0,1306.0
3538,MGD,filipino,animism,False,5,5,spices,3,Maguindanao,True,0,Maguindanao,652,philippines,4752.0,1293.0
3539,MGD,filipino,animism,False,3,3,spices,2,Marawi,True,0,Lanao,653,philippines,4748.0,1269.0
3540,SPA,filipino,animism,False,2,2,unknown,1,Samar,True,0,Samar,654,philippines,4756.0,1210.0
3541,BEI,filipino,sunni,False,3,3,sugar,2,Palawan,True,0,Palawan,655,philippines,4645.0,1259.0
3542,MNA,filipino,sunni,False,5,5,spices,2,Manila,True,2,Manila,656,philippines,4690.0,1170.0
3543,SPA,filipino,animism,False,2,2,unknown,2,Ilocos,True,0,Ilocos,657,philippines,4691.0,1115.0
3544,SPA,filipino,animism,False,2,2,unknown,2,Cagayan,True,0,Cagayan,658,philippines,4707.0,1121.0
3545,JMB,sumatran,sunni,False,1,1,fish,1,Lingga,True,0,Lingga,659,malacca,4438.0,1406.0
3546,BAM,franconian,catholic,True,2,2,wine,2,Bamberg,True,0,Bamberg,66,,2978.0,530.0
3547,MMA,shan,buddhism,False,3,3,tea,2,Sibsongbanna,True,0,Sibsongbanna,660,chengdu,4377.0,1041.0
3548,MNG,bai,buddhism,False,3,3,tea,3,Dali,True,1,Dali,661,chengdu,4371.0,984.0
3549,MNG,bai,buddhism,False,6,5,copper,3,Kunming,True,1,Yunnan,662,canton,4414.0,986.0
3550,MNG,bai,buddhism,False,1,1,copper,1,Guangnan,True,0,Guangnan,663,canton,4430.0,1015.0
3551,MNG,zhuang,confucianism,False,1,1,tea,1,Lingyun,True,0,Lingyun,664,canton,4464.0,1009.0
3552,MNG,cantonese,confucianism,False,4,4,chinaware,3,Shiuhing,True,0,Shiuhing,665,canton,4555.0,1027.0
3553,MNG,chimin,confucianism,False,1,1,tropical_wood,1,Kingchow,True,0,Kiungchow,666,canton,4528.0,1081.0
3554,MNG,cantonese,confucianism,False,12,12,incense,3,Canton,True,3,Canton,667,canton,4576.0,1027.0
3555,MNG,cantonese,confucianism,False,3,3,fish,1,Macau,True,1,Macau,668,canton,4576.0,1035.0
3556,MNG,chimin,confucianism,False,8,8,tea,3,Fuzhou,True,1,Fuzhou,669,hangzhou,4669.0,966.0
3557,NUM,franconian,catholic,True,8,8,paper,3,Nürnberg,True,2,Nurnberg,67,,2984.0,540.0
3558,MNG,hakka,confucianism,False,4,4,grain,2,Ganzhou,True,0,Ganzhou,670,hangzhou,4605.0,977.0
3559,MNG,xiang,confucianism,False,6,6,grain,4,Changsha,True,1,Changsha,671,canton,4562.0,928.0
3560,MNG,xiang,confucianism,False,3,3,cotton,2,Wulin,True,0,Wulin,672,canton,4538.0,914.0
3561,MNG,miao,animism,False,1,1,tea,1,Zhenyuan,True,0,Zhenyuan,673,canton,4497.0,966.0
3562,MNG,yi,animism,False,3,3,iron,2,Guiyang,True,0,Guiyang,674,canton,4459.0,966.0
3563,MNG,yi,animism,False,1,1,copper,3,Umung,True,0,Umung,675,chengdu,4429.0,952.0
3564,UTS,tibetan,vajrayana,False,2,2,incense,2,Shigatse,True,0,Shigatse,676,lhasa,4203.0,921.0
3565,UTS,tibetan,vajrayana,False,0,0,cloth,3,Lhasa,True,2,Lhasa,677,lhasa,4240.0,904.0
3566,KAM,tibetan,vajrayana,False,2,2,tea,2,Tachienlu,True,0,Tachienlu,678,chengdu,4378.0,907.0
3567,MNG,sichuanese,confucianism,False,9,9,silk,3,Chengdu,True,2,Chengdu,679,chengdu,4437.0,890.0
3568,MEM,swabian,catholic,True,5,5,cloth,3,Memmingen,True,0,Memmingen,68,,2960.0,570.0
3569,MNG,sichuanese,confucianism,False,8,8,spices,4,Chongqing,True,1,Chongqing,680,chengdu,4488.0,903.0
3570,MNG,sichuanese,confucianism,False,3,3,tea,2,Yichang,True,0,Yichang,681,xian,4523.0,894.0
3571,MNG,hubei,confucianism,False,8,8,salt,3,Wuchang,True,1,Wuchang,682,xian,4587.0,887.0
3572,MNG,gan,confucianism,False,6,6,paper,3,Nanchang,True,1,Nanchang,683,hangzhou,4603.0,925.0
3573,MNG,wu,confucianism,False,12,12,silk,3,Hangzhou,True,2,Hangzhou,684,hangzhou,4675.0,899.0
3574,MNG,jianghuai,confucianism,False,12,12,salt,2,Yangzhou,True,0,Yangzhou,685,hangzhou,4684.0,856.0
3575,MNG,jianghuai,confucianism,False,6,6,cloth,2,Anqing,True,0,Anqing,686,hangzhou,4629.0,895.0
3576,MNG,zhongyuan,confucianism,False,4,4,,2,Nanyang,True,0,Nanyang,687,xian,4561.0,848.0
3577,MNG,zhongyuan,confucianism,False,8,8,chinaware,4,Kaifeng,True,0,Kaifeng,688,xian,4590.0,824.0
3578,MNG,xibei,confucianism,False,4,4,iron,3,Hanzhong,True,0,Hanzhong,689,xian,4490.0,846.0
3579,RVA,hannoverian,catholic,True,6,5,cloth,1,Dortmund,True,1,Dortmund,69,,2920.0,496.0
3580,MNG,shandong_culture,confucianism,False,5,4,iron,3,Qingzhou,True,0,Qingzhou,690,beijing,4660.0,792.0
3581,MNG,shandong_culture,confucianism,False,5,5,cloth,3,Jinan,True,0,Jinan,691,beijing,4631.0,783.0
3582,MNG,jin,confucianism,False,3,3,grain,2,Huaiqing,True,0,Huaiqing,692,xian,4583.0,796.0
3583,MNG,jin,confucianism,False,6,6,iron,3,Taiyuan,True,1,Taiyuan,693,beijing,4550.0,771.0
3584,MNG,jin,confucianism,False,3,2,iron,2,Pingyang,True,0,Pingyang,694,beijing,4545.0,802.0
3585,MNG,chihan,confucianism,False,3,3,salt,2,Hejian,True,0,Hejian,695,beijing,4628.0,753.0
3586,MNG,chihan,confucianism,False,3,3,chinaware,2,Baoding,True,0,Baoding,696,beijing,4606.0,738.0
3587,MNG,jin,confucianism,False,4,4,iron,3,Datong,True,0,Datong,697,beijing,4576.0,723.0
3588,MNG,mongol,confucianism,False,3,2,salt,2,Ningxia,True,0,Ningxia,698,xian,4460.0,759.0
3589,MNG,xibei,confucianism,False,6,6,grain,3,Lanzhou,True,0,Lanzhou,699,xian,4430.0,796.0
3590,SWE,swedish,catholic,False,2,2,grain,2,Skara,True,0,Skaraborg,7,,3016.0,351.0
3591,WUR,swabian,catholic,True,4,4,grain,3,Stuttgart,True,0,Wurttemberg,70,,2952.0,555.0
3592,MNG,xibei,confucianism,False,7,7,grain,3,Xi'an,True,2,Xi'an,700,xian,4511.0,827.0
3593,MNG,mongol,vajrayana,False,2,2,livestock,1,Ordos,True,0,Ordos,701,xian,4518.0,742.0
3594,MNG,mongol,vajrayana,False,4,4,iron,4,Hohhot,True,0,Hohhot,702,beijing,4543.0,712.0
3595,KRC,chahar,vajrayana,False,3,3,livestock,1,Chengde,True,0,Chengde,703,beijing,4646.0,692.0
3596,MNG,chihan,confucianism,False,2,2,grain,2,Ningyuan,True,0,Ningyuan,704,beijing,4684.0,711.0
3597,KAM,tibetan,vajrayana,False,1,1,wool,2,Gyegu,True,0,Gyegu,705,lhasa,4290.0,838.0
3598,SYG,oirats,vajrayana,False,1,1,salt,1,Tsaidam,True,0,Tsaidam,706,lhasa,4253.0,763.0
3599,HMI,oirats,vajrayana,False,2,2,livestock,1,Yumen,True,2,Yumen,707,yumen,4287.0,711.0
3600,MNG,xibei,confucianism,False,3,3,livestock,1,Zhangye,True,0,Gansu,708,yumen,4357.0,735.0
3601,OIR,mongol,vajrayana,False,1,1,,2,Alxa,True,0,Alxa,709,xian,4447.0,738.0
3602,ANS,franconian,catholic,True,3,3,salt,2,Ansbach,True,0,Ansbach,71,,2972.0,542.0
3603,KAS,uyghur,sunni,False,2,2,,3,Hotan,True,1,Hotan,710,yumen,4054.0,803.0
3604,KAS,uyghur,vajrayana,False,1,1,livestock,2,Qarqan,True,0,Qarqan,711,yumen,4171.0,775.0
3605,KAS,uyghur,sunni,False,2,2,cotton,2,Aksu,True,0,Aksu,712,yumen,4061.0,729.0
3606,CHG,uyghur,tengri_pagan_reformed,False,2,2,salt,2,Bechbaliq,True,0,Bechbaliq,713,yumen,4215.0,642.0
3607,OIR,oirats,tengri_pagan_reformed,False,1,1,livestock,2,Hoboksar,True,0,Hoboksar,714,yumen,4162.0,578.0
3608,CHG,uyghur,tengri_pagan_reformed,False,2,2,grain,3,Urumqi,True,0,Urumqi,715,yumen,4163.0,644.0
3609,KHA,buryat,tengri_pagan_reformed,False,1,1,fur,1,TannuUriankhai,True,0,TannuUriankhai,716,siberia,4271.0,494.0
3610,KHA,khalkha,tengri_pagan_reformed,False,1,1,livestock,1,Kherlen,True,0,Kherlen,717,yumen,4528.0,571.0
3611,KHA,oirats,tengri_pagan_reformed,False,2,2,cloth,2,Kobdo,True,0,Kobdo,718,yumen,4246.0,578.0
3612,KHA,khalkha,tengri_pagan_reformed,False,3,3,wool,3,Uliastai,True,0,Uliastai,719,yumen,4313.0,560.0
3613,HAB,swabian,catholic,True,4,4,glass,3,Freiburg,True,0,Breisgau,72,,2933.0,571.0
3614,KHA,khalkha,tengri_pagan_reformed,False,1,1,livestock,2,Dornogovi,True,0,DornoGovi,720,yumen,4476.0,664.0
3615,KHA,khalkha,tengri_pagan_reformed,False,2,1,livestock,2,Setsen,True,0,Setsen,721,yumen,4581.0,596.0
3616,KRC,chahar,vajrayana,False,1,2,livestock,2,Jirem,True,0,Jirem,722,girin,4701.0,630.0
3617,KHA,mongol,vajrayana,False,2,2,livestock,2,XilinGol,True,0,XilinGol,723,yumen,4619.0,628.0
3618,KHA,buryat,tengri_pagan_reformed,False,1,1,livestock,1,Hulunbuir,True,0,Hulunbuir,724,girin,4693.0,509.0
3619,KRC,chahar,tengri_pagan_reformed,False,4,4,naval_supplies,2,Cicigar,True,0,Cicigar,725,girin,4742.0,577.0
3620,MNG,manchu,confucianism,False,5,5,,2,Shenyang,True,0,Shenyang,726,beijing,4728.0,673.0
3621,MYR,manchu,tengri_pagan_reformed,False,3,3,fur,3,Aigun,True,0,Aigun,727,girin,4814.0,539.0
3622,MYR,manchu,tengri_pagan_reformed,False,1,2,livestock,2,Tuwan,True,0,Tuwan,728,girin,4785.0,572.0
3623,NHX,manchu,tengri_pagan_reformed,False,2,2,fish,2,Bohori,True,0,Bohori,729,girin,4949.0,571.0
3624,HAB,austrian,catholic,True,3,4,gold,2,Innsbruck,True,0,Tirol,73,,2978.0,584.0
3625,MHX,manchu,confucianism,False,5,5,grain,5,Girin,True,2,Girin,730,girin,4781.0,652.0
3626,EJZ,manchu,tengri_pagan_reformed,False,3,3,naval_supplies,2,IlanHala,True,0,IlanHala,731,girin,4839.0,595.0
3627,KOR,korean,confucianism,False,1,1,fish,2,SouthHamgyeong,True,0,SouthHamgyeong,732,nippon,4799.0,726.0
3628,KOR,korean,confucianism,False,2,2,fish,2,Hwangju,True,0,Hwangju,733,nippon,4763.0,754.0
3629,KOR,korean,confucianism,False,1,1,chinaware,2,Wonju,True,0,WestGangwon,734,nippon,4801.0,763.0
3630,KOR,korean,confucianism,False,9,10,paper,6,Hanseong,True,1,Hanseong,735,nippon,4787.0,765.0
3631,KOR,korean,confucianism,False,4,3,cotton,2,Sangju,True,0,Sangju,736,nippon,4814.0,788.0
3632,KOR,korean,confucianism,False,4,4,chinaware,2,Jeonju,True,0,Jeonju,737,nippon,4789.0,805.0
3633,NED,polynesian,animism,False,4,4,unknown,2,Sakam,True,0,Sakam,738,canton,4688.0,1025.0
3634,KAS,uyghur,sunni,False,2,2,wool,2,Kashgar,True,2,Kashgar,739,samarkand,3984.0,732.0
3635,BAD,swabian,catholic,True,3,3,wine,2,Baden,True,0,Baden,74,,2931.0,562.0
3636,MLW,malvi,hinduism,False,3,2,,1,Chanderi,True,0,Chanderi,740,doab,4016.0,1002.0
3637,SPA,carib,animism,False,1,2,unknown,1,Cumana,True,0,Cumana,741,carribean_trade,1813.0,1013.0
3638,SPA,carib,animism,False,2,1,unknown,1,Angostura,True,0,Guayana,742,amazonas_node,1817.0,1080.0
3639,ARW,guajiro,animism,False,1,1,sugar,1,Essequibo,True,0,Essequibo,743,amazonas_node,1879.0,1062.0
3640,NED,guajiro,animism,False,1,1,unknown,1,Demerara,True,0,Demerara,744,amazonas_node,1899.0,1096.0
3641,SPA,guajiro,animism,False,1,1,unknown,1,Paramaribo,True,0,Suriname,745,amazonas_node,1937.0,1091.0
3642,NED,cosmopolitan_french,animism,False,1,1,unknown,1,Cayenne,True,0,Cayenne,746,amazonas_node,1978.0,1107.0
3643,POR,guajiro,animism,False,1,2,unknown,1,Amapa,True,0,Tucujulandia,747,amazonas_node,2002.0,1175.0
3644,TPA,tupinamba,animism,False,1,2,cocoa,1,Belém,True,0,GraoPara,748,amazonas_node,2059.0,1210.0
3645,FRA,ge,animism,False,3,3,unknown,1,Maranhao,True,0,Maranhao,749,amazonas_node,2125.0,1234.0
3646,ALS,swabian,catholic,True,6,6,paper,4,Straßburg,True,1,Elsass,75,,2922.0,554.0
3647,POR,ge,animism,False,1,2,unknown,1,Crato,True,0,Alpercatas,750,brazil,2190.0,1281.0
3648,PTG,tupinamba,animism,False,2,3,sugar,1,Ceara,True,1,Ceara,751,brazil,2193.0,1245.0
3649,POR,ge,animism,False,1,2,unknown,1,Oeiras,False,0,Oeiras,752,amazonas_node,2151.0,1294.0
3650,POR,tupinamba,animism,False,3,3,unknown,1,RioGrande,True,0,RioGrande,753,brazil,2234.0,1270.0
3651,POR,tupinamba,animism,False,2,4,unknown,1,Filipeia,False,0,Itamaraca,754,brazil,2246.0,1291.0
3652,POR,tupinamba,animism,False,3,5,unknown,2,Olinda,True,1,Pernambuco,755,brazil,2247.0,1307.0
3653,POR,tupinamba,animism,False,3,5,unknown,2,Bahia,True,1,Bahia,756,brazil,2204.0,1373.0
3654,TPQ,tupinamba,animism,False,2,4,cocoa,1,Ilheus,True,0,Ilheus,757,brazil,2192.0,1405.0
3655,POR,ge,animism,False,1,2,unknown,1,Goias,True,0,Goias,758,brazil,2021.0,1412.0
3656,POR,ge,animism,False,2,3,unknown,1,Diamentina,False,0,Diamentina,759,brazil,2128.0,1442.0
3657,SLZ,bavarian,catholic,True,5,5,salt,4,Salzburg,True,1,Salzburg,76,,3006.0,574.0
3658,POR,ge,animism,False,2,4,unknown,1,PortoSeguro,True,0,PortoSeguro,760,brazil,2185.0,1453.0
3659,TUA,ge,animism,False,2,3,cocoa,1,EspiritoSanto,True,0,EspiritoSanto,761,brazil,2165.0,1499.0
3660,POR,tupinamba,animism,False,2,3,unknown,1,SaoTome,True,0,SaoTome,762,brazil,2149.0,1535.0
3661,FRA,tupinamba,animism,False,4,5,unknown,1,RiodeJaneiro,True,1,RiodeJaneiro,763,brazil,2122.0,1541.0
3662,POR,portugese,animism,False,1,2,unknown,1,SantoAmaro,True,0,SantoAmaro,764,brazil,2096.0,1548.0
3663,POR,portugese,animism,False,2,3,unknown,1,Sabará,False,0,MinasGerais,765,brazil,2112.0,1493.0
3664,POR,tupinamba,animism,False,2,3,unknown,1,SaoVicente,True,0,SaoVicente,766,brazil,2067.0,1564.0
3665,TEU,prussian,catholic,False,2,2,naval_supplies,2,Ortelsburg,True,0,Ortelsburg,767,baltic_sea,3147.0,445.0
3666,SPA,guarani,animism,False,1,1,unknown,1,Guayra,True,0,Guayra,768,brazil,1982.0,1568.0
3667,POR,guarani,animism,False,2,3,unknown,1,Curitiba,True,0,Curitiba,769,brazil,2040.0,1588.0
3668,PAL,hessian,catholic,True,5,4,wine,4,Heidelberg,True,0,Heidelberg,77,,2945.0,542.0
3669,LIT,lithuanian,catholic,False,3,3,livestock,2,Breslauja,True,0,Braslaw,770,kiev,3231.0,421.0
3670,LIT,byelorussian,orthodox,False,2,2,grain,1,Vitebsk,True,0,Vitebsk,771,kiev,3285.0,424.0
3671,POR,charruan,animism,False,1,2,unknown,1,Paysandu,True,0,Paysandu,772,laplata,1916.0,1711.0
3672,POR,charruan,animism,False,1,1,unknown,1,BandaOriente,True,0,BandaOriente,773,laplata,1955.0,1726.0
3673,WAD,tunjur,Unowned,False,1,1,unknown,1,Al-Junaynahr,True,0,AlJunaynahr,774,ethiopia,3158.0,1176.0
3674,SPA,guarani,animism,False,1,1,unknown,1,Asunción,False,1,Xeres,775,cuiaba,1929.0,1581.0
3675,SPA,guarani,animism,False,1,1,unknown,1,Concepcion,True,0,Itenines,776,cuiaba,1934.0,1544.0
3676,SPA,guarani,animism,False,1,2,unknown,1,Corrientes,True,0,Parana,777,laplata,1894.0,1642.0
3677,CUA,charruan,animism,False,4,1,grain,2,RiodelaPlata,True,1,RiodelaPlata,778,laplata,1879.0,1755.0
3678,SPA,het,animism,False,1,1,unknown,1,Tandil,True,0,Serranos,779,laplata,1876.0,1803.0
3679,MAI,hessian,catholic,True,4,4,paper,2,Mainz,True,1,Mainz,78,,2936.0,531.0
3680,SPA,patagonian,animism,False,1,1,unknown,1,Candelaria,True,1,Tehuelmapu,780,patagonia,1783.0,1883.0
3681,SPA,patagonian,animism,False,1,1,unknown,1,PatagoniaOriental,True,0,PatagoniaOriental,781,patagonia,1761.0,1925.0
3682,Unowned,patagonian,animism,False,1,1,unknown,1,TierradelFuego,False,0,TierradelFuego,782,patagonia,1765.0,2007.0
3683,CHL,patagonian,animism,False,1,1,unknown,1,Alacaluf,True,0,PatagoniaOccidental,783,patagonia,1702.0,1956.0
3684,MPC,mapuche,animism,False,1,1,fish,1,Huillimapu,True,0,Huillimapu,784,patagonia,1698.0,1778.0
3685,SPA,mapuche,animism,False,1,1,unknown,1,Pehuenmapu,True,0,Pehuenmapu,785,patagonia,1727.0,1806.0
3686,SPA,het,animism,False,1,1,unknown,1,Carmen,True,0,SalinasGrande,786,patagonia,1820.0,1833.0
3687,INC,mapuche,animism,False,2,1,unknown,1,Picunmapu,True,1,Pincunmapu,787,patagonia,1705.0,1738.0
3688,ZAN,swahili,sunni,False,3,3,ivory,1,Angoche,True,0,Angoche,788,zanzibar,3414.0,1656.0
3689,Unowned,nguni,Unowned,False,1,1,unknown,1,Mtetwa,False,0,Mtetwa,789,cape_of_good_hope,3297.0,1846.0
3690,WBG,franconian,catholic,True,4,4,wine,3,Würzburg,True,0,Wurzburg,79,,2963.0,530.0
3691,SPA,chacoan,animism,False,1,1,unknown,1,ChacoAustral,True,0,ChacoAustral,790,laplata,1859.0,1633.0
3692,INC,diaguita,animism,False,2,2,unknown,1,Catamarca,True,0,Catamarca,791,cuiaba,1756.0,1634.0
3693,INC,mapuche,animism,False,2,1,unknown,1,Copiapo,True,0,Copiapo,792,cuiaba,1711.0,1629.0
3694,INC,diaguita,animism,False,2,1,unknown,1,Iquique,True,0,Atacama,793,cuiaba,1723.0,1507.0
3695,CCQ,diaguita,inti,False,3,3,wool,1,Jujuy,True,1,Jujuy,794,cuiaba,1803.0,1562.0
3696,CRA,aimara,inti,False,4,4,gold,2,Potosí,True,0,Potosi,795,cuiaba,1771.0,1501.0
3697,INC,aimara,inti,False,2,2,unknown,1,Arica,True,0,Arica,796,cuiaba,1719.0,1477.0
3698,PCJ,aimara,inti,False,2,2,copper,2,Caracara,True,0,Caracara,797,cuiaba,1744.0,1478.0
3699,KON,mbundu,Unowned,False,2,2,grain,1,Nsoyo,True,0,Nsoyo,798,kongo,3044.0,1533.0
3700,SPA,chacoan,animism,False,1,1,unknown,1,ChacoBoreal,True,0,ChacoBoreal,799,cuiaba,1865.0,1512.0
3701,SWE,swedish,catholic,False,1,2,copper,2,Mora,True,0,Dalaskogen,8,baltic_sea,3025.0,287.0
3702,TRI,hessian,catholic,True,5,5,grain,2,Trier,True,0,Trier,80,,2912.0,533.0
3703,SPA,maipurean,animism,False,1,1,unknown,1,Chiquitos,True,0,Chiquitos,800,cuiaba,1839.0,1423.0
3704,SPA,guarani,animism,False,2,1,unknown,1,Caranga,True,0,Caranga,801,cuiaba,1783.0,1453.0
3705,CLA,aimara,inti,False,4,4,cloth,1,Chuquiabo,True,2,Chuquiabo,802,cuiaba,1743.0,1425.0
3706,SPA,guarani,animism,False,1,1,unknown,1,Moxos,True,0,Moxos,803,cuiaba,1780.0,1418.0
3707,CLA,aimara,inti,False,2,2,gold,2,Hatuncolla,True,0,Puno,804,cuiaba,1712.0,1436.0
3708,INC,aimara,inti,False,2,2,grain,1,Arequipa,True,0,Arequipa,805,lima,1701.0,1453.0
3709,INC,inca,inti,False,1,1,fish,1,Nazca,True,0,Nazca,806,lima,1635.0,1408.0
3710,CSU,inca,inti,False,3,3,grain,2,Abancay,True,0,Huamanga,807,lima,1656.0,1397.0
3711,CSU,inca,inti,False,6,6,gold,2,Cuzco,True,1,Cuzco,808,lima,1667.0,1380.0
3712,ICM,inca,inti,False,3,2,cloth,1,Lima,True,2,Lima,809,lima,1614.0,1372.0
3713,HES,hessian,catholic,True,4,3,wool,3,Marburg,True,0,Hessen,81,,2944.0,514.0
3714,WKA,inca,inti,False,2,2,gold,1,Huancavelica,True,0,Huancavelica,810,lima,1638.0,1377.0
3715,WKA,inca,inti,False,2,2,wool,2,Jauja,True,0,Tarma,811,lima,1629.0,1359.0
3716,CHM,chimuan,inti,False,4,4,cocoa,2,Chanchan,True,1,Chanchan,812,lima,1581.0,1316.0
3717,CJA,inca,inti,False,3,3,cocoa,2,Cajamarca,True,0,Cajamarca,813,lima,1585.0,1280.0
3718,HJA,inca,inti,False,2,2,grain,1,Huanuco,True,0,Huanuco,814,lima,1628.0,1332.0
3719,SPA,jivaro,animism,False,1,1,unknown,1,Iquitos,True,0,Maynas,815,lima,1651.0,1216.0
3720,CHM,chimuan,inti,False,2,2,grain,1,Tumbes,True,0,Tumbes,816,lima,1553.0,1236.0
3721,QTO,cara,inti,False,3,3,wool,2,Surampalli,True,0,Cuenca,817,lima,1584.0,1226.0
3722,SPA,jivaro,animism,False,2,1,unknown,1,Canelos,True,0,Canelos,818,lima,1609.0,1196.0
3723,QTO,cara,inti,False,3,2,fish,1,Guayaquil,True,0,Guayaquil,819,lima,1556.0,1208.0
3724,KOL,hannoverian,catholic,True,3,3,wool,1,Arnsberg,True,0,Lippe,82,,2936.0,504.0
3725,QTO,cara,inti,False,6,6,cloth,2,Quito,True,1,Quito,820,lima,1581.0,1188.0
3726,SPA,jivaro,animism,False,1,1,unknown,1,Baeza,True,0,Quijos,821,lima,1613.0,1236.0
3727,SPA,jivaro,animism,False,1,1,unknown,1,Mocoa,True,0,Caqueta,822,panama,1649.0,1157.0
3728,SPA,guajiro,animism,False,2,2,unknown,1,Cauca,True,1,Cauca,823,panama,1605.0,1127.0
3729,SPA,guajiro,animism,False,2,2,unknown,1,Mariquita,True,0,Mariquita,824,panama,1629.0,1092.0
3730,MCA,muisca,inti,False,6,6,gems,2,Bogotá,True,1,Bogota,825,panama,1652.0,1104.0
3731,SPA,guajiro,animism,False,1,1,unknown,1,Choco,True,0,Choco,826,panama,1609.0,1097.0
3732,SPA,muisca,animism,False,2,4,unknown,1,Antioquía,True,0,Antioquia,827,panama,1630.0,1070.0
3733,SPA,guajiro,animism,False,3,3,unknown,2,Cartagena,True,1,Cartagena,828,panama,1632.0,1024.0
3734,TAI,muisca,animism,False,1,1,coffee,1,Tairo,True,0,Magdalena,829,panama,1647.0,1015.0
3735,NSA,hessian,catholic,True,3,3,copper,3,Wiesbaden,True,0,Nassau,83,,2928.0,516.0
3736,SPA,guajiro,animism,False,1,2,unknown,1,Maracaibo,False,0,Maracaibo,830,carribean_trade,1677.0,1007.0
3737,SPA,castillian,animism,False,1,2,unknown,1,Caracas,True,0,Caracas,831,carribean_trade,1768.0,1015.0
3738,MCA,muisca,inti,False,5,5,salt,2,Tunja,True,0,Chiancon,832,panama,1664.0,1083.0
3739,NED,nguni,reformed,False,2,2,unknown,1,Graaff-Reinet,True,0,GraaffReinet,833,cape_of_good_hope,3204.0,1930.0
3740,SPA,guajiro,animism,False,1,1,unknown,1,Barinas,True,0,Barinas,834,carribean_trade,1721.0,1046.0
3741,CAS,muisca,animism,False,1,1,unknown,1,Panama,False,1,Panama,835,panama,1568.0,1034.0
3742,SPA,muisca,animism,False,1,1,unknown,1,Chorotega,True,0,Chorotega,836,panama,1501.0,1031.0
3743,SPA,miskito,animism,False,1,1,unknown,1,Nicaragua,True,0,Nicaragua,837,panama,1457.0,971.0
3744,MIS,miskito,animism,False,1,1,coffee,1,Mosquito,True,0,Mosquito,838,panama,1499.0,959.0
3745,CHT,highland_mayan,mesoamerican_religion,False,1,1,cocoa,1,Pipil,True,0,Pipil,839,mexico,1419.0,955.0
3746,BRG,hessian,catholic,True,4,4,cloth,1,Düsseldorf,True,0,Berg,84,,2920.0,507.0
3747,SPA,miskito,animism,False,1,1,unknown,1,Honduras,True,0,Honduras,840,panama,1482.0,931.0
3748,KIC,highland_mayan,mesoamerican_religion,False,3,3,cocoa,1,Tapachula,True,0,Guatemala,841,mexico,1379.0,946.0
3749,ITZ,putun,mesoamerican_religion,False,2,2,cocoa,1,Petén,True,0,Peten,842,mexico,1394.0,899.0
3750,CTM,yucatec,mesoamerican_religion,False,4,4,sugar,1,Chactemal,True,0,Belize,843,mexico,1423.0,891.0
3751,ZAP,zapotek,nahuatl,False,2,2,sugar,1,Zaachila,True,0,Zapotec,844,mexico,1313.0,911.0
3752,CNP,yucatec,mesoamerican_religion,False,4,4,sugar,1,Campeche,True,0,Campeche,845,mexico,1399.0,865.0
3753,COC,yucatec,mesoamerican_religion,False,4,4,fish,1,Sotuta,True,0,Yucatan,846,mexico,1429.0,837.0
3754,MIX,mixtec,nahuatl,False,3,3,grain,1,Totopec,True,0,Mixtec,847,mexico,1291.0,914.0
3755,TOT,totonac,nahuatl,False,2,2,spices,1,Tohancapan,True,0,Tohancapan,848,mexico,1282.0,842.0
3756,TLA,tlapanec,nahuatl,False,4,4,gold,1,Acapulco,True,1,Tlapanec,849,mexico,1266.0,906.0
3757,KOL,hessian,catholic,True,6,6,paper,3,Köln,True,2,Koln,85,,2911.0,510.0
3758,TLX,aztek,nahuatl,False,4,4,sugar,1,Tlaxcala,True,0,Tlaxcala,850,mexico,1274.0,856.0
3759,TLA,tlapanec,nahuatl,False,3,3,fish,1,Tarasco,True,0,Tarasco,851,mexico,1213.0,884.0
3760,AZT,aztek,nahuatl,False,7,7,gold,2,Tenochtitlan,True,1,Mexico,852,mexico,1253.0,857.0
3761,AZT,aztek,nahuatl,False,3,3,cotton,1,Tlapacoyan,True,0,Huastec,853,mexico,1264.0,841.0
3762,XAL,tepic,nahuatl,False,4,4,grain,3,Sayultecas,True,1,Sayultecas,854,mexico,1175.0,833.0
3763,SPA,tepic,nahuatl,False,2,1,unknown,1,Huichol,True,0,Huichol,855,california,1150.0,792.0
3764,SPA,chichimecan,animism,False,1,1,gold,1,Zacatecas,False,0,Zacatecas,856,mexico,1197.0,780.0
3765,CCM,chichimecan,animism,False,1,1,gold,1,Guachichil,True,0,Guachichil,857,mexico,1228.0,793.0
3766,HST,wastek,mesoamerican_religion,False,1,1,sugar,1,Tamaulipas,True,0,Tamaulipas,858,rio_grande,1265.0,797.0
3767,SPA,piman,totemism,False,1,1,unknown,1,Sinaloa,True,0,Sinaloa,859,california,1121.0,763.0
3768,MUN,hannoverian,catholic,True,4,4,cloth,4,Münster,True,0,Munster,86,,2923.0,492.0
3769,SPA,chichimecan,animism,False,1,1,unknown,1,Tepehuan,True,0,Tepehuan,860,california,1178.0,753.0
3770,SPA,chichimecan,animism,False,1,1,unknown,1,Coahuila,True,0,Coahuila,861,rio_grande,1219.0,733.0
3771,YAQ,piman,totemism,False,1,1,unknown,1,Yaqui,True,0,Yaqui,862,california,1070.0,704.0
3772,SPA,mescalero,totemism,False,1,1,unknown,1,Suma,True,0,Suma,863,rio_grande,1146.0,677.0
3773,SPA,mescalero,totemism,False,1,1,unknown,1,Concho,True,0,Concho,864,rio_grande,1156.0,700.0
3774,SPA,piman,animism,False,1,1,unknown,1,Cochimi,True,0,Cochimi,865,california,1038.0,738.0
3775,SPA,piman,animism,False,1,1,unknown,1,Guaycura,True,0,Guaycura,866,california,1076.0,783.0
3776,Unowned,piman,totemism,False,1,1,unknown,1,Cahuila,False,0,Mojave,867,california,1008.0,620.0
3777,SPA,piman,totemism,False,2,2,unknown,1,Chumash,True,0,Chumash,868,california,951.0,613.0
3778,SPA,piman,totemism,False,1,2,unknown,1,Salinan,True,0,Salinan,869,california,918.0,577.0
3779,ENG,wallonian,catholic,False,5,5,fish,3,Calais,True,1,Calais,87,english_channel,2836.0,514.0
3780,Unowned,yokuts,totemism,False,1,1,unknown,1,Yorkuts,False,0,Yorkuts,870,california,929.0,561.0
3781,RUS,chinook,totemism,False,1,1,unknown,1,Pomo,True,0,Pomo,871,california,883.0,517.0
3782,CNK,chinook,totemism,False,2,2,unknown,1,Siuslaw,True,0,Kalapuya,872,california,876.0,415.0
3783,CNK,chinook,totemism,False,2,2,fur,1,Chinook,True,0,Chinook,873,california,893.0,391.0
3784,SAL,salish,totemism,False,2,2,fur,1,Salish,True,0,Salish,874,california,903.0,348.0
3785,Unowned,navajo,totemism,False,1,1,salt,1,Canyon,False,0,Canyon,875,rio_grande,1083.0,571.0
3786,PIM,piman,totemism,False,1,1,unknown,1,Yavapai,True,0,Yavapai,876,california,1044.0,621.0
3787,PIM,piman,totemism,False,1,1,salt,1,Pima,True,0,Pima,877,california,1050.0,638.0
3788,NAH,navajo,totemism,False,1,2,salt,1,Navajo,True,0,Navajo,878,rio_grande,1124.0,570.0
3789,APA,apache,totemism,False,1,1,salt,1,Apache,True,0,Apache,879,california,1088.0,640.0
3790,BUR,wallonian,catholic,False,6,6,cloth,3,Arras,True,0,Artois,88,english_channel,2846.0,524.0
3791,OHK,pueblo,totemism,False,2,2,salt,1,Pueblo,True,1,Pueblo,880,rio_grande,1154.0,569.0
3792,SPA,mescalero,totemism,False,2,2,grain,1,Teypana,False,0,Piro,881,rio_grande,1135.0,631.0
3793,MSC,mescalero,totemism,False,1,1,wool,1,Mescalero,True,0,Mescalero,882,rio_grande,1167.0,631.0
3794,LIP,lipan,totemism,False,1,1,grain,1,Lipan,True,0,Lipan,883,rio_grande,1254.0,690.0
3795,SPA,caddo,totemism,False,1,1,unknown,1,Karankawa,True,0,Karankawa,884,rio_grande,1289.0,705.0
3796,COM,mescalero,totemism,False,1,1,unknown,1,Comanche,True,0,Comanche,885,rio_grande,1218.0,594.0
3797,WIC,wichita,totemism,False,1,1,grain,1,Waco,True,0,Waco,886,rio_grande,1294.0,628.0
3798,SPA,caddo,totemism,False,1,1,unknown,1,Tonkawa,False,0,Tonkawa,887,rio_grande,1304.0,651.0
3799,SPA,caddo,totemism,False,1,1,unknown,1,Atakapa,True,0,Atakapa,888,rio_grande,1310.0,691.0
3800,Unowned,wichita,totemism,False,1,1,unknown,1,Arapaho,False,0,Arapaho,889,mississippi_river,1203.0,556.0
3801,FRA,cosmopolitan_french,catholic,False,6,6,grain,5,Amiens,True,0,Picardie,89,english_channel,2836.0,527.0
3802,KIO,kiowa,totemism,False,1,1,unknown,1,Kiowa,True,0,Kiowa,890,mississippi_river,1260.0,546.0
3803,Unowned,Unowned,totemism,False,1,1,unknown,1,Jicarilla,False,0,Jicarilla,891,mississippi_river,1260.0,578.0
3804,Unowned,wichita,totemism,False,1,1,unknown,1,Wichita,False,0,Wichita,892,mississippi_river,1269.0,600.0
3805,FRA,natchez,totemism,False,5,3,unknown,2,Chitimacha,True,1,Chitimacha,893,mississippi_river,1391.0,686.0
3806,CAD,caddo,totemism,False,1,1,cotton,1,Caddo,True,0,Caddo,894,mississippi_river,1352.0,620.0
3807,ANL,yoron,totemism,False,2,2,unknown,1,Arkansas,True,0,Arkansas,895,mississippi_river,1378.0,621.0
3808,Unowned,Unowned,totemism,False,1,1,unknown,1,Ozark,False,0,Ozark,896,mississippi_river,1302.0,607.0
3809,CAQ,yoron,totemism,False,1,1,unknown,1,Quapaw,True,0,Quapaw,897,mississippi_river,1372.0,601.0
3810,Unowned,Unowned,totemism,False,1,1,unknown,1,Kansas,False,0,Kansas,898,mississippi_river,1302.0,523.0
3811,OSA,yoron,totemism,False,1,1,grain,1,Pahatsi,True,0,Osage,899,mississippi_river,1364.0,556.0
3812,SWE,swedish,catholic,False,2,2,fish,1,Gävle,True,0,Halsingland,9,baltic_sea,3071.0,264.0
3813,FLA,flemish,catholic,False,7,7,cloth,4,Brugge,True,2,Vlaanderen,90,english_channel,2849.0,509.0
3814,FRA,illini,totemism,False,2,2,unknown,1,Tamaroa,False,1,Tamaroa,900,mississippi_river,1380.0,530.0
3815,PAW,pawnee,totemism,False,2,1,grain,1,Pawnee,True,0,Pawnee,901,mississippi_river,1247.0,493.0
3816,FRA,pawnee,totemism,False,1,1,unknown,1,Missouri,True,0,Missouri,902,mississippi_river,1336.0,512.0
3817,USA,american,totemism,False,1,1,unknown,1,Omaha,True,0,Omaha,903,mississippi_river,1290.0,482.0
3818,Unowned,chiwere,totemism,False,1,1,unknown,1,Nakota,False,0,Nakota,904,mississippi_river,1354.0,436.0
3819,OEO,chiwere,totemism,False,1,1,unknown,1,Iowa,True,0,Iowa,905,mississippi_river,1354.0,461.0
3820,Unowned,dakota,totemism,False,1,1,unknown,1,Lakota,False,0,Lakota,906,james_bay,1274.0,378.0
3821,LAK,dakota,totemism,False,1,1,unknown,1,Dakota,True,0,Dakota,907,mississippi_river,1284.0,430.0
3822,Unowned,dakota,totemism,False,1,1,fur,1,Dakota,False,0,Minnesota,908,mississippi_river,1319.0,382.0
3823,Unowned,arapaho,totemism,False,1,1,unknown,1,Mandan,False,0,Mandan,909,james_bay,1241.0,379.0
3824,BUR,wallonian,catholic,True,6,6,cloth,3,Mons,True,0,Hainaut,91,champagne,2867.0,522.0
3825,FRA,anishinabe,totemism,False,1,1,unknown,1,Makoua,True,0,Chippewa,910,ohio,1380.0,359.0
3826,FRA,anishinabe,totemism,False,1,2,unknown,1,Menominee,True,0,Menominee,911,ohio,1466.0,390.0
3827,USA,chiwere,totemism,False,1,1,unknown,1,Sauk,False,0,Sauk,912,ohio,1403.0,416.0
3828,OEO,chiwere,totemism,False,2,2,fur,2,Fox,False,0,Fox,913,ohio,1393.0,437.0
3829,FRA,chiwere,totemism,False,2,2,unknown,2,Winnebago,True,0,Winnebago,914,ohio,1429.0,431.0
3830,PEO,illini,totemism,False,1,1,grain,1,Illinois,True,0,Illinois,915,ohio,1399.0,475.0
3831,KSK,illini,totemism,False,2,2,fur,1,Kaskaskia,True,0,Kaskaskia,916,ohio,1414.0,502.0
3832,CAO,illini,totemism,False,2,2,grain,2,Cahokia,True,0,Cahokia,917,ohio,1392.0,509.0
3833,CHI,chickasaw,totemism,False,2,2,unknown,1,Tennessee,True,0,Tennessee,918,mississippi_river,1414.0,591.0
3834,CHI,chickasaw,totemism,False,2,2,grain,1,Chickasaw,True,0,Chickasaw,919,mississippi_river,1418.0,615.0
3835,BRB,flemish,catholic,True,7,7,cloth,4,Brussel,True,0,Brabant,92,english_channel,2878.0,514.0
3836,CHO,choctaw,totemism,False,2,2,cotton,1,Choctaw,True,0,Choctaw,920,mississippi_river,1411.0,641.0
3837,FRA,natchez,totemism,False,2,2,unknown,1,Bayougoula,True,0,Bayougoula,921,mississippi_river,1393.0,675.0
3838,FRA,choctaw,totemism,False,2,2,unknown,1,Mobile,True,0,Mobile,922,mississippi_river,1435.0,668.0
3839,SPA,choctaw,totemism,False,1,1,unknown,1,Pensacola,True,0,Pensacola,923,mississippi_river,1451.0,669.0
3840,FRA,choctaw,totemism,False,1,1,unknown,2,Alabama,True,0,Alabama,924,mississippi_river,1443.0,651.0
3841,COW,creek,totemism,False,2,2,cotton,2,Tuskegee,True,0,Tuskegee,925,mississippi_river,1470.0,643.0
3842,Unowned,yamasee,totemism,False,1,1,unknown,1,Seminole,False,0,Seminole,926,carribean_trade,1544.0,730.0
3843,FRA,yamasee,totemism,False,1,1,unknown,1,Timucua,True,0,Timucua,927,carribean_trade,1529.0,684.0
3844,SPA,creek,totemism,False,2,1,unknown,1,Apalachee,True,0,Apalachee,928,carribean_trade,1492.0,682.0
3845,SPA,yamasee,totemism,False,2,2,unknown,2,Guale,True,0,Muskogee,929,chesapeake_bay,1532.0,645.0
3846,LIE,wallonian,catholic,True,6,6,glass,3,Liège,True,0,Liege,93,champagne,2892.0,524.0
3847,KSI,creek,totemism,False,2,2,cotton,1,Yamasee,True,0,Yamasee,930,chesapeake_bay,1486.0,640.0
3848,COO,creek,totemism,False,2,2,fur,1,Chiaha,True,0,Chiaha,931,chesapeake_bay,1484.0,609.0
3849,ENG,catawba,totemism,False,2,2,unknown,2,Santee,True,0,Santee,932,chesapeake_bay,1556.0,626.0
3850,COF,catawba,totemism,False,2,2,tobacco,1,Catawba,True,0,Catawba,933,chesapeake_bay,1543.0,606.0
3851,CCA,yuchi,totemism,False,1,1,grain,1,Tsoyaha,False,0,Shawnee,934,mississippi_river,1470.0,577.0
3852,CIA,yuchi,totemism,False,2,2,naval_supplies,1,Cherokee,True,0,Cherokee,935,chesapeake_bay,1504.0,576.0
3853,JOA,catawba,totemism,False,2,2,tobacco,1,Cheraw,True,0,Cheraw,936,chesapeake_bay,1537.0,579.0
3854,TSC,iroquois,totemism,False,1,2,tobacco,2,Tuscarora,True,0,Tuscarora,937,chesapeake_bay,1586.0,582.0
3855,GBR,powhatan,totemism,False,2,2,unknown,1,Pamlico,True,0,Pamlico,938,chesapeake_bay,1601.0,593.0
3856,USA,shawnee,totemism,False,2,2,unknown,1,Pennyrile,False,0,Pennyrile,939,mississippi_river,1434.0,583.0
3857,BUR,wallonian,catholic,True,5,5,iron,2,Luxemburg,True,0,Luxemburg,94,champagne,2897.0,536.0
3858,GBR,shawnee,totemism,False,1,2,unknown,2,Kentucky,False,0,Kentucky,940,ohio,1457.0,547.0
3859,CCA,yuchi,totemism,False,1,1,fur,1,Ouasioto,True,0,Cumberland,941,ohio,1480.0,558.0
3860,USA,miami,totemism,False,1,1,unknown,1,Wea,False,0,Wea,942,ohio,1450.0,492.0
3861,MMI,miami,totemism,False,1,1,fur,1,Miami,True,0,Miami,943,ohio,1469.0,499.0
3862,FOX,mesquakie,totemism,False,2,3,fur,1,Potawatomi,True,2,Potawatomi,944,ohio,1501.0,458.0
3863,POT,anishinabe,totemism,False,1,2,fur,1,Michigan,True,0,Michigan,945,ohio,1474.0,419.0
3864,HUR,miami,totemism,False,1,1,unknown,1,Wyandot,True,0,Wyandot,946,ohio,1499.0,479.0
3865,IRO,tionontate,totemism,False,2,2,unknown,3,Erie,False,0,Erie,947,ohio,1530.0,480.0
3866,LEN,shawnee,totemism,False,1,1,unknown,1,Ohio,True,0,Ohio,948,ohio,1530.0,506.0
3867,GBR,yuchi,totemism,False,1,1,unknown,1,Monacan,True,0,Monacan,949,chesapeake_bay,1556.0,554.0
3868,BRB,dutch,catholic,True,4,3,cloth,2,Breda,True,0,Breda,95,english_channel,2886.0,499.0
3869,ENG,powhatan,totemism,False,5,3,unknown,2,Chesapeake,True,0,Powhatan,950,chesapeake_bay,1612.0,557.0
3870,GBR,shawnee,totemism,False,1,1,unknown,1,Kanawha,False,0,Kanawha,951,ohio,1531.0,537.0
3871,POW,powhatan,totemism,False,2,2,tobacco,1,Powhatan,True,0,Powhatan,952,chesapeake_bay,1600.0,553.0
3872,ENG,powhatan,totemism,False,2,2,unknown,2,Conoy,True,0,Conoy,953,chesapeake_bay,1606.0,527.0
3873,ERI,tionontate,totemism,False,1,2,fur,2,Allegheny,True,0,Allegheny,954,ohio,1561.0,477.0
3874,LEN,susquehannock,totemism,False,2,2,unknown,2,Susquehanna,False,0,Susquehanna,955,ohio,1609.0,498.0
3875,LEN,delaware,totemism,False,2,2,fur,1,Lenape,True,0,Lenape,956,chesapeake_bay,1628.0,497.0
3876,SWE,delaware,totemism,False,4,3,unknown,3,Delaware,True,0,Delaware,957,chesapeake_bay,1629.0,520.0
3877,SEN,iroquois,totemism,False,1,2,fur,1,Seneca,False,0,Seneca,958,ohio,1588.0,453.0
3878,CAY,iroquois,totemism,False,2,2,fur,1,Cayuga,True,0,Cayuga,959,ohio,1604.0,453.0
3879,HOL,dutch,catholic,True,5,5,salt,1,Middelburg,True,0,Zeeland,96,english_channel,2869.0,497.0
3880,ONO,iroquois,totemism,False,3,3,fur,2,Onondaga,True,0,Onondaga,960,ohio,1619.0,448.0
3881,ONE,iroquois,totemism,False,2,2,fur,1,Oneida,True,0,Oneida,961,ohio,1625.0,443.0
3882,SWE,delaware,totemism,False,2,2,unknown,1,Unami,True,0,Unami,962,chesapeake_bay,1638.0,511.0
3883,NED,mahican,totemism,False,1,2,unknown,2,Mahican,False,0,Mahican,963,ohio,1652.0,452.0
3884,MOH,iroquois,totemism,False,2,2,fur,2,Mohawk,True,0,Mohawk,964,ohio,1643.0,444.0
3885,NED,delaware,totemism,False,2,2,unknown,1,Manhattan,True,0,Manhattan,965,chesapeake_bay,1662.0,479.0
3886,WAM,massachusset,totemism,False,2,2,unknown,1,Nipmuc,False,0,Nipmuc,966,chesapeake_bay,1678.0,455.0
3887,ENG,pequot,totemism,False,3,2,unknown,1,Narraganset,True,0,Narraganset,967,chesapeake_bay,1690.0,471.0
3888,ENG,massachusset,totemism,False,4,4,unknown,2,Massachusetts,False,1,Massachusetts,968,chesapeake_bay,1694.0,453.0
3889,MAH,mahican,totemism,False,2,2,naval_supplies,3,Pocumtuk,True,0,Pocumtuk,969,st_lawrence,1668.0,440.0
3890,HOL,dutch,catholic,True,6,6,cloth,4,Amsterdam,True,2,Holland,97,english_channel,2882.0,474.0
3891,ENG,massachusset,totemism,False,2,2,unknown,1,Merrimack,True,0,Pennacook,970,chesapeake_bay,1696.0,434.0
3892,PEN,abenaki,totemism,False,1,2,naval_supplies,2,Abnaki,True,0,Abnaki,971,st_lawrence,1729.0,400.0
3893,Unowned,aleutian,totemism,False,1,1,unknown,1,Nootka,False,0,Nootka,972,california,841.0,315.0
3894,Unowned,salish,totemism,False,2,2,unknown,1,Squamish,False,0,Squamish,973,california,902.0,320.0
3895,Unowned,aleutian,totemism,False,1,1,unknown,1,Kwakiutl,False,0,Kwakiutl,974,california,841.0,283.0
3896,Unowned,chinook,totemism,False,1,1,unknown,1,Tsimshian,False,0,Tsimshian,975,california,815.0,242.0
3897,Unowned,haida,totemism,False,1,1,unknown,1,Tlingit,False,0,Tlingit,976,california,746.0,173.0
3898,RUS,aleutian,totemism,False,1,1,unknown,1,Yakutat,True,0,Yakutat,977,california,631.0,84.0
3899,RUS,aleutian,totemism,False,1,1,unknown,1,Alaska,True,0,Alaska,978,california,456.0,68.0
3900,RUS,aleutian,totemism,False,1,1,unknown,1,Aleut,True,0,Aleut,979,california,147.0,212.0
3901,UTR,dutch,catholic,True,5,5,cloth,2,Utrecht,True,0,Utrecht,98,english_channel,2888.0,487.0
3902,ENG,innu,totemism,False,1,2,unknown,1,Beothuk,True,1,Beothuk,980,st_lawrence,1950.0,339.0
3903,FRA,innu,totemism,False,1,2,unknown,1,Taqamkuk,True,0,Taqamkuk,981,st_lawrence,1910.0,316.0
3904,FRA,mikmaq,totemism,False,1,1,unknown,1,Unamakik,True,0,Unamakik,982,st_lawrence,1859.0,384.0
3905,FRA,mikmaq,totemism,False,1,1,unknown,1,Epekwitk,True,0,Epekwitk,983,st_lawrence,1825.0,372.0
3906,FRA,mikmaq,totemism,False,2,2,unknown,1,Sipeknekatik,True,0,Acadia,984,st_lawrence,1804.0,408.0
3907,FRA,mikmaq,totemism,False,2,2,unknown,1,Micmac,True,0,Micmac,985,st_lawrence,1787.0,379.0
3908,FRA,mikmaq,totemism,False,1,1,unknown,1,Kespek,True,0,Kespek,986,st_lawrence,1778.0,335.0
3909,ATW,tionontate,totemism,False,2,2,fur,2,Niagara,True,0,Niagara,987,ohio,1541.0,451.0
3910,ATT,huron,totemism,False,2,2,fur,4,Attignawantan,True,0,Huron,988,ohio,1560.0,423.0
3911,AGG,huron,totemism,False,2,2,grain,2,Attigneenongnahac,True,0,Ontario,989,ohio,1591.0,421.0
3912,GEL,dutch,catholic,True,6,6,livestock,3,Arnhem,True,0,Gelre,99,english_channel,2901.0,486.0
3913,FRA,laurentian,totemism,False,3,2,unknown,1,Maisouna,True,0,Kwedech,990,st_lawrence,1670.0,375.0
3914,FRA,algonquin,totemism,False,2,2,unknown,1,Nipissing,True,0,Ottawa,991,ohio,1553.0,367.0
3915,AGQ,algonquin,totemism,False,3,2,fur,1,Algonquin,True,0,Algonquin,992,st_lawrence,1614.0,388.0
3916,OSH,laurentian,totemism,False,2,2,fur,1,Hochelega,True,1,Hochelega,993,st_lawrence,1647.0,391.0
3917,STA,laurentian,totemism,False,4,4,fish,2,Stadacona,True,0,Stadacona,994,st_lawrence,1696.0,362.0
3918,FRA,innu,totemism,False,2,2,unknown,1,Tadoussac,True,0,Atiamekw,995,st_lawrence,1721.0,335.0
3919,Unowned,innu,totemism,False,1,1,unknown,1,Innu,False,0,Innu,996,st_lawrence,1892.0,283.0
3920,Unowned,innu,totemism,False,1,1,unknown,1,Labrador,False,0,Labrador,997,st_lawrence,1914.0,246.0
3921,GBR,inuit,totemism,False,1,2,unknown,1,Ungava,True,0,Ungava,998,james_bay,1619.0,165.0
3922,GBR,cree,totemism,False,1,2,unknown,1,Nunavik,True,0,Nunavik,999,james_bay,1589.0,233.0
