,owner,culture,religion,hre,base_tax,base_production,trade_goods,base_manpower,capital,is_city,center_of_trade,name,id,trade_node
0,SWE,swedish,catholic,no,5,5,grain,3,Stockholm,yes,2,Uppland,1,baltic_sea
1,NOR,Unowned,catholic,no,1,1,fur,1,Frösön,yes,0,Jamtland,10,north_sea
2,FRI,frisian,catholic,yes,6,6,livestock,2,Leeuwarden,yes,0,Friesland,100,english_channel
3,ENG,cree,totemism,no,1,2,unknown,1,Cree,yes,0,Cree,1000,james_bay
4,FRA,anishinabe,totemism,no,2,2,unknown,1,Sault,yes,0,Sault,1001,ohio
5,FRA,algonquin,totemism,no,1,1,unknown,1,Abitbi,yes,0,Abitbi,1002,james_bay
6,ENG,cree,totemism,no,1,2,unknown,1,MooseCree,yes,0,MooseCree,1003,james_bay
7,ENG,cree,totemism,no,1,2,unknown,1,Attawapiskat,yes,0,Attawapiskat,1004,james_bay
8,ENG,cree,totemism,no,1,2,unknown,1,SwampyCree,yes,0,SwampyCree,1005,james_bay
9,GBR,inuit,totemism,no,1,2,unknown,1,Ahiarmiut,yes,0,Chipewyan,1006,james_bay
10,---,anishinabe,totemism,no,1,1,unknown,1,Ojibwa,no,0,Ojibwa,1007,ohio
11,FRA,bungi,totemism,no,1,1,unknown,1,Manitoba,yes,1,Winnipeg,1008,james_bay
12,GBR,bungi,totemism,no,1,1,unknown,1,Manitoba,yes,0,Atikaki,1009,james_bay
13,GEN,ligurian,catholic,yes,10,10,paper,5,Genova,yes,3,Genoa,101,genua
14,FRA,chipewyan,totemism,no,1,1,unknown,1,Manitoba,yes,0,Manitoba,1010,james_bay
15,FRA,plains_cree,totemism,no,1,1,unknown,1,WoodsCree,yes,0,WoodsCree,1011,james_bay
16,SMZ,kyushuan,shinto,no,3,3,iron,3,Kagoshima,yes,0,Satsuma,1012,nippon
17,KOR,korean,confucianism,no,3,3,grain,2,Cheongju,yes,0,Cheongju,1013,nippon
18,OTM,kyushuan,shinto,no,4,2,tropical_wood,3,Funai,yes,0,Bungo,1014,nippon
19,RYU,Unowned,animism,no,2,2,chinaware,1,Shuri,yes,0,Okinawa,1015,nippon
20,DAI,vietnamese,mahayana,no,5,3,fish,3,HaTinh,yes,0,HaTinh,1016,canton
21,OUC,japanese,shinto,no,4,2,silk,3,Yamaguchi,yes,1,Suo,1017,nippon
22,AMA,japanese,shinto,no,3,3,iron,2,Matsue,yes,0,Izumo,1018,nippon
23,YMN,japanese,shinto,no,3,3,grain,2,Himeji,yes,0,Harima,1019,nippon
24,SAV,ligurian,catholic,yes,4,4,fish,2,Nice,yes,0,Nice,102,genua
25,ASK,japanese,shinto,no,6,5,silk,2,Kyoto,yes,0,Yamashiro,1020,nippon
26,HSK,japanese,shinto,no,6,6,chinaware,3,Naniwa,yes,1,Settsu,1021,nippon
27,CHA,cham,hinduism,no,4,4,incense,2,Indrapura,yes,0,Indrapura,1022,gulf_of_siam
28,SBA,japanese,shinto,no,3,4,paper,2,Takefu,yes,0,Echizen,1023,nippon
29,UES,togoku,shinto,no,4,4,grain,3,Naoetsu,yes,0,Echigo,1024,nippon
30,SBA,togoku,shinto,no,2,2,grain,3,Yamagata,yes,0,Dewa,1025,nippon
31,DTE,togoku,shinto,no,3,3,grain,3,Aizu,yes,0,Rikuzen,1026,nippon
32,STK,togoku,shinto,no,2,2,fish,2,Ota,yes,0,Hitachi,1027,nippon
33,UES,togoku,shinto,no,6,6,fish,3,Kawagoe,yes,2,Musashi,1028,nippon
34,TKD,togoku,shinto,no,3,3,livestock,3,Kofu,yes,0,Kai,1029,nippon
35,SAV,piedmontese,catholic,yes,7,7,wine,3,Torino,yes,0,Piedmont,103,genua
36,ODA,togoku,shinto,no,4,4,dyes,2,Kiyosu,yes,0,Owari,1030,nippon
37,ANU,ainu,animism,no,1,1,fish,1,Kamikawa,yes,0,Kamikawa,1031,nippon
38,ANU,ainu,animism,no,1,1,fish,1,Kuril,yes,0,Kurils,1032,nippon
39,ANU,ainu,animism,no,1,1,fish,1,Sakhalin,yes,0,Sakhalin,1033,girin
40,KMC,kamchatkan,tengri_pagan_reformed,no,1,1,fish,1,Kamchatka,yes,0,Kamchatka,1034,girin
41,CHU,kamchatkan,tengri_pagan_reformed,no,1,1,fish,1,Penzhinsky,yes,0,Penchisky,1035,girin
42,RUS,yukagyr,tengri_pagan_reformed,no,1,1,unknown,1,Srednekolymsk,yes,0,Podzhiversk,1036,girin
43,RUS,yukagyr,tengri_pagan_reformed,no,1,1,unknown,1,Omolon,yes,0,Nizhe,1037,girin
44,HOD,yukagyr,tengri_pagan_reformed,no,1,1,fur,1,Karalveyem,yes,0,Anadyrsk,1038,girin
45,RUS,yukagyr,tengri_pagan_reformed,no,1,1,unknown,1,Verkhoyansk,yes,0,Verkhoyansk,1039,girin
46,MLO,lombard,catholic,yes,8,7,cloth,6,Milano,no,2,Milan,104,genua
47,RUS,yukagyr,tengri_pagan_reformed,no,1,1,unknown,1,SuntarKhayat,yes,0,SuntarKhayat,1040,girin
48,RUS,kamchatkan,tengri_pagan_reformed,no,1,1,unknown,1,Gizhiga,yes,0,Gizhiga,1041,girin
49,RUS,yakut,tengri_pagan_reformed,no,1,1,unknown,1,Sakha,yes,0,Kamnuskoye,1042,girin
50,RUS,yakut,tengri_pagan_reformed,no,1,1,unknown,1,Okhotsk,yes,0,Okhotsk,1043,girin
51,RUS,kamchatkan,tengri_pagan_reformed,no,1,1,unknown,1,Tauisk,yes,0,Tauisk,1044,girin
52,RUS,yakut,tengri_pagan_reformed,no,1,1,unknown,1,Yakutsk,yes,0,Yakutsk,1045,siberia
53,RUS,yakut,tengri_pagan_reformed,no,1,1,unknown,1,Ust-Maya,yes,0,Butalsk,1046,girin
54,RUS,yakut,tengri_pagan_reformed,no,1,1,unknown,1,Jugjur,yes,0,Jugjur,1047,girin
55,NVK,nivkh,tengri_pagan_reformed,no,2,2,fur,2,Udskoye,yes,0,Udskoye,1048,girin
56,SOL,evenk,tengri_pagan_reformed,no,2,2,fur,2,Haiilanboo,yes,0,Hailanboo,1049,girin
57,MLO,romagnan,catholic,yes,6,5,livestock,4,Parma,no,0,Parma,105,venice
58,NVK,nivkh,tengri_pagan_reformed,no,4,4,fur,3,Deren,yes,0,Deren,1050,girin
59,RUS,yakut,tengri_pagan_reformed,no,1,1,unknown,1,Aldan,yes,0,Uchurskoye,1051,siberia
60,RUS,yakut,tengri_pagan_reformed,no,1,1,unknown,2,Stanovoy,yes,0,Verkohzehkoye,1052,girin
61,SOL,evenk,tengri_pagan_reformed,no,2,2,fur,3,Hinggan,yes,0,Hinggan,1053,girin
62,Unowned,tungus,tengri_pagan_reformed,no,1,1,unknown,1,Mukhtuya,yes,0,Ilimsk,1054,siberia
63,RUS,buryat,tengri_pagan_reformed,no,2,2,unknown,2,Kirenga,no,0,Verkne,1055,girin
64,RUS,buryat,tengri_pagan_reformed,no,3,3,unknown,3,Barguzin,no,0,Barguzinsky,1056,girin
65,RUS,buryat,tengri_pagan_reformed,no,3,3,unknown,2,Udinskoye,no,0,Udinsky,1057,girin
66,KHA,buryat,tengri_pagan_reformed,no,1,1,fur,1,Nerchinsky,yes,0,Nerchinsky,1058,girin
67,RUS,tungus,tengri_pagan_reformed,no,1,1,unknown,1,Kezemskoe,yes,0,Bratsk,1059,siberia
68,FER,romagnan,catholic,yes,5,5,livestock,2,Modena,yes,0,Modena,106,venice
69,RUS,buryat,tengri_pagan_reformed,no,1,1,unknown,1,Irkutsk,yes,1,Irkutsk,1060,siberia
70,RUS,tungus,tengri_pagan_reformed,no,1,1,unknown,1,Novoselovo,yes,0,Yeniseysk,1061,siberia
71,RUS,buryat,tengri_pagan_reformed,no,1,1,unknown,1,Angara,yes,0,Kachinsk,1062,siberia
72,RUS,buryat,tengri_pagan_reformed,no,1,1,unknown,1,Sayan,yes,0,Sayan,1063,siberia
73,RUS,ostyaki,tengri_pagan_reformed,no,1,1,unknown,1,Tomsk,yes,0,Tomsk,1064,siberia
74,OIR,kirgiz,tengri_pagan_reformed,no,1,1,unknown,1,Kuznetsk,yes,0,Kuznetsk,1065,siberia
75,OIR,buryat,tengri_pagan_reformed,no,1,1,fur,1,Altai,yes,0,Altai,1066,siberia
76,RUS,samoyed,orthodox,no,1,1,unknown,1,Turukhan,yes,0,Narym,1067,siberia
77,RUS,ostyaki,tengri_pagan_reformed,no,1,1,unknown,1,Ket,yes,0,PegayaOrda,1068,siberia
78,SIB,samoyed,orthodox,no,1,1,unknown,1,Sörgüt,yes,0,Surgut,1069,siberia
79,Unowned,lombard,catholic,yes,5,5,cloth,3,Brescia,yes,0,Brescia,107,venice
80,SIB,samoyed,orthodox,no,1,1,unknown,1,Narim,yes,0,Koda,1070,siberia
81,SHY,siberian,sunni,no,2,2,fur,2,Tara,yes,0,Tara,1071,siberia
82,RUS,samoyed,orthodox,no,1,1,unknown,1,Obdorsk,yes,0,Obdorsk,1072,siberia
83,RUS,samoyed,orthodox,no,1,1,unknown,1,Berezov,yes,0,Berezov,1073,siberia
84,SHY,ostyaki,sunni,no,2,2,fur,2,Qashliq,yes,0,Sibir,1074,siberia
85,SHY,siberian,sunni,no,4,4,fur,4,Chimgi-Tura,yes,1,Tyumen,1075,siberia
86,SHY,siberian,sunni,no,3,3,fur,3,Kurgan,yes,0,Kurgan,1076,siberia
87,PRM,uralic,Unowned,no,3,0,,1,Solikamsk,yes,0,Solikamsk,1077,white_sea
88,SIB,uralic,orthodox,no,1,1,unknown,1,Neromkar,yes,0,MiddleUrals,1078,siberia
89,MOS,russian,orthodox,no,3,3,copper,4,Hlynov,yes,0,Viatka,1079,kazan
90,MLO,venetian,catholic,no,5,5,grain,3,Verona,yes,1,Verona,108,venice
91,RUS,uralic,orthodox,no,1,1,unknown,1,Pelym,yes,0,NorthUrals,1080,siberia
92,KAZ,kazani,sunni,no,1,1,iron,1,Bolgar,yes,0,Simbirsk,1081,kazan
93,KAZ,kazani,sunni,no,6,6,grain,3,Kazan,yes,2,Kazan,1082,kazan
94,MOS,russian,orthodox,no,3,3,grain,2,Yur,yes,0,Zavolochye,1083,kazan
95,NOO,nyoongah,dreamtime,no,3,4,livestock,2,Wadjuk,yes,1,Wadjuk,1084,australia
96,GBR,palawa,dreamtime,no,2,2,fish,2,Paredarerme,yes,0,Paredarerme,1085,australia
97,KAU,yura,dreamtime,no,3,3,fish,1,Kaurna,yes,1,Kaurna,1086,australia
98,WRU,kulin,dreamtime,no,4,5,livestock,2,Wurundjeri,yes,1,Wurundjeri,1087,australia
99,Unowned,kulin,dreamtime,no,1,1,unknown,1,Wergaia,no,0,Wergaia,1088,australia
100,Unowned,gamilaraay,dreamtime,no,3,3,unknown,2,Wiradjuri,no,0,Wiradjuri,1089,australia
101,MAN,romagnan,catholic,yes,8,8,livestock,3,Mantova,yes,1,Mantua,109,venice
102,EOR,aboriginal,dreamtime,no,5,4,fish,2,Eora,yes,1,Eora,1090,australia
103,Unowned,gamilaraay,dreamtime,no,1,1,unknown,1,Kamilaroi,no,0,Kamilaroi,1091,australia
104,Unowned,aboriginal,dreamtime,no,3,3,unknown,2,Gubbi-Gubbi,no,0,Bundjalung,1092,australia
105,Unowned,gamilaraay,dreamtime,no,1,1,unknown,1,Barunggam,no,0,Barunggam,1093,australia
106,MIA,gamilaraay,dreamtime,no,2,2,naval_supplies,1,Turrbal,yes,0,Turrbal,1094,australia
107,FRA,cosmopolitan_french,catholic,no,1,1,unknown,1,Falklands,yes,0,Falklands,1095,laplata
108,POR,portugese,catholic,no,1,1,unknown,1,CapeVerde,yes,0,CapeVerde,1096,ivory_coast
109,POR,yorumba,catholic,no,2,2,unknown,1,FernandoPo,yes,0,FernandoPo,1097,ivory_coast
110,NED,dutch,reformed,no,1,1,unknown,1,St,yes,0,St,1098,ivory_coast
111,MHR,mahri_culture,coptic,no,1,2,fish,1,Suqutra,yes,0,Socotra,1099,gulf_of_aden
112,SWE,swedish,catholic,no,1,1,fur,1,Umeå,yes,0,Vasterbotten,11,baltic_sea
113,TNT,venetian,catholic,yes,4,3,iron,1,Trent,yes,0,Trent,110,
114,FRA,cosmopolitan_french,catholic,no,2,2,unknown,1,Mahe,yes,0,Mahe,1100,zanzibar
115,FRA,cosmopolitan_french,catholic,no,1,1,unknown,1,DiegoGarcia,yes,0,DiegoGarcia,1101,comorin_cape
116,NED,dutch,reformed,no,5,5,unknown,1,Mauritius,yes,0,Mauritius,1102,zanzibar
117,FRA,cosmopolitan_french,catholic,no,5,5,unknown,1,Bourbon,yes,0,Bourbon,1103,zanzibar
118,DAN,inuit,totemism,no,1,1,unknown,1,Eiriksfjord,yes,0,Eiriksfjord,1104,st_lawrence
119,DAN,inuit,totemism,no,1,1,unknown,1,Vestbygden,yes,0,Vestbygden,1105,st_lawrence
120,TTT,maori,animism,no,4,4,tropical_wood,2,Whangarei,yes,0,TeTaiTokerau,1106,polynesia_node
121,TNK,maori,animism,no,4,4,salt,2,Ngamotu,yes,0,Taranaki,1107,polynesia_node
122,TEA,maori,animism,no,4,4,fish,2,Tauranga,yes,0,TeMoanaaToi,1108,polynesia_node
123,Unowned,maori,animism,no,1,1,naval_supplies,1,Kaiapoi,no,0,Timaru,1109,polynesia_node
124,AQU,venetian,catholic,no,5,5,wine,2,Udine,no,0,Friuli,111,venice
125,MOR,berber,sunni,no,3,3,sugar,2,Agadir,yes,1,RiodeOro,1110,safi
126,POR,berber,sunni,no,1,1,unknown,1,Arguin,yes,0,Arguin,1111,ivory_coast
127,JOL,senegambian,sunni,no,1,1,salt,1,Awlil,yes,0,Trarza,1112,ivory_coast
128,JOL,senegambian,Unowned,no,3,3,slaves,2,Mboul,yes,0,Cayor,1113,ivory_coast
129,MAL,senegambian,Unowned,no,3,3,ivory,2,Kansala,yes,1,Gabu,1114,ivory_coast
130,Unowned,fulani,Unowned,no,1,1,unknown,1,Aligh,no,0,Brakna,1115,timbuktu
131,JOL,senegambian,Unowned,no,3,3,slaves,2,Jowol,yes,0,Wolof,1116,ivory_coast
132,MAL,fulani,Unowned,no,3,3,ivory,3,Timbo,yes,0,FutaJallon,1117,ivory_coast
133,GBR,dyola,Unowned,no,1,1,unknown,1,Sherbro,yes,0,SierraLeone,1118,ivory_coast
134,Unowned,dyola,Unowned,no,1,1,,1,Mesurado,no,0,GrainCoast,1119,ivory_coast
135,VEN,venetian,catholic,no,10,12,glass,5,Venezia,no,3,Venezia,112,venice
136,MAL,soninke,Unowned,no,6,6,gold,2,Bambuk,yes,0,Bambuk,1120,timbuktu
137,MAL,mali,Unowned,no,6,6,gold,2,Kurussa,yes,0,Bure,1121,timbuktu
138,MAL,dyola,Unowned,no,1,1,dyes,1,Tingrela,yes,0,Bagoe,1122,timbuktu
139,MAL,bambara,Unowned,no,5,5,grain,2,Kirina,yes,0,Segu,1123,timbuktu
140,MAL,mali,Unowned,no,4,4,grain,8,Niani,yes,1,Wasuju,1124,timbuktu
141,KNG,dyola,Unowned,no,2,2,ivory,2,Kong,yes,0,Kong,1125,timbuktu
142,Unowned,aka,Unowned,no,1,1,unknown,1,Assinie,no,0,IvoryCoast,1126,ivory_coast
143,MOR,tuareg,sunni,no,1,1,unknown,1,Tawat,yes,0,Tuat,1127,timbuktu
144,TMB,tuareg,sunni,no,1,1,salt,1,Tawdani,yes,0,Taodeni,1128,timbuktu
145,TMB,tuareg,sunni,no,1,1,salt,1,Arawan,yes,0,Azawadd,1129,timbuktu
146,FER,romagnan,catholic,yes,6,6,salt,2,Ferrara,yes,0,Ferrara,113,venice
147,SON,tuareg,sunni,no,1,1,wool,1,Tadmekka,yes,0,Tadmekka,1130,timbuktu
148,JNN,bambara,Unowned,no,4,4,grain,1,Macina,yes,1,Massina,1131,timbuktu
149,TMB,tuareg,sunni,no,8,8,cloth,2,Timbuktu,yes,2,Timbuktu,1132,timbuktu
150,SON,songhai,sunni,no,7,7,cloth,2,Gao,yes,1,Gao,1133,timbuktu
151,ZAF,bozo,Unowned,no,7,7,cloth,3,Jenne,yes,2,Jenne,1134,timbuktu
152,YAT,mossi,Unowned,no,3,3,livestock,2,Gursi,yes,0,Yatenga,1135,timbuktu
153,GUR,Unowned,Unowned,no,1,1,ivory,1,Bilanga,yes,0,Gurma,1136,timbuktu
154,WGD,Unowned,Unowned,no,3,3,grain,3,Wagadugu,yes,0,Wagadugi,1137,timbuktu
155,ASH,aka,Unowned,no,4,4,gold,1,Kumasi,yes,0,Kumasi,1138,timbuktu
156,Unowned,aka,Unowned,no,2,2,unknown,1,Accra,no,1,GoldCoast,1139,ivory_coast
157,PAP,romagnan,catholic,no,4,5,salt,2,Ravenna,yes,0,Romagna,114,venice
158,Unowned,fon,Unowned,no,1,1,slaves,1,Allada,yes,0,Abomey,1140,timbuktu
159,Unowned,fon,Unowned,no,1,1,unknown,1,Whydah,no,0,Whydah,1141,ivory_coast
160,SON,songhai,sunni,no,3,3,grain,1,Lulama,yes,0,Dendi,1142,timbuktu
161,GUR,dagomba,Unowned,no,1,1,grain,1,Bussa,yes,0,Borgu,1143,timbuktu
162,OYO,yorumba,Unowned,no,3,3,grain,1,Oyo,yes,0,Oyo,1144,katsina
163,NUP,nupe,Unowned,no,2,2,,2,Nupe,yes,0,Nupe,1145,katsina
164,OYO,yorumba,Unowned,no,3,3,,2,Ife,yes,0,Ife,1146,katsina
165,BEN,yorumba,Unowned,no,4,4,,3,Oredo,yes,1,Benin,1147,ivory_coast
166,KTS,hausa,sunni,no,3,3,iron,3,Gobir,yes,0,Gobir,1148,katsina
167,KTS,hausa,sunni,no,6,6,cloth,3,Katsina,yes,2,Katsina,1149,katsina
168,PIS,tuscan,catholic,yes,6,6,wine,3,Pisa,no,1,Pisa,115,genua
169,ZZZ,hausa,Unowned,no,3,3,grain,1,Dutsi,yes,0,Zamfara,1150,katsina
170,Unowned,sawabantu,Unowned,no,1,1,slaves,2,Bonny,no,0,Bonny,1151,ivory_coast
171,NUP,nupe,Unowned,no,1,1,ivory,1,Idah,yes,0,Idah,1152,katsina
172,NUP,nupe,Unowned,no,1,1,livestock,1,Lafia,yes,0,Pindinga,1153,katsina
173,ZZZ,hausa,Unowned,no,3,3,slaves,3,Turunku,yes,0,Zazzau,1154,katsina
174,KAN,hausa,sunni,no,5,5,dyes,5,Kano,yes,0,Kano,1155,katsina
175,AIR,tuareg,sunni,no,1,1,livestock,1,Mashina,yes,0,Damagaram,1156,katsina
176,KBO,kanuri,sunni,no,4,4,grain,1,Gatiga,yes,2,Borno,1157,katsina
177,YAO,kanuri,sunni,no,3,3,,2,Ngala,yes,1,Kanem,1158,katsina
178,YAO,Unowned,Unowned,no,3,3,ivory,1,Massenya,yes,0,Bagirmi,1159,katsina
179,LAN,tuscan,catholic,yes,10,12,wine,6,Firenze,yes,2,Firenze,116,genua
180,KBO,kanuri,Unowned,no,1,1,tropical_wood,1,Wandala,yes,0,Mandara,1160,katsina
181,SOK,jukun,Unowned,no,1,1,unknown,1,Bauchi,yes,0,Bauchi,1161,katsina
182,SOK,jukun,Unowned,no,1,1,unknown,1,Wukari,yes,0,Wukari,1162,katsina
183,Unowned,sawabantu,Unowned,no,1,1,slaves,1,Calabar,no,1,Calabar,1163,ivory_coast
184,Unowned,sawabantu,Unowned,no,1,1,unknown,1,Cameroon,no,0,Cameroon,1164,ivory_coast
185,Unowned,kongolese,Unowned,no,2,2,unknown,1,Gabon,no,0,Gabon,1165,ivory_coast
186,LOA,kongolese,Unowned,no,3,3,gems,3,Loango,yes,0,Loango,1166,ivory_coast
187,POR,mbundu,Unowned,no,2,2,unknown,1,Luanda,yes,0,Luanda,1167,ivory_coast
188,KON,kongolese,Unowned,no,2,2,slaves,1,Lovata,yes,0,Kisarna,1168,ivory_coast
189,TYO,kongolese,Unowned,no,2,2,copper,2,Anziku,yes,0,Mayombe,1169,kongo
190,SIE,tuscan,catholic,yes,8,8,glass,4,Siena,yes,0,Siena,117,genua
191,KON,kongolese,Unowned,no,6,6,iron,3,Kongo,yes,2,Kongo,1170,kongo
192,NDO,mbundu,Unowned,no,2,2,slaves,3,Kabasa,yes,1,Ndongo,1171,ivory_coast
193,POR,mbundu,Unowned,no,4,4,unknown,2,Benguela,yes,1,Benguela,1172,ivory_coast
194,Unowned,Unowned,Unowned,no,0,0,,0,Damaraland,no,0,Damaraland,1173,cape_of_good_hope
195,Unowned,khoisan,Unowned,no,1,1,unknown,1,WalvisBay,no,0,WalvisBay,1174,ivory_coast
196,Unowned,khoisan,Unowned,no,1,1,unknown,1,LesserNamaqualand,no,0,LesserNamaqualand,1175,cape_of_good_hope
197,Unowned,khoisan,Unowned,no,1,1,unknown,1,Roggeveld,no,0,Roggeveld,1176,cape_of_good_hope
198,NED,khoisan,reformed,no,7,7,unknown,1,Cape,yes,1,Cape,1177,cape_of_good_hope
199,Unowned,khoisan,Unowned,no,3,3,unknown,1,Beaufort,no,0,GreatKaroo,1178,cape_of_good_hope
200,NED,khoisan,reformed,no,2,2,unknown,2,Swellendam,yes,0,LittleKaroo,1179,cape_of_good_hope
201,PAP,umbrian,catholic,no,9,9,paper,7,Roma,yes,1,Roma,118,genua
202,Unowned,nguni,Unowned,no,1,1,unknown,1,Thembu,no,0,Transkei,1180,cape_of_good_hope
203,Unowned,nguni,Unowned,no,2,2,unknown,1,Magulu,no,0,Natal,1181,cape_of_good_hope
204,POR,nguni,Unowned,no,4,4,unknown,1,Xefina,yes,0,DelagoaBay,1182,cape_of_good_hope
205,POR,nguni,Unowned,no,4,4,unknown,1,Inhambane,yes,1,Inhambane,1183,zanzibar
206,ZIM,shona,shamanism,no,5,4,gold,5,Zimbabwe,yes,1,Zimbabwe,1184,zambezi
207,RZW,shona,shamanism,no,3,3,gold,1,Khami,yes,0,Buha,1185,zambezi
208,SFA,nguni,sunni,no,3,4,gold,2,Sofala,yes,1,Sofala,1186,zanzibar
209,ZIM,shona,shamanism,no,2,2,ivory,2,Sena,yes,0,Sena,1187,zambezi
210,ZIM,shona,shamanism,no,2,2,gold,1,Massapa,yes,0,Masapa,1188,zambezi
211,RZW,shona,shamanism,no,2,2,livestock,1,Shangwe,yes,0,Shangwe,1189,zambezi
212,PAP,umbrian,catholic,no,5,5,paper,4,Ancona,yes,0,Ancona,119,venice
213,ZIM,shona,shamanism,no,2,2,ivory,1,Chikova,yes,0,Zumbo,1190,zambezi
214,ZIM,shona,shamanism,no,2,2,ivory,1,Tete,yes,2,Tete,1191,zambezi
215,SFA,nyasa,sunni,no,3,3,ivory,1,Quelimane,yes,0,Quelimane,1192,zanzibar
216,SKA,madagasque,Unowned,no,3,3,slaves,3,Morondava,yes,1,Menabe,1193,zanzibar
217,SKA,Unowned,Unowned,no,2,2,fish,1,Besalampy,yes,0,Boina,1194,zanzibar
218,ZAN,swahili,sunni,no,2,2,ivory,2,Mozambique,yes,0,Mozambique,1195,zanzibar
219,ZAN,swahili,sunni,no,4,4,gold,2,Kilwa,yes,1,Kilwa,1196,zanzibar
220,ZAN,swahili,Unowned,no,1,1,,1,Mzizima,yes,0,Mzizima,1197,zanzibar
221,ZAN,swahili,sunni,no,2,2,fish,1,Lindi,yes,0,Lindi,1198,zanzibar
222,ZAN,swahili,Unowned,no,1,1,ivory,1,Bagamayo,yes,0,Bagamoyo,1199,zanzibar
223,DAN,danish,catholic,no,8,8,fish,4,København,yes,2,Sjaelland,12,
224,NAP,neapolitan,catholic,no,5,5,wine,3,L'Aquila,yes,0,Abbruzzi,120,venice
225,MBA,swahili,Unowned,no,2,2,ivory,2,Tanga,yes,0,Tanga,1200,zanzibar
226,ZAN,swahili,ibadi,no,2,2,slaves,1,Zanzibar,yes,2,Zanzibar,1201,zanzibar
227,MBA,swahili,sunni,no,5,5,ivory,2,Mombasa,yes,2,Mombasa,1202,zanzibar
228,MLI,swahili,sunni,no,4,4,iron,2,Malindi,yes,1,Malindi,1203,zanzibar
229,MLI,swahili,sunni,no,3,3,ivory,1,Lamu,yes,0,Lamu,1204,zanzibar
230,MDI,somali,sunni,no,4,4,ivory,2,Maqdishu,yes,2,Mogadishu,1205,gulf_of_aden
231,MRE,somali,sunni,no,1,1,incense,1,Qardho,yes,0,Qardho,1206,gulf_of_aden
232,OGD,somali,sunni,no,1,1,incense,1,Bale,no,0,Ogaden,1207,ethiopia
233,ADA,somali,sunni,no,1,1,livestock,1,Degehabur,yes,0,Degehabur,1208,ethiopia
234,WAR,somali,sunni,no,4,4,slaves,2,Berbera,yes,0,Berbera,1209,gulf_of_aden
235,NAP,neapolitan,catholic,no,8,8,grain,6,Napoli,no,2,Napoli,121,genua
236,ETH,harari,sunni,no,1,1,grain,1,Dawaro,yes,0,Dawaro,1210,ethiopia
237,ADA,harari,sunni,no,6,6,coffee,4,Harer,yes,1,Harer,1211,gulf_of_aden
238,ADA,Unowned,sunni,no,5,5,incense,3,Zayla,yes,2,Zeila,1212,gulf_of_aden
239,ETH,amhara,sunni,no,3,3,grain,3,Badeqe,yes,0,Shoa,1213,ethiopia
240,ETH,amhara,coptic,no,2,2,grain,2,Hayq,yes,0,Awsa,1214,ethiopia
241,ADA,afar,sunni,no,2,2,livestock,2,Tajura,yes,0,Tajura,1215,gulf_of_aden
242,NUB,Unowned,Unowned,no,1,1,unknown,1,Takala,yes,0,DarNuba,1216,ethiopia
243,Unowned,Unowned,Unowned,no,1,1,unknown,2,Alays,no,0,Fazughli,1217,ethiopia
244,WLY,sidamo,shamanism,no,2,2,coffee,2,Irgalem,yes,0,Kefa,1218,ethiopia
245,DAR,tunjur,Unowned,no,1,1,unknown,1,Al-Fashir,yes,1,Kordofan,1219,ethiopia
246,NAP,neapolitan,catholic,no,3,3,wine,2,Taranto,yes,0,Apulia,122,venice
247,ABB,nubian,sunni,no,1,1,livestock,2,Bayuda,yes,0,DarJaal,1220,ethiopia
248,NUB,nubian,Unowned,no,1,1,unknown,1,Al-Ubayyid,yes,0,Taqali,1221,ethiopia
249,ALO,nubian,coptic,no,1,1,grain,2,Gezira,yes,0,Gezira,1222,ethiopia
250,ETH,amhara,coptic,no,2,2,coffee,2,Gojjam,yes,0,Gojjam,1223,ethiopia
251,ETH,amhara,coptic,no,4,4,grain,2,Gondar,yes,2,Gonder,1224,ethiopia
252,ALO,nubian,sunni,no,1,1,ivory,1,Qarri,yes,0,Butana,1225,ethiopia
253,BEJ,beja,sunni,no,1,1,livestock,2,Taka,yes,0,Taka,1226,ethiopia
254,ETH,tigray,Unowned,no,2,2,grain,3,Debarwa,yes,0,Tigre,1227,ethiopia
255,ABB,nubian,shiite,no,2,1,grain,2,Dunqula,yes,0,Dongola,1228,ethiopia
256,BEJ,beja,sunni,no,1,1,unknown,2,Berber,yes,0,Berber,1229,ethiopia
257,NAP,sicilian,catholic,no,2,2,fish,2,Calabria,yes,0,Calabria,123,genua
258,MED,tigray,coptic,no,2,2,,1,Mitsiwa,yes,0,Massawa,1230,gulf_of_aden
259,MAM,al_misr_arabic,sunni,no,2,2,livestock,1,Aswan,yes,0,Aswan,1231,alexandria
260,MAM,beja,sunni,no,1,1,slaves,1,Suakin,yes,0,Suakin,1232,gulf_of_aden
261,MAM,al_misr_arabic,sunni,no,1,1,livestock,1,Kharga,yes,0,Kharga,1233,alexandria
262,MAK,nubian,Unowned,no,2,2,livestock,2,QasrIbrim,yes,0,QasrIbrim,1234,alexandria
263,SPA,polynesian,animism,no,1,1,unknown,1,Guam,yes,0,Guam,1235,polynesia_node
264,Unowned,papuan,animism,no,1,1,unknown,1,Rabaul,no,0,Rabaul,1236,polynesia_node
265,Unowned,papuan,animism,no,1,1,unknown,1,Hanuabada,no,0,Hanuabada,1237,the_moluccas
266,Unowned,melanesian,animism,no,1,1,unknown,1,Solomon,no,0,SolomonIslands,1238,polynesia_node
267,Unowned,melanesian,animism,no,1,1,unknown,1,Vanuatu,no,0,Vanuatu,1239,polynesia_node
268,SIC,sicilian,catholic,no,6,6,fish,5,Messina,yes,0,Messina,124,genua
269,HAW,polynesian,animism,no,3,3,livestock,1,Kailua-Kona,yes,0,Hawaii,1240,polynesia_node
270,Unowned,polynesian,animism,no,1,1,unknown,1,Kiribati,no,0,Kiribati,1241,polynesia_node
271,VIL,melanesian,animism,no,3,3,livestock,1,Viseisei,yes,0,Fiji,1242,polynesia_node
272,SAM,polynesian,animism,no,3,3,cloth,2,Falealupo,yes,0,Samoa,1243,polynesia_node
273,Unowned,polynesian,animism,no,3,3,unknown,1,Tahiti,no,0,Tahiti,1244,polynesia_node
274,Unowned,papuan,animism,no,1,1,unknown,1,Manokwari,no,0,Manokwari,1245,the_moluccas
275,Unowned,maori,animism,no,1,1,gems,1,Hokitika,no,0,AtaWhenua,1246,polynesia_node
276,GEN,sardinian,catholic,yes,3,3,naval_supplies,2,Bastia,yes,0,Corsica,1247,genua
277,DGL,malayalam,sunni,no,2,2,,1,Malé,yes,0,Maldives,1248,comorin_cape
278,SOK,jukun,Unowned,no,1,1,unknown,1,Kwararafa,yes,0,Yola,1249,katsina
279,SIC,sicilian,catholic,no,5,5,wine,3,Palermo,yes,1,Palermo,125,genua
280,Unowned,Unowned,Unowned,no,0,0,,0,Vanern,no,0,Vanern,1250,
281,Unowned,Unowned,Unowned,no,0,0,,0,Vattern,no,0,Vattern,1251,
282,Unowned,Unowned,Unowned,no,0,0,,0,GulfofBothnia,no,0,GulfofBothnia,1252,
283,Unowned,Unowned,Unowned,no,0,0,,0,AlandsHav,no,0,AlandsHav,1253,
284,Unowned,Unowned,Unowned,no,0,0,,0,GulfofFinland,no,0,GulfofFinland,1254,
285,Unowned,Unowned,Unowned,no,0,0,,0,WesternBalticSea,no,0,WesternBalticSea,1255,
286,Unowned,Unowned,Unowned,no,0,0,,0,GulfofRiga,no,0,GulfofRiga,1256,
287,Unowned,Unowned,Unowned,no,0,0,,0,SouthernBalticSea,no,0,SouthernBalticSea,1257,
288,Unowned,Unowned,Unowned,no,0,0,,0,Oresund,no,0,Oresund,1258,
289,Unowned,Unowned,Unowned,no,0,0,,0,Kattegat,no,0,Kattegat,1259,
290,SIC,maltese,catholic,no,3,3,fish,2,Mdina,yes,0,Malta,126,genua
291,Unowned,Unowned,Unowned,no,0,0,,0,PeipsiJarv,no,0,PeipsiJarv,1260,
292,Unowned,Unowned,Unowned,no,0,0,,0,Ladoga,no,0,Ladoga,1261,
293,Unowned,Unowned,Unowned,no,0,0,,0,Onega,no,0,Onega,1262,
294,Unowned,Unowned,Unowned,no,0,0,,0,WhiteSea,no,0,WhiteSea,1263,
295,Unowned,Unowned,Unowned,no,0,0,,0,LofotenSea,no,0,LofotenSea,1264,
296,Unowned,Unowned,Unowned,no,0,0,,0,NorthernNorwegianSea,no,0,NorthernNorwegianSea,1265,
297,Unowned,Unowned,Unowned,no,0,0,,0,SouthernNorwegianSea,no,0,SouthernNorwegianSea,1266,north_sea
298,Unowned,Unowned,Unowned,no,0,0,,0,Skagerrack,no,0,Skagerrack,1267,
299,Unowned,Unowned,Unowned,no,0,0,,0,HelgolandBight,no,0,HelgolandBight,1268,
300,Unowned,Unowned,Unowned,no,0,0,,0,CoastofHolland,no,0,CoastofHolland,1269,english_channel
301,SAR,sardinian,catholic,no,3,3,fish,2,Sassari,yes,0,Sassari,127,genua
302,Unowned,Unowned,Unowned,no,0,0,,0,DoggerBank,no,0,DoggerBank,1270,english_channel
303,Unowned,Unowned,Unowned,no,0,0,,0,StraitsofDover,no,0,StraitsofDover,1271,english_channel
304,Unowned,Unowned,Unowned,no,0,0,,0,TheChannel,no,0,TheChannel,1272,
305,Unowned,Unowned,Unowned,no,1,1,unknown,1,Taveta,no,0,Taveta,1273,african_great_lakes
306,Unowned,Unowned,Unowned,no,0,0,,0,CoastofBritanny,no,0,CoastofBritanny,1274,
307,Unowned,Unowned,Unowned,no,0,0,,0,QuiberonBay,no,0,QuiberonBay,1275,
308,Unowned,Unowned,Unowned,no,0,0,,0,CoteD'Argent,no,0,CoteD'Argent,1276,bordeaux
309,Unowned,Unowned,Unowned,no,0,0,,0,BayofBiscay,no,0,BayofBiscay,1277,
310,Unowned,Unowned,Unowned,no,0,0,,0,CantabrianSea,no,0,CantabrianSea,1278,
311,Unowned,Unowned,Unowned,no,0,0,,0,Tyne,no,0,Tyne,1279,
312,HAB,Unowned,catholic,yes,4,3,iron,3,Klagenfurt,yes,0,Karnten,128,
313,Unowned,Unowned,Unowned,no,0,0,,0,FirthofForth,no,0,FirthofForth,1280,north_sea
314,Unowned,Unowned,Unowned,no,0,0,,0,TheNorthSea,no,0,TheNorthSea,1281,north_sea
315,Unowned,Unowned,Unowned,no,0,0,,0,MorayFirth,no,0,MorayFirth,1282,north_sea
316,Unowned,Unowned,Unowned,no,0,0,,0,NorthChannel,no,0,NorthChannel,1283,
317,Unowned,Unowned,Unowned,no,0,0,,0,IrishSea,no,0,IrishSea,1284,
318,Unowned,Unowned,Unowned,no,0,0,,0,St,no,0,St,1285,
319,Unowned,Unowned,Unowned,no,0,0,,0,DonegalBay,no,0,DonegalBay,1286,
320,Unowned,Unowned,Unowned,no,0,0,,0,DingleBay,no,0,DingleBay,1287,
321,Unowned,Unowned,Unowned,no,0,0,,0,CelticSea,no,0,CelticSea,1288,
322,Unowned,Unowned,Unowned,no,0,0,,0,WesternApproaches,no,0,WesternApproaches,1289,
323,HAB,slovene,catholic,yes,4,4,livestock,2,Laibach,yes,0,Krain,129,venice
324,Unowned,Unowned,Unowned,no,0,0,,0,FinisterreBay,no,0,FinisterreBay,1290,
325,Unowned,Unowned,Unowned,no,0,0,,0,LusitanianSea,no,0,LusitanianSea,1291,
326,Unowned,Unowned,Unowned,no,0,0,,0,GulfofCadiz,no,0,GulfofCadiz,1292,
327,Unowned,Unowned,Unowned,no,0,0,,0,StraitsofGibraltar,no,0,StraitsofGibraltar,1293,sevilla
328,Unowned,Unowned,Unowned,no,0,0,,0,GulfofAlmeira,no,0,GulfofAlmeira,1294,
329,Unowned,Unowned,Unowned,no,0,0,,0,GulfofValencia,no,0,GulfofValencia,1295,valencia
330,Unowned,Unowned,Unowned,no,0,0,,0,GulfofLion,no,0,GulfofLion,1296,
331,Unowned,Unowned,Unowned,no,0,0,,0,CoteD'Azur,no,0,CoteD'Azur,1297,
332,Unowned,Unowned,Unowned,no,0,0,,0,LigurianSea,no,0,LigurianSea,1298,genua
333,Unowned,Unowned,Unowned,no,0,0,,0,CoastoftheFaroes,no,0,CoastoftheFaroes,1299,
334,SHL,danish,catholic,no,4,4,livestock,3,Slesvig,yes,0,Slesvig,13,
335,VEN,dalmatian,catholic,no,2,3,,3,Pula,yes,1,Istria,130,venice
336,Unowned,Unowned,Unowned,no,0,0,,0,WesternMediterranean,no,0,WesternMediterranean,1300,
337,Unowned,Unowned,Unowned,no,0,0,,0,BarbaryCoast,no,0,BarbaryCoast,1301,
338,Unowned,Unowned,Unowned,no,0,0,,0,CapeBon,no,0,CapeBon,1302,
339,Unowned,Unowned,Unowned,no,0,0,,0,TyrreneanSea,no,0,TyrreneanSea,1303,
340,Unowned,Unowned,Unowned,no,0,0,,0,BayofNaples,no,0,BayofNaples,1304,
341,Unowned,Unowned,Unowned,no,0,0,,0,GulfofGabes,no,0,GulfofGabes,1305,
342,POR,yorumba,catholic,no,1,1,unknown,1,SaoTomel,yes,0,SaoTomel,1306,ivory_coast
343,Unowned,Unowned,Unowned,no,0,0,,0,StraitsofMessina,no,0,StraitsofMessina,1307,
344,Unowned,Unowned,Unowned,no,0,0,,0,GulfofVenice,no,0,GulfofVenice,1308,venice
345,Unowned,Unowned,Unowned,no,0,0,,0,AdriaticSea,no,0,AdriaticSea,1309,
346,CRO,croatian,catholic,no,3,3,cloth,1,Zagreb,yes,0,Zagorje,131,ragusa
347,Unowned,Unowned,Unowned,no,0,0,,0,StraitsofOtranto,no,0,StraitsofOtranto,1310,
348,Unowned,Unowned,Unowned,no,0,0,,0,GulfofTaranto,no,0,GulfofTaranto,1311,
349,Unowned,Unowned,Unowned,no,0,0,,0,IonianSea,no,0,IonianSea,1312,
350,Unowned,Unowned,Unowned,no,0,0,,0,GulfofSirte,no,0,GulfofSirte,1313,
351,Unowned,Unowned,Unowned,no,0,0,,0,GulfofTobruk,no,0,GulfofTobruk,1314,
352,Unowned,Unowned,Unowned,no,0,0,,0,BayofAlexandrian,no,0,BayofAlexandrian,1315,
353,Unowned,Unowned,Unowned,no,0,0,,0,PalestinianCoast,no,0,PalestinianCoast,1316,
354,Unowned,Unowned,Unowned,no,0,0,,0,GulfofCyprus,no,0,GulfofCyprus,1317,
355,HUN,slovak,catholic,no,3,4,copper,2,Spiš,yes,0,Spis,1318,pest
356,Unowned,Unowned,Unowned,no,0,0,,0,AegeanSea,no,0,AegeanSea,1319,constantinople
357,HAB,austrian,catholic,yes,4,4,grain,3,Judenburg,yes,0,Steiermark,132,
358,Unowned,Unowned,Unowned,no,0,0,,0,SeaofMarmara,no,0,SeaofMarmara,1320,constantinople
359,Unowned,Unowned,Unowned,no,0,0,,0,GulfofVarna,no,0,GulfofVarna,1321,
360,Unowned,Unowned,Unowned,no,0,0,,0,GulfofOdessa,no,0,GulfofOdessa,1322,crimea
361,Unowned,Unowned,Unowned,no,0,0,,0,SeaofAzov,no,0,SeaofAzov,1323,crimea
362,Unowned,Unowned,Unowned,no,0,0,,0,EasternBlackSea,no,0,EasternBlackSea,1324,
363,Unowned,Unowned,Unowned,no,0,0,,0,LakeBalaton,no,0,LakeBalaton,1325,
364,Unowned,Unowned,Unowned,no,0,0,,0,CaspianSea,no,0,CaspianSea,1326,
365,Unowned,Unowned,Unowned,no,0,0,,0,AralSea,no,0,AralSea,1327,
366,Unowned,Unowned,Unowned,no,0,0,,0,GulfofSuez,no,0,GulfofSuez,1328,gulf_of_aden
367,Unowned,Unowned,Unowned,no,0,0,,0,RedSea,no,0,RedSea,1329,gulf_of_aden
368,HAB,austrian,catholic,yes,4,4,grain,3,Linz,yes,0,Linz,133,
369,Unowned,Unowned,Unowned,no,0,0,,0,StraitsofObokk,no,0,StraitsofObokk,1330,gulf_of_aden
370,Unowned,Unowned,Unowned,no,0,0,,0,BalelMandeb,no,0,BalelMandeb,1331,gulf_of_aden
371,Unowned,Unowned,Unowned,no,0,0,,0,CoastofMascate,no,0,CoastofMascate,1332,hormuz
372,Unowned,Unowned,Unowned,no,0,0,,0,MascateCoast,no,0,MascateCoast,1333,
373,Unowned,Unowned,Unowned,no,0,0,,0,StraitsofHormuz,no,0,StraitsofHormuz,1334,hormuz
374,Unowned,Unowned,Unowned,no,0,0,,0,PersianGulf,no,0,PersianGulf,1335,basra
375,Unowned,Unowned,Unowned,no,0,0,,0,GulfofIndus,no,0,GulfofIndus,1336,
376,Unowned,Unowned,Unowned,no,0,0,,0,GulfofGujarat,no,0,GulfofGujarat,1337,
377,Unowned,Unowned,Unowned,no,0,0,,0,LaquediveIslands,no,0,LaquediveIslands,1338,
378,Unowned,Unowned,Unowned,no,0,0,,0,CoastofMalabar,no,0,CoastofMalabar,1339,
379,HAB,austrian,catholic,yes,6,6,wine,6,Wien,yes,2,Wien,134,
380,Unowned,Unowned,Unowned,no,0,0,,0,ComorinCape,no,0,ComorinCape,1340,comorin_cape
381,Unowned,Unowned,Unowned,no,0,0,,0,CoastofCaramandel,no,0,CoastofCaramandel,1341,
382,Unowned,Unowned,Unowned,no,0,0,,0,CoastofOrissa,no,0,CoastofOrissa,1342,
383,Unowned,Unowned,Unowned,no,0,0,,0,GangesDelta,no,0,GangesDelta,1343,ganges_delta
384,Unowned,Unowned,Unowned,no,0,0,,0,AkyabBay,no,0,AkyabBay,1344,
385,Unowned,Unowned,Unowned,no,0,0,,0,IrrawadyDelta,no,0,IrrawadyDelta,1345,
386,Unowned,Unowned,Unowned,no,0,0,,0,AndamanSea,no,0,AndamanSea,1346,
387,Unowned,Unowned,Unowned,no,0,0,,0,MerguiArchipelago,no,0,MerguiArchipelago,1347,
388,Unowned,Unowned,Unowned,no,0,0,,0,StraitsofMalacca,no,0,StraitsofMalacca,1348,
389,Unowned,Unowned,Unowned,no,0,0,,0,NicobarIsles,no,0,NicobarIsles,1349,
390,HUN,hungarian,catholic,no,3,3,grain,2,Sopron,yes,0,Sopron,135,pest
391,Unowned,Unowned,Unowned,no,0,0,,0,CoastofAtjeh,no,0,CoastofAtjeh,1350,
392,Unowned,Unowned,Unowned,no,0,0,,0,CoastofSumatra,no,0,CoastofSumatra,1351,
393,Unowned,Unowned,Unowned,no,0,0,,0,ChristmasIsland,no,0,ChristmasIsland,1352,
394,Unowned,Unowned,Unowned,no,0,0,,0,CoastofJava,no,0,CoastofJava,1353,
395,Unowned,Unowned,Unowned,no,0,0,,0,CoastofSurabaya,no,0,CoastofSurabaya,1354,
396,Unowned,Unowned,Unowned,no,0,0,,0,StraitsofLombok,no,0,StraitsofLombok,1355,
397,Unowned,Unowned,Unowned,no,0,0,,0,TimorSea,no,0,TimorSea,1356,
398,Unowned,Unowned,Unowned,no,0,0,,0,TheMoluccas,no,0,TheMoluccas,1357,the_moluccas
399,Unowned,Unowned,Unowned,no,0,0,,0,JavaSea,no,0,JavaSea,1358,
400,Unowned,Unowned,Unowned,no,0,0,,0,StraitsofMakassar,no,0,StraitsofMakassar,1359,
401,DAL,dalmatian,catholic,no,4,3,wool,2,Split,yes,0,Dalmatia,136,ragusa
402,Unowned,Unowned,Unowned,no,0,0,,0,KarimataStrait,no,0,KarimataStrait,1360,
403,Unowned,Unowned,Unowned,no,0,0,,0,StraitsofJohore,no,0,StraitsofJohore,1361,malacca
404,Unowned,Unowned,Unowned,no,0,0,,0,MalayanSea,no,0,MalayanSea,1362,
405,Unowned,Unowned,Unowned,no,0,0,,0,CoastofSarawk,no,0,CoastofSarawk,1363,
406,Unowned,Unowned,Unowned,no,0,0,,0,MekongDelta,no,0,MekongDelta,1364,
407,Unowned,Unowned,Unowned,no,0,0,,0,GulfofSiam,no,0,GulfofSiam,1365,gulf_of_siam
408,Unowned,Unowned,Unowned,no,0,0,,0,CamRahBay,no,0,CamRahBay,1366,
409,Unowned,Unowned,Unowned,no,0,0,,0,SouthChinaSea,no,0,SouthChinaSea,1367,
410,Unowned,Unowned,Unowned,no,0,0,,0,CoastofBrunei,no,0,CoastofBrunei,1368,
411,Unowned,Unowned,Unowned,no,0,0,,0,CoastofAnnam,no,0,CoastofAnnam,1369,
412,RAG,dalmatian,catholic,no,5,6,salt,3,Ragusa,yes,2,Ragusa,137,ragusa
413,Unowned,Unowned,Unowned,no,0,0,,0,GulfofTonkin,no,0,GulfofTonkin,1370,
414,Unowned,Unowned,Unowned,no,0,0,,0,GuanghouBay,no,0,GuanghouBay,1371,canton
415,Unowned,Unowned,Unowned,no,0,0,,0,TaiwanStrait,no,0,TaiwanStrait,1372,
416,Unowned,Unowned,Unowned,no,0,0,,0,YangTseDelta,no,0,YangTseDelta,1373,
417,Unowned,Unowned,Unowned,no,0,0,,0,YellowSea,no,0,YellowSea,1374,
418,Unowned,Unowned,Unowned,no,0,0,,0,KoreaBay,no,0,KoreaBay,1375,
419,Unowned,Unowned,Unowned,no,0,0,,0,SouthKoreanSea,no,0,SouthKoreanSea,1376,nippon
420,Unowned,Unowned,Unowned,no,0,0,,0,NorthKoreanSea,no,0,NorthKoreanSea,1377,
421,Unowned,Unowned,Unowned,no,0,0,,0,CoastofOlga,no,0,CoastofOlga,1378,
422,Unowned,Unowned,Unowned,no,0,0,,0,TatarStraits,no,0,TatarStraits,1379,
423,MON,serbian,orthodox,no,2,2,livestock,1,Zabljak,yes,0,Zeta,138,ragusa
424,Unowned,Unowned,Unowned,no,0,0,,0,AmurDelta,no,0,AmurDelta,1380,
425,Unowned,Unowned,Unowned,no,0,0,,0,BajofAyan,no,0,BajofAyan,1381,
426,Unowned,Unowned,Unowned,no,0,0,,0,BayofKomenskoie,no,0,BayofKomenskoie,1382,
427,Unowned,Unowned,Unowned,no,0,0,,0,CoastofKamchatska,no,0,CoastofKamchatska,1383,
428,Unowned,Unowned,Unowned,no,0,0,,0,OktothskSea,no,0,OktothskSea,1384,
429,Unowned,Unowned,Unowned,no,0,0,,0,CoastSahkalin,no,0,CoastSahkalin,1385,
430,Unowned,Unowned,Unowned,no,0,0,,0,SoyaStrait,no,0,SoyaStrait,1386,
431,Unowned,Unowned,Unowned,no,0,0,,0,TsugaruStrait,no,0,TsugaruStrait,1387,
432,Unowned,Unowned,Unowned,no,0,0,,0,SeaofJapan,no,0,SeaofJapan,1388,
433,Unowned,Unowned,Unowned,no,0,0,,0,AmakusaSea,no,0,AmakusaSea,1389,
434,HRZ,bosnian,catholic,no,3,3,wool,2,Hum,yes,0,Hum,139,ragusa
435,Unowned,Unowned,Unowned,no,0,0,,0,SettoInlandSea,no,0,SettoInlandSea,1390,
436,Unowned,Unowned,Unowned,no,0,0,,0,TokaiSea,no,0,TokaiSea,1391,
437,Unowned,Unowned,Unowned,no,0,0,,0,RyukyuIslands,no,0,RyukyuIslands,1392,
438,Unowned,Unowned,Unowned,no,0,0,,0,LuzonStrait,no,0,LuzonStrait,1393,
439,Unowned,Unowned,Unowned,no,0,0,,0,ParacelIslands,no,0,ParacelIslands,1394,
440,Unowned,Unowned,Unowned,no,0,0,,0,ManilaBay,no,0,ManilaBay,1395,
441,Unowned,Unowned,Unowned,no,0,0,,0,CoastofLuzon,no,0,CoastofLuzon,1396,
442,Unowned,Unowned,Unowned,no,0,0,,0,GulfofLeyte,no,0,GulfofLeyte,1397,philippines
443,Unowned,Unowned,Unowned,no,0,0,,0,SuluSea,no,0,SuluSea,1398,
444,Unowned,Unowned,Unowned,no,0,0,,0,SeaofCelebes,no,0,SeaofCelebes,1399,
445,DAN,danish,catholic,no,5,5,fish,4,Odense,yes,0,Fyn,14,
446,TUR,bosnian,orthodox,no,3,3,salt,1,Bosnia,yes,0,Bosnia,140,ragusa
447,Unowned,Unowned,Unowned,no,0,0,,0,SeaofTernete,no,0,SeaofTernete,1400,
448,Unowned,Unowned,Unowned,no,0,0,,0,SeaofBanda,no,0,SeaofBanda,1401,
449,Unowned,Unowned,Unowned,no,0,0,,0,PhilipineSea,no,0,PhilipineSea,1402,
450,Unowned,Unowned,Unowned,no,0,0,,0,PalauIslands,no,0,PalauIslands,1403,
451,Unowned,Unowned,Unowned,no,0,0,,0,BiakBay,no,0,BiakBay,1404,
452,Unowned,Unowned,Unowned,no,0,0,,0,VilianStrait,no,0,VilianStrait,1405,
453,Unowned,Unowned,Unowned,no,0,0,,0,TrobrianIslands,no,0,TrobrianIslands,1406,
454,Unowned,Unowned,Unowned,no,0,0,,0,TorresStrait,no,0,TorresStrait,1407,
455,Unowned,Unowned,Unowned,no,0,0,,0,ArafuamSea,no,0,ArafuamSea,1408,
456,Unowned,Unowned,Unowned,no,0,0,,0,KolepomBay,no,0,KolepomBay,1409,
457,SER,serbian,orthodox,no,3,3,grain,2,Smederevo,yes,0,Serbia,141,ragusa
458,Unowned,Unowned,Unowned,no,0,0,,0,GulfofCarpentaria,no,0,GulfofCarpentaria,1410,
459,Unowned,Unowned,Unowned,no,0,0,,0,GreatBarrierReef,no,0,GreatBarrierReef,1411,australia
460,Unowned,Unowned,Unowned,no,0,0,,0,CapricornBay,no,0,CapricornBay,1412,australia
461,Unowned,Unowned,Unowned,no,0,0,,0,CapeHowe,no,0,CapeHowe,1413,
462,Unowned,Unowned,Unowned,no,0,0,,0,BassStrait,no,0,BassStrait,1414,
463,Unowned,Unowned,Unowned,no,0,0,,0,KangarooIsland,no,0,KangarooIsland,1415,
464,Unowned,Unowned,Unowned,no,0,0,,0,GreatAustralianBight,no,0,GreatAustralianBight,1416,
465,Unowned,Unowned,Unowned,no,0,0,,0,CapeLeuwiin,no,0,CapeLeuwiin,1417,
466,Unowned,Unowned,Unowned,no,0,0,,0,SharkBay,no,0,SharkBay,1418,
467,Unowned,Unowned,Unowned,no,0,0,,0,NorthwestCape,no,0,NorthwestCape,1419,
468,VEN,greek,orthodox,no,2,1,fish,3,Corfu,yes,0,Corfu,142,ragusa
469,Unowned,Unowned,Unowned,no,0,0,,0,KingSound,no,0,KingSound,1420,
470,Unowned,Unowned,Unowned,no,0,0,,0,TasmanSea,no,0,TasmanSea,1421,
471,Unowned,Unowned,Unowned,no,0,0,,0,SouthernTasmanSea,no,0,SouthernTasmanSea,1422,
472,Unowned,Unowned,Unowned,no,0,0,,0,CookStrait,no,0,CookStrait,1423,
473,Unowned,Unowned,Unowned,no,0,0,,0,NorthernTasmanSea,no,0,NorthernTasmanSea,1424,
474,Unowned,Unowned,Unowned,no,0,0,,0,CapeFarwell,no,0,CapeFarwell,1425,
475,Unowned,Unowned,Unowned,no,0,0,,0,CoastofNewZealand,no,0,CoastofNewZealand,1426,
476,Unowned,Unowned,Unowned,no,0,0,,0,CanteburyBight,no,0,CanteburyBight,1427,
477,Unowned,Unowned,Unowned,no,0,0,,0,SeaofAntarctica,no,0,SeaofAntarctica,1428,
478,Unowned,Unowned,Unowned,no,0,0,,0,NewCaledonianSea,no,0,NewCaledonianSea,1429,
479,TUR,albanian,orthodox,no,2,1,,1,Vlorë,yes,0,Vlore,143,ragusa
480,Unowned,Unowned,Unowned,no,0,0,,0,CoralSea,no,0,CoralSea,1430,
481,Unowned,Unowned,Unowned,no,0,0,,0,GilbertSea,no,0,GilbertSea,1431,
482,Unowned,Unowned,Unowned,no,0,0,,0,SolomonSea,no,0,SolomonSea,1432,
483,Unowned,Unowned,Unowned,no,0,0,,0,NauruIsland,no,0,NauruIsland,1433,
484,Unowned,Unowned,Unowned,no,0,0,,0,MelanesiaSea,no,0,MelanesiaSea,1434,
485,Unowned,Unowned,Unowned,no,0,0,,0,MicronesiaSea,no,0,MicronesiaSea,1435,
486,Unowned,Unowned,Unowned,no,0,0,,0,YapIslands,no,0,YapIslands,1436,
487,Unowned,Unowned,Unowned,no,0,0,,0,MarianaIslands,no,0,MarianaIslands,1437,
488,Unowned,Unowned,Unowned,no,0,0,,0,TinianSea,no,0,TinianSea,1438,
489,Unowned,Unowned,Unowned,no,0,0,,0,IwoJimaSea,no,0,IwoJimaSea,1439,
490,EPI,greek,orthodox,no,2,1,wool,1,Ioannina,yes,0,Janina,144,ragusa
491,Unowned,Unowned,Unowned,no,0,0,,0,TaiheiOcean,no,0,TaiheiOcean,1440,
492,Unowned,Unowned,Unowned,no,0,0,,0,TheKuriles,no,0,TheKuriles,1441,
493,Unowned,Unowned,Unowned,no,0,0,,0,BayofUka,no,0,BayofUka,1442,
494,Unowned,Unowned,Unowned,no,0,0,,0,BayofOljut,no,0,BayofOljut,1443,
495,Unowned,Unowned,Unowned,no,0,0,,0,BayofAnadyr,no,0,BayofAnadyr,1444,
496,Unowned,Unowned,Unowned,no,0,0,,0,BeringSea,no,0,BeringSea,1445,
497,Unowned,Unowned,Unowned,no,0,0,,0,HornofAfrica,no,0,HornofAfrica,1446,
498,Unowned,Unowned,Unowned,no,0,0,,0,CoastofPepper,no,0,CoastofPepper,1447,
499,Unowned,Unowned,Unowned,no,0,0,,0,ZanzibarStrait,no,0,ZanzibarStrait,1448,zanzibar
500,Unowned,Unowned,Unowned,no,0,0,,0,MozambiqueChannel,no,0,MozambiqueChannel,1449,
501,BYZ,greek,orthodox,no,3,2,wine,1,Mystras,yes,0,Morea,145,ragusa
502,Unowned,Unowned,Unowned,no,0,0,,0,DiegoSuarezBay,no,0,DiegoSuarezBay,1450,
503,Unowned,Unowned,Unowned,no,0,0,,0,WesternArabianSea,no,0,WesternArabianSea,1451,
504,Unowned,Unowned,Unowned,no,0,0,,0,EasternArabianSea,no,0,EasternArabianSea,1452,
505,Unowned,Unowned,Unowned,no,0,0,,0,TheSeychelles,no,0,TheSeychelles,1453,
506,Unowned,Unowned,Unowned,no,0,0,,0,CoastofTamatave,no,0,CoastofTamatave,1454,
507,Unowned,Unowned,Unowned,no,0,0,,0,TheMascareignes,no,0,TheMascareignes,1455,
508,Unowned,Unowned,Unowned,no,0,0,,0,GulfofZambeze,no,0,GulfofZambeze,1456,
509,Unowned,Unowned,Unowned,no,0,0,,0,CoastofNatal,no,0,CoastofNatal,1457,
510,Unowned,Unowned,Unowned,no,0,0,,0,CoastofTranskei,no,0,CoastofTranskei,1458,
511,Unowned,Unowned,Unowned,no,0,0,,0,CoastofCiskei,no,0,CoastofCiskei,1459,
512,VEN,greek,orthodox,no,4,4,grain,3,Athens,yes,1,Athens,146,ragusa
513,Unowned,Unowned,Unowned,no,0,0,,0,CapeofGoodHope,no,0,CapeofGoodHope,1460,cape_of_good_hope
514,Unowned,Unowned,Unowned,no,0,0,,0,CoastofNamibia,no,0,CoastofNamibia,1461,
515,Unowned,Unowned,Unowned,no,0,0,,0,CoastofAngola,no,0,CoastofAngola,1462,
516,Unowned,Unowned,Unowned,no,0,0,,0,GulfofKongo,no,0,GulfofKongo,1463,
517,Unowned,Unowned,Unowned,no,0,0,,0,CoastofCameroon,no,0,CoastofCameroon,1464,
518,Unowned,Unowned,Unowned,no,0,0,,0,GulfofNigeria,no,0,GulfofNigeria,1465,
519,Unowned,Unowned,Unowned,no,0,0,,0,IvoryCoast,no,0,IvoryCoast,1466,ivory_coast
520,Unowned,Unowned,Unowned,no,0,0,,0,GoldCoast,no,0,GoldCoast,1467,
521,Unowned,Unowned,Unowned,no,0,0,,0,CoastofGamvia,no,0,CoastofGamvia,1468,
522,Unowned,Unowned,Unowned,no,0,0,,0,CoastofGuinea,no,0,CoastofGuinea,1469,
523,TUR,greek,orthodox,no,5,5,wool,2,Trikala,yes,0,Salonica,147,ragusa
524,Unowned,Unowned,Unowned,no,0,0,,0,MaueretanianCoast,no,0,MaueretanianCoast,1470,
525,Unowned,Unowned,Unowned,no,0,0,,0,CanarianSea,no,0,CanarianSea,1471,
526,Unowned,Unowned,Unowned,no,0,0,,0,CoastofMorocco,no,0,CoastofMorocco,1472,
527,Unowned,Unowned,Unowned,no,0,0,,0,JanMayenSea,no,0,JanMayenSea,1473,
528,Unowned,Unowned,Unowned,no,0,0,,0,SpitzbergSea,no,0,SpitzbergSea,1474,
529,Unowned,Unowned,Unowned,no,0,0,,0,IcelandicSea,no,0,IcelandicSea,1475,
530,Unowned,Unowned,Unowned,no,0,0,,0,ShetlandStraits,no,0,ShetlandStraits,1476,
531,Unowned,Unowned,Unowned,no,0,0,,0,CoastofIceland,no,0,CoastofIceland,1477,
532,Unowned,Unowned,Unowned,no,0,0,,0,NortheasternAtlantic,no,0,NortheasternAtlantic,1478,
533,Unowned,Unowned,Unowned,no,0,0,,0,Rockall,no,0,Rockall,1479,
534,TUR,greek,orthodox,no,4,4,cloth,2,Thessaloniki,yes,2,Thessaloniki,148,ragusa
535,Unowned,Unowned,Unowned,no,0,0,,0,DenmarkStrait,no,0,DenmarkStrait,1480,
536,Unowned,Unowned,Unowned,no,0,0,,0,EasternCoastofGreenland,no,0,EasternCoastofGreenland,1481,
537,Unowned,Unowned,Unowned,no,0,0,,0,WesternCoastofGreenland,no,0,WesternCoastofGreenland,1482,
538,Unowned,Unowned,Unowned,no,0,0,,0,LabradorStrait,no,0,LabradorStrait,1483,
539,Unowned,Unowned,Unowned,no,0,0,,0,BaffinBay,no,0,BaffinBay,1484,
540,Unowned,Unowned,Unowned,no,0,0,,0,HudsonStraits,no,0,HudsonStraits,1485,
541,Unowned,Unowned,Unowned,no,0,0,,0,JamesBay,no,0,JamesBay,1486,james_bay
542,Unowned,Unowned,Unowned,no,0,0,,0,WesternHudsonBay,no,0,WesternHudsonBay,1487,
543,Unowned,Unowned,Unowned,no,0,0,,0,EasternHudsonBay,no,0,EasternHudsonBay,1488,
544,Unowned,Unowned,Unowned,no,0,0,,0,FoxeBassin,no,0,FoxeBassin,1489,
545,TUR,greek,orthodox,no,6,5,cloth,3,Edirne,yes,0,Edirne,149,constantinople
546,Unowned,Unowned,Unowned,no,0,0,,0,GulfofSt,no,0,GulfofSt,1490,st_lawrence
547,Unowned,Unowned,Unowned,no,0,0,,0,CabotStrait,no,0,CabotStrait,1491,
548,Unowned,Unowned,Unowned,no,0,0,,0,BayofFundy,no,0,BayofFundy,1492,
549,Unowned,Unowned,Unowned,no,0,0,,0,StraitofBelleIsle,no,0,StraitofBelleIsle,1493,
550,Unowned,Unowned,Unowned,no,0,0,,0,FortuneBay,no,0,FortuneBay,1494,
551,Unowned,Unowned,Unowned,no,0,0,,0,NotreDameBay,no,0,NotreDameBay,1495,
552,Unowned,Unowned,Unowned,no,0,0,,0,LabradorSea,no,0,LabradorSea,1496,
553,Unowned,Unowned,Unowned,no,0,0,,0,GreenlandSea,no,0,GreenlandSea,1497,
554,Unowned,Unowned,Unowned,no,0,0,,0,NorthernAtlantic,no,0,NorthernAtlantic,1498,
555,Unowned,Unowned,Unowned,no,0,0,,0,MasschusettsBay,no,0,MasschusettsBay,1499,
556,DAN,danish,catholic,no,2,2,livestock,1,Ribe,yes,0,Jylland,15,
557,TUR,bulgarian,orthodox,no,2,4,grain,2,Nikopol,yes,0,Tarnovo,150,constantinople
558,Unowned,Unowned,Unowned,no,0,0,,0,ChesapaeakeBay,no,0,ChesapaeakeBay,1500,chesapeake_bay
559,Unowned,Unowned,Unowned,no,0,0,,0,CapeHatteras,no,0,CapeHatteras,1501,
560,Unowned,Unowned,Unowned,no,0,0,,0,CoastofCarolina,no,0,CoastofCarolina,1502,
561,Unowned,Unowned,Unowned,no,0,0,,0,CoastofFlorida,no,0,CoastofFlorida,1503,
562,Unowned,Unowned,Unowned,no,0,0,,0,SeaofSargassos,no,0,SeaofSargassos,1504,
563,Unowned,Unowned,Unowned,no,0,0,,0,FloridaStraits,no,0,FloridaStraits,1505,
564,Unowned,Unowned,Unowned,no,0,0,,0,ApalacheeBay,no,0,ApalacheeBay,1506,
565,Unowned,Unowned,Unowned,no,0,0,,0,MobileBay,no,0,MobileBay,1507,mississippi_river
566,Unowned,Unowned,Unowned,no,0,0,,0,GalvestonBay,no,0,GalvestonBay,1508,
567,Unowned,Unowned,Unowned,no,0,0,,0,TampicoBay,no,0,TampicoBay,1509,
568,BYZ,greek,orthodox,no,8,8,glass,4,Constantinople,yes,2,Constantinople,151,constantinople
569,Unowned,Unowned,Unowned,no,0,0,,0,YucatanSea,no,0,YucatanSea,1510,
570,Unowned,Unowned,Unowned,no,0,0,,0,GulfofMexico,no,0,GulfofMexico,1511,
571,Unowned,Unowned,Unowned,no,0,0,,0,YucatanChannel,no,0,YucatanChannel,1512,
572,Unowned,Unowned,Unowned,no,0,0,,0,BelizeBay,no,0,BelizeBay,1513,
573,Unowned,Unowned,Unowned,no,0,0,,0,MoscitosCoast,no,0,MoscitosCoast,1514,
574,Unowned,Unowned,Unowned,no,0,0,,0,GulfofDarien,no,0,GulfofDarien,1515,
575,Unowned,Unowned,Unowned,no,0,0,,0,JamicaChannel,no,0,JamicaChannel,1516,carribean_trade
576,Unowned,Unowned,Unowned,no,0,0,,0,CentralCarribean,no,0,CentralCarribean,1517,
577,Unowned,Unowned,Unowned,no,0,0,,0,NorthwesternCarribean,no,0,NorthwesternCarribean,1518,
578,Unowned,Unowned,Unowned,no,0,0,,0,VenezualanGulf,no,0,VenezualanGulf,1519,
579,CRO,croatian,catholic,no,3,2,cloth,1,Varazdin,yes,0,Belovar,152,pest
580,Unowned,Unowned,Unowned,no,0,0,,0,VenezuelanSea,no,0,VenezuelanSea,1520,
581,Unowned,Unowned,Unowned,no,0,0,,0,EasternCarribean,no,0,EasternCarribean,1521,
582,Unowned,Unowned,Unowned,no,0,0,,0,WindwardIslands,no,0,WindwardIslands,1522,
583,Unowned,Unowned,Unowned,no,0,0,,0,LesserAntilles,no,0,LesserAntilles,1523,
584,Unowned,Unowned,Unowned,no,0,0,,0,Turks&CaicosSea,no,0,Turks&CaicosSea,1524,
585,Unowned,Unowned,Unowned,no,0,0,,0,CoastofCuba,no,0,CoastofCuba,1525,
586,Unowned,Unowned,Unowned,no,0,0,,0,CoastofHispaniola,no,0,CoastofHispaniola,1526,
587,Unowned,Unowned,Unowned,no,0,0,,0,GuyanaCoast,no,0,GuyanaCoast,1527,
588,Unowned,Unowned,Unowned,no,0,0,,0,BayofBelem,no,0,BayofBelem,1528,
589,Unowned,Unowned,Unowned,no,0,0,,0,AmazonasGulf,no,0,AmazonasGulf,1529,
590,HUN,hungarian,catholic,no,5,4,grain,2,Buda,yes,2,Pest,153,pest
591,Unowned,Unowned,Unowned,no,0,0,,0,CoastofBrazil,no,0,CoastofBrazil,1530,
592,Unowned,Unowned,Unowned,no,0,0,,0,CoastofRecife,no,0,CoastofRecife,1531,brazil
593,Unowned,Unowned,Unowned,no,0,0,,0,CoastofPernambuc,no,0,CoastofPernambuc,1532,
594,Unowned,Unowned,Unowned,no,0,0,,0,TodosSantosBay,no,0,TodosSantosBay,1533,
595,Unowned,Unowned,Unowned,no,0,0,,0,RioDeJaneiro,no,0,RioDeJaneiro,1534,
596,Unowned,Unowned,Unowned,no,0,0,,0,BaiaParangua,no,0,BaiaParangua,1535,
597,Unowned,Unowned,Unowned,no,0,0,,0,RioDeLaPlata,no,0,RioDeLaPlata,1536,laplata
598,Unowned,Unowned,Unowned,no,0,0,,0,BahiaBlanca,no,0,BahiaBlanca,1537,
599,Unowned,Unowned,Unowned,no,0,0,,0,CoastofPatagonia,no,0,CoastofPatagonia,1538,
600,Unowned,Unowned,Unowned,no,0,0,,0,MagellanStrait,no,0,MagellanStrait,1539,
601,HUN,slovak,catholic,no,3,3,,2,Hont,yes,0,Hont,154,pest
602,Unowned,Unowned,Unowned,no,0,0,,0,SouthChileanCoast,no,0,SouthChileanCoast,1540,
603,Unowned,Unowned,Unowned,no,0,0,,0,CoastofChile,no,0,CoastofChile,1541,
604,Unowned,Unowned,Unowned,no,0,0,,0,AtacamaCoast,no,0,AtacamaCoast,1542,
605,Unowned,Unowned,Unowned,no,0,0,,0,AricaGulf,no,0,AricaGulf,1543,
606,Unowned,Unowned,Unowned,no,0,0,,0,ArequipaBay,no,0,ArequipaBay,1544,
607,Unowned,Unowned,Unowned,no,0,0,,0,CoastofPeru,no,0,CoastofPeru,1545,
608,Unowned,Unowned,Unowned,no,0,0,,0,GuayaguilBay,no,0,GuayaguilBay,1546,
609,Unowned,Unowned,Unowned,no,0,0,,0,CoastofEcuador,no,0,CoastofEcuador,1547,
610,Unowned,Unowned,Unowned,no,0,0,,0,GulfofPanama,no,0,GulfofPanama,1548,
611,Unowned,Unowned,Unowned,no,0,0,,0,BayofCostaRica,no,0,BayofCostaRica,1549,
612,HUN,hungarian,catholic,no,2,2,wine,2,Gyula,yes,0,Bekes,155,pest
613,Unowned,Unowned,Unowned,no,0,0,,0,AcapulcoBay,no,0,AcapulcoBay,1550,
614,Unowned,Unowned,Unowned,no,0,0,,0,ManzazillaBay,no,0,ManzazillaBay,1551,mexico
615,Unowned,Unowned,Unowned,no,0,0,,0,MazatlanBay,no,0,MazatlanBay,1552,
616,Unowned,Unowned,Unowned,no,0,0,,0,GulfofCalifornia,no,0,GulfofCalifornia,1553,
617,Unowned,Unowned,Unowned,no,0,0,,0,CoastofBaja,no,0,CoastofBaja,1554,
618,Unowned,Unowned,Unowned,no,0,0,,0,CoastofCalifornia,no,0,CoastofCalifornia,1555,
619,Unowned,Unowned,Unowned,no,0,0,,0,SantaCatalinaIslands,no,0,SantaCatalinaIslands,1556,
620,Unowned,Unowned,Unowned,no,0,0,,0,CoastofOregon,no,0,CoastofOregon,1557,
621,Unowned,Unowned,Unowned,no,0,0,,0,CoastofColumbia,no,0,CoastofColumbia,1558,
622,Unowned,Unowned,Unowned,no,0,0,,0,HecateStrait,no,0,HecateStrait,1559,
623,HUN,transylvanian,catholic,no,3,3,wool,2,Temesvár,yes,0,Temes,156,pest
624,Unowned,Unowned,Unowned,no,0,0,,0,GulfofAlaska,no,0,GulfofAlaska,1560,
625,Unowned,Unowned,Unowned,no,0,0,,0,CoastofAlaska,no,0,CoastofAlaska,1561,
626,Unowned,Unowned,Unowned,no,0,0,,0,KuskowimBay,no,0,KuskowimBay,1562,
627,Unowned,Unowned,Unowned,no,0,0,,0,HattonBank,no,0,HattonBank,1563,
628,Unowned,Unowned,Unowned,no,0,0,,0,EasternGibbsFracture,no,0,EasternGibbsFracture,1564,
629,Unowned,Unowned,Unowned,no,0,0,,0,WesternGibbsFracture,no,0,WesternGibbsFracture,1565,
630,Unowned,Unowned,Unowned,no,0,0,,0,IberianShelf,no,0,IberianShelf,1566,
631,Unowned,Unowned,Unowned,no,0,0,,0,SeaofAzores,no,0,SeaofAzores,1567,
632,Unowned,Unowned,Unowned,no,0,0,,0,CornerSeamounts,no,0,CornerSeamounts,1568,
633,Unowned,Unowned,Unowned,no,0,0,,0,NewEnglandSeamounts,no,0,NewEnglandSeamounts,1569,
634,HUN,transylvanian,orthodox,no,2,2,naval_supplies,1,Oradea,yes,0,Bihar,157,pest
635,Unowned,Unowned,Unowned,no,0,0,,0,SableIslandBank,no,0,SableIslandBank,1570,
636,Unowned,Unowned,Unowned,no,0,0,,0,BlakePlataeu,no,0,BlakePlataeu,1571,
637,Unowned,Unowned,Unowned,no,0,0,,0,WestBermudaSea,no,0,WestBermudaSea,1572,
638,Unowned,Unowned,Unowned,no,0,0,,0,EastBermudaSea,no,0,EastBermudaSea,1573,
639,Unowned,Unowned,Unowned,no,0,0,,0,SomeFunnySeaname,no,0,SomeFunnySeaname,1574,
640,Unowned,Unowned,Unowned,no,0,0,,0,NorthernGuianaBasin,no,0,NorthernGuianaBasin,1575,
641,Unowned,Unowned,Unowned,no,0,0,,0,GuianaBasin,no,0,GuianaBasin,1576,
642,Unowned,Unowned,Unowned,no,0,0,,0,SouthernGuianaBasin,no,0,SouthernGuianaBasin,1577,
643,Unowned,Unowned,Unowned,no,0,0,,0,CanaryApproach,no,0,CanaryApproach,1578,
644,Unowned,Unowned,Unowned,no,0,0,,0,CapVerdeApproach,no,0,CapVerdeApproach,1579,
645,HUN,Unowned,catholic,no,3,3,wool,2,Maros,yes,0,Maros,158,pest
646,Unowned,Unowned,Unowned,no,0,0,,0,CentralAtlantic1,no,0,CentralAtlantic1,1580,
647,Unowned,Unowned,Unowned,no,0,0,,0,CentralAtlantic2,no,0,CentralAtlantic2,1581,
648,Unowned,Unowned,Unowned,no,0,0,,0,CentralAtlantic3,no,0,CentralAtlantic3,1582,
649,Unowned,Unowned,Unowned,no,0,0,,0,CentralAtlantic4,no,0,CentralAtlantic4,1583,
650,Unowned,Unowned,Unowned,no,0,0,,0,RomancheGap,no,0,RomancheGap,1584,
651,Unowned,Unowned,Unowned,no,0,0,,0,EastGuineaBasin,no,0,EastGuineaBasin,1585,
652,Unowned,Unowned,Unowned,no,0,0,,0,WestGuineaBasin,no,0,WestGuineaBasin,1586,
653,Unowned,Unowned,Unowned,no,0,0,,0,CoastofFalklands,no,0,CoastofFalklands,1587,
654,Unowned,Unowned,Unowned,no,0,0,,0,NewGeorgiaIslands,no,0,NewGeorgiaIslands,1588,
655,Unowned,Unowned,Unowned,no,0,0,,0,WesternAtlantic1,no,0,WesternAtlantic1,1589,
656,TUR,bulgarian,orthodox,no,2,2,fish,2,Silistra,yes,0,Silistria,159,constantinople
657,Unowned,Unowned,Unowned,no,0,0,,0,WesternAtlantic2,no,0,WesternAtlantic2,1590,
658,Unowned,Unowned,Unowned,no,0,0,,0,WesternAtlantic3,no,0,WesternAtlantic3,1591,
659,Unowned,Unowned,Unowned,no,0,0,,0,WesternAtlantic4,no,0,WesternAtlantic4,1592,
660,Unowned,Unowned,Unowned,no,0,0,,0,WesternAtlantic5,no,0,WesternAtlantic5,1593,
661,Unowned,Unowned,Unowned,no,0,0,,0,WesternAtlantic6,no,0,WesternAtlantic6,1594,
662,Unowned,Unowned,Unowned,no,0,0,,0,EastofMagellans,no,0,EastofMagellans,1595,
663,Unowned,Unowned,Unowned,no,0,0,,0,CentralAtlantic5,no,0,CentralAtlantic5,1596,
664,Unowned,Unowned,Unowned,no,0,0,,0,CentralAtlantic6,no,0,CentralAtlantic6,1597,
665,Unowned,Unowned,Unowned,no,0,0,,0,CentralAtlantic7,no,0,CentralAtlantic7,1598,
666,Unowned,Unowned,Unowned,no,0,0,,0,CentralAtlantic8,no,0,CentralAtlantic8,1599,
667,NOR,norwegian,catholic,no,2,2,fish,2,Marstrand,yes,0,Bohuslan,16,
668,WAL,romanian,orthodox,no,3,3,copper,2,Craiova,yes,0,Oltenia,160,pest
669,Unowned,Unowned,Unowned,no,0,0,,0,EasternAtlantic1,no,0,EasternAtlantic1,1600,
670,Unowned,Unowned,Unowned,no,0,0,,0,EasternAtlantic2,no,0,EasternAtlantic2,1601,
671,Unowned,Unowned,Unowned,no,0,0,,0,EasternAtlantic3,no,0,EasternAtlantic3,1602,
672,Unowned,Unowned,Unowned,no,0,0,,0,EasternAtlantic4,no,0,EasternAtlantic4,1603,
673,Unowned,Unowned,Unowned,no,0,0,,0,EasternAtlantic5,no,0,EasternAtlantic5,1604,
674,Unowned,Unowned,Unowned,no,0,0,,0,EasternAtlantic6,no,0,EasternAtlantic6,1605,
675,Unowned,Unowned,Unowned,no,0,0,,0,SouthernAtlantic1,no,0,SouthernAtlantic1,1606,
676,Unowned,Unowned,Unowned,no,0,0,,0,SouthernAtlantic2,no,0,SouthernAtlantic2,1607,
677,Unowned,Unowned,Unowned,no,0,0,,0,SouthernAtlantic3,no,0,SouthernAtlantic3,1608,
678,Unowned,Unowned,Unowned,no,0,0,,0,SouthernAtlantic4,no,0,SouthernAtlantic4,1609,
679,WAL,romanian,orthodox,no,5,5,livestock,3,Tîrgoviste,yes,1,Tirgoviste,161,pest
680,Unowned,Unowned,Unowned,no,0,0,,0,CapeofStorms,no,0,CapeofStorms,1610,
681,Unowned,Unowned,Unowned,no,0,0,,0,GulfofBengal,no,0,GulfofBengal,1611,
682,Unowned,Unowned,Unowned,no,0,0,,0,NorthenBayofBengal,no,0,NorthenBayofBengal,1612,
683,Unowned,Unowned,Unowned,no,0,0,,0,SouthernBayofBengal,no,0,SouthernBayofBengal,1613,
684,Unowned,Unowned,Unowned,no,0,0,,0,CeylonSea,no,0,CeylonSea,1614,
685,Unowned,Unowned,Unowned,no,0,0,,0,CoastofMaldives,no,0,CoastofMaldives,1615,
686,Unowned,Unowned,Unowned,no,0,0,,0,IndianOcean1,no,0,IndianOcean1,1616,
687,Unowned,Unowned,Unowned,no,0,0,,0,IndianOcean2,no,0,IndianOcean2,1617,
688,Unowned,Unowned,Unowned,no,0,0,,0,IndianOcean3,no,0,IndianOcean3,1618,
689,Unowned,Unowned,Unowned,no,0,0,,0,IndianOcean4,no,0,IndianOcean4,1619,
690,HUN,slovak,catholic,no,3,2,grain,2,Kassa,yes,0,Zemplen,162,pest
691,Unowned,Unowned,Unowned,no,0,0,,0,IndianOcean5,no,0,IndianOcean5,1620,
692,Unowned,Unowned,Unowned,no,0,0,,0,IndianOcean6,no,0,IndianOcean6,1621,
693,Unowned,Unowned,Unowned,no,0,0,,0,IndianOcean7,no,0,IndianOcean7,1622,
694,Unowned,Unowned,Unowned,no,0,0,,0,IndianOcean8,no,0,IndianOcean8,1623,
695,Unowned,Unowned,Unowned,no,0,0,,0,IndianOcean9,no,0,IndianOcean9,1624,
696,Unowned,Unowned,Unowned,no,0,0,,0,IndianOcean10,no,0,IndianOcean10,1625,
697,Unowned,Unowned,Unowned,no,0,0,,0,IndianOcean11,no,0,IndianOcean11,1626,
698,Unowned,Unowned,Unowned,no,0,0,,0,IndianOcean12,no,0,IndianOcean12,1627,
699,Unowned,Unowned,Unowned,no,0,0,,0,IndianOcean13,no,0,IndianOcean13,1628,
700,Unowned,Unowned,Unowned,no,0,0,,0,IndianOcean14,no,0,IndianOcean14,1629,
701,VEN,greek,orthodox,no,5,5,fish,3,Heraklion,yes,0,Crete,163,ragusa
702,Unowned,Unowned,Unowned,no,0,0,,0,IndianOcean15,no,0,IndianOcean15,1630,
703,Unowned,Unowned,Unowned,no,0,0,,0,IndianOcean16,no,0,IndianOcean16,1631,
704,Unowned,Unowned,Unowned,no,0,0,,0,IndianOcean17,no,0,IndianOcean17,1632,
705,Unowned,Unowned,Unowned,no,0,0,,0,IndianOcean18,no,0,IndianOcean18,1633,
706,Unowned,Unowned,Unowned,no,0,0,,0,IndianOcean19,no,0,IndianOcean19,1634,
707,Unowned,Unowned,Unowned,no,0,0,,0,IndianOcean20,no,0,IndianOcean20,1635,
708,Unowned,Unowned,Unowned,no,0,0,,0,IndianOcean21,no,0,IndianOcean21,1636,
709,Unowned,Unowned,Unowned,no,0,0,,0,IndianOcean22,no,0,IndianOcean22,1637,
710,Unowned,Unowned,Unowned,no,0,0,,0,IndianOcean23,no,0,IndianOcean23,1638,
711,Unowned,Unowned,Unowned,no,0,0,,0,IndianOcean24,no,0,IndianOcean24,1639,
712,NAX,greek,orthodox,no,2,2,wine,2,Naxos,yes,0,Naxos,164,constantinople
713,Unowned,Unowned,Unowned,no,0,0,,0,IndianOcean25,no,0,IndianOcean25,1640,
714,Unowned,Unowned,Unowned,no,0,0,,0,IndianOcean26,no,0,IndianOcean26,1641,
715,Unowned,Unowned,Unowned,no,0,0,,0,IndianOcean27,no,0,IndianOcean27,1642,
716,Unowned,Unowned,Unowned,no,0,0,,0,IndianOcean28,no,0,IndianOcean28,1643,
717,Unowned,Unowned,Unowned,no,0,0,,0,IndianOcean29,no,0,IndianOcean29,1644,
718,Unowned,Unowned,Unowned,no,0,0,,0,IndianOcean30,no,0,IndianOcean30,1645,
719,Unowned,Unowned,Unowned,no,0,0,,0,IndianOcean31,no,0,IndianOcean31,1646,
720,Unowned,Unowned,Unowned,no,0,0,,0,IndianOcean32,no,0,IndianOcean32,1647,
721,Unowned,Unowned,Unowned,no,0,0,,0,LakeTchad,no,0,LakeTchad,1648,
722,Unowned,Unowned,Unowned,no,0,0,,0,LakeVictoria,no,0,LakeVictoria,1649,african_great_lakes
723,SWI,swiss,catholic,yes,5,5,iron,3,Bern,yes,1,Bern,165,champagne
724,Unowned,Unowned,Unowned,no,0,0,,0,LakeTangayika,no,0,LakeTangayika,1650,
725,Unowned,Unowned,Unowned,no,0,0,,0,LakeMalawi,no,0,LakeMalawi,1651,
726,Unowned,Unowned,Unowned,no,0,0,,0,LakeKama,no,0,LakeKama,1652,white_sea
727,Unowned,Unowned,Unowned,no,0,0,,0,LakeBalchasj,no,0,LakeBalchasj,1653,
728,Unowned,Unowned,Unowned,no,0,0,,0,LakeBajkal,no,0,LakeBajkal,1654,
729,Unowned,Unowned,Unowned,no,0,0,,0,PoyangLake,no,0,PoyangLake,1655,
730,Unowned,Unowned,Unowned,no,0,0,,0,LakeTiticaca,no,0,LakeTiticaca,1656,
731,Unowned,Unowned,Unowned,no,0,0,,0,LakeNicaragua,no,0,LakeNicaragua,1657,
732,Unowned,Unowned,Unowned,no,0,0,,0,Everglades,no,0,Everglades,1658,
733,Unowned,Unowned,Unowned,no,0,0,,0,LakeOntario,no,0,LakeOntario,1659,
734,SWI,swiss,catholic,yes,4,4,iron,2,Schwyz,yes,0,Schwyz,166,
735,Unowned,Unowned,Unowned,no,0,0,,0,LakeErie,no,0,LakeErie,1660,
736,Unowned,Unowned,Unowned,no,0,0,,0,LakeHuron,no,0,LakeHuron,1661,
737,Unowned,Unowned,Unowned,no,0,0,,0,LakeMichigan,no,0,LakeMichigan,1662,
738,Unowned,Unowned,Unowned,no,0,0,,0,LakeSuperior,no,0,LakeSuperior,1663,
739,Unowned,Unowned,Unowned,no,0,0,,0,LakeNipigon,no,0,LakeNipigon,1664,
740,Unowned,Unowned,Unowned,no,0,0,,0,LakeWinnipeg,no,0,LakeWinnipeg,1665,
741,Unowned,Unowned,Unowned,no,0,0,,0,WesternPacific1,no,0,WesternPacific1,1666,
742,Unowned,Unowned,Unowned,no,0,0,,0,WesternPacific2,no,0,WesternPacific2,1667,
743,Unowned,Unowned,Unowned,no,0,0,,0,WesternPacific3,no,0,WesternPacific3,1668,
744,Unowned,Unowned,Unowned,no,0,0,,0,WesternPacific4,no,0,WesternPacific4,1669,
745,FRA,normand,catholic,no,4,4,glass,4,Rouen,yes,0,Caux,167,english_channel
746,Unowned,Unowned,Unowned,no,0,0,,0,WesternPacific5,no,0,WesternPacific5,1670,
747,Unowned,Unowned,Unowned,no,0,0,,0,WesternPacific6,no,0,WesternPacific6,1671,
748,Unowned,Unowned,Unowned,no,0,0,,0,WesternPacific7,no,0,WesternPacific7,1672,
749,Unowned,Unowned,Unowned,no,0,0,,0,WesternPacific8,no,0,WesternPacific8,1673,
750,Unowned,Unowned,Unowned,no,0,0,,0,WesternPacific9,no,0,WesternPacific9,1674,
751,Unowned,Unowned,Unowned,no,0,0,,0,WesternPacific10,no,0,WesternPacific10,1675,
752,Unowned,Unowned,Unowned,no,0,0,,0,WesternPacific11,no,0,WesternPacific11,1676,
753,Unowned,Unowned,Unowned,no,0,0,,0,NorthernPacific1,no,0,NorthernPacific1,1677,
754,Unowned,Unowned,Unowned,no,0,0,,0,NorthernPacific2,no,0,NorthernPacific2,1678,
755,Unowned,Unowned,Unowned,no,0,0,,0,NorthernPacific3,no,0,NorthernPacific3,1679,
756,FRA,normand,catholic,no,4,4,cloth,4,Caen,yes,0,Normandie,168,english_channel
757,Unowned,Unowned,Unowned,no,0,0,,0,NorthernPacific4,no,0,NorthernPacific4,1680,
758,Unowned,Unowned,Unowned,no,0,0,,0,NorthernPacific5,no,0,NorthernPacific5,1681,
759,Unowned,Unowned,Unowned,no,0,0,,0,NorthernPacific6,no,0,NorthernPacific6,1682,
760,Unowned,Unowned,Unowned,no,0,0,,0,NorthernPacific7,no,0,NorthernPacific7,1683,
761,Unowned,Unowned,Unowned,no,0,0,,0,NorthernPacific8,no,0,NorthernPacific8,1684,
762,Unowned,Unowned,Unowned,no,0,0,,0,NorthernPacific9,no,0,NorthernPacific9,1685,
763,Unowned,Unowned,Unowned,no,0,0,,0,NorthernPacific10,no,0,NorthernPacific10,1686,
764,Unowned,Unowned,Unowned,no,0,0,,0,CentralPacific1,no,0,CentralPacific1,1687,
765,Unowned,Unowned,Unowned,no,0,0,,0,CentralPacific2,no,0,CentralPacific2,1688,
766,Unowned,Unowned,Unowned,no,0,0,,0,CentralPacific3,no,0,CentralPacific3,1689,
767,BRI,breton,catholic,no,4,4,cloth,4,Saint-Malo,yes,0,Armor,169,bordeaux
768,Unowned,Unowned,Unowned,no,0,0,,0,CentralPacific4,no,0,CentralPacific4,1690,
769,Unowned,Unowned,Unowned,no,0,0,,0,CentralPacific5,no,0,CentralPacific5,1691,
770,Unowned,Unowned,Unowned,no,0,0,,0,CentralPacific6,no,0,CentralPacific6,1692,
771,Unowned,Unowned,Unowned,no,0,0,,0,CentralPacific7,no,0,CentralPacific7,1693,
772,Unowned,Unowned,Unowned,no,0,0,,0,CentralPacific8,no,0,CentralPacific8,1694,
773,Unowned,Unowned,Unowned,no,0,0,,0,CentralPacific9,no,0,CentralPacific9,1695,
774,Unowned,Unowned,Unowned,no,0,0,,0,CentralPacific10,no,0,CentralPacific10,1696,
775,Unowned,Unowned,Unowned,no,0,0,,0,CoastofHawaii,no,0,CoastofHawaii,1697,
776,Unowned,Unowned,Unowned,no,0,0,,0,CentralPacific11,no,0,CentralPacific11,1698,
777,Unowned,Unowned,Unowned,no,0,0,,0,CentralPacific12,no,0,CentralPacific12,1699,
778,NOR,norwegian,catholic,no,3,3,fish,2,Oslo,yes,1,Akershus,17,
779,BRI,breton,catholic,no,3,3,naval_supplies,4,Brest,yes,1,Finistere,170,bordeaux
780,Unowned,Unowned,Unowned,no,0,0,,0,EasternPacific1,no,0,EasternPacific1,1700,
781,Unowned,Unowned,Unowned,no,0,0,,0,EasternPacific2,no,0,EasternPacific2,1701,
782,Unowned,Unowned,Unowned,no,0,0,,0,EasternPacific3,no,0,EasternPacific3,1702,
783,Unowned,Unowned,Unowned,no,0,0,,0,EasternPacific4,no,0,EasternPacific4,1703,
784,Unowned,Unowned,Unowned,no,0,0,,0,EasternPacific5,no,0,EasternPacific5,1704,
785,Unowned,Unowned,Unowned,no,0,0,,0,EasternPacific6,no,0,EasternPacific6,1705,
786,Unowned,Unowned,Unowned,no,0,0,,0,EasternPacific7,no,0,EasternPacific7,1706,
787,Unowned,Unowned,Unowned,no,0,0,,0,EasternPacific8,no,0,EasternPacific8,1707,
788,Unowned,Unowned,Unowned,no,0,0,,0,EasternPacific9,no,0,EasternPacific9,1708,
789,Unowned,Unowned,Unowned,no,0,0,,0,EasternPacific10,no,0,EasternPacific10,1709,
790,BRI,breton,catholic,no,3,3,fish,3,Vannes,yes,0,Vannetais,171,bordeaux
791,Unowned,Unowned,Unowned,no,0,0,,0,EasternPacific11,no,0,EasternPacific11,1710,
792,Unowned,Unowned,Unowned,no,0,0,,0,EasternPacific12,no,0,EasternPacific12,1711,
793,Unowned,Unowned,Unowned,no,0,0,,0,EasternPacific13,no,0,EasternPacific13,1712,
794,Unowned,Unowned,Unowned,no,0,0,,0,EasternPacific14,no,0,EasternPacific14,1713,
795,Unowned,Unowned,Unowned,no,0,0,,0,EasternPacific15,no,0,EasternPacific15,1714,
796,Unowned,Unowned,Unowned,no,0,0,,0,EasternPacific16,no,0,EasternPacific16,1715,
797,Unowned,Unowned,Unowned,no,0,0,,0,EasternPacific17,no,0,EasternPacific17,1716,
798,Unowned,Unowned,Unowned,no,0,0,,0,SouthernPacific1,no,0,SouthernPacific1,1717,
799,Unowned,Unowned,Unowned,no,0,0,,0,SouthernPacific2,no,0,SouthernPacific2,1718,
800,Unowned,Unowned,Unowned,no,0,0,,0,SouthernPacific3,no,0,SouthernPacific3,1719,
801,BRI,breton,catholic,no,4,4,salt,4,Nantes,yes,0,Vendee,172,bordeaux
802,Unowned,Unowned,Unowned,no,0,0,,0,SouthernPacific4,no,0,SouthernPacific4,1720,
803,Unowned,Unowned,Unowned,no,0,0,,0,SouthernPacific5,no,0,SouthernPacific5,1721,
804,Unowned,Unowned,Unowned,no,0,0,,0,SouthernPacific6,no,0,SouthernPacific6,1722,
805,Unowned,Unowned,Unowned,no,0,0,,0,SouthernPacific7,no,0,SouthernPacific7,1723,
806,Unowned,Unowned,Unowned,no,0,0,,0,SouthernPacific8,no,0,SouthernPacific8,1724,
807,Unowned,Unowned,Unowned,no,0,0,,0,SouthernPacific9,no,0,SouthernPacific9,1725,
808,Unowned,Unowned,Unowned,no,0,0,,0,SouthernPacific10,no,0,SouthernPacific10,1726,
809,Unowned,Unowned,Unowned,no,0,0,,0,SouthernPacific11,no,0,SouthernPacific11,1727,
810,Unowned,Unowned,Unowned,no,0,0,,0,SouthernPacific12,no,0,SouthernPacific12,1728,
811,Unowned,Unowned,Unowned,no,0,0,,0,SouthernPacific13,no,0,SouthernPacific13,1729,
812,ENG,basque,catholic,no,3,3,wine,4,Bayonne,yes,0,Labourd,173,bordeaux
813,Unowned,Unowned,Unowned,no,0,0,,0,SouthernPacific14,no,0,SouthernPacific14,1730,
814,Unowned,Unowned,Unowned,no,0,0,,0,SouthernPacific15,no,0,SouthernPacific15,1731,
815,Unowned,Unowned,Unowned,no,0,0,,0,SouthernPacific16,no,0,SouthernPacific16,1732,
816,Unowned,Unowned,Unowned,no,0,0,,0,SouthernPacific17,no,0,SouthernPacific17,1733,
817,Unowned,Unowned,Unowned,no,0,0,,0,SouthernPacific18,no,0,SouthernPacific18,1734,
818,Unowned,Unowned,Unowned,no,0,0,,0,SouthernPacific19,no,0,SouthernPacific19,1735,
819,Unowned,Unowned,Unowned,no,0,0,,0,SouthernPacific20,no,0,SouthernPacific20,1736,
820,Unowned,Unowned,Unowned,no,0,0,,0,SouthernPacific22,no,0,SouthernPacific22,1737,
821,Unowned,Unowned,Unowned,no,0,0,,0,SouthernPacific23,no,0,SouthernPacific23,1738,
822,Unowned,Unowned,Unowned,no,0,0,,0,SouthernPacific24,no,0,SouthernPacific24,1739,
823,ENG,gascon,catholic,no,8,8,wine,5,Bordeaux,yes,1,Gascogne,174,bordeaux
824,Unowned,Unowned,Unowned,no,0,0,,0,SouthernPacific25,no,0,SouthernPacific25,1740,
825,Unowned,Unowned,Unowned,no,0,0,,0,SouthernPacific26,no,0,SouthernPacific26,1741,
826,GEL,flemish,catholic,yes,5,5,cloth,4,Roermond,yes,0,Limburg,1742,english_channel
827,BUR,wallonian,catholic,yes,5,5,grain,2,Cambray,yes,0,Cambray,1743,english_channel
828,BRB,flemish,catholic,yes,8,8,glass,3,Antwerp,yes,2,Antwerpen,1744,english_channel
829,SPA,castillian,catholic,no,3,3,naval_supplies,3,Santander,yes,1,Cantabria,1745,sevilla
830,SPA,castillian,catholic,no,3,3,cloth,2,Burgos,yes,1,Burgos,1746,sevilla
831,SPA,leonese,catholic,no,2,2,wool,2,Caceres,yes,0,Caceres,1747,sevilla
832,SPA,andalucian,catholic,no,3,4,wool,2,Jaén,yes,0,LaMancha,1748,sevilla
833,SPA,andalucian,catholic,no,5,4,naval_supplies,3,Cadiz,yes,1,Cadiz,1749,sevilla
834,FRA,gascon,catholic,no,5,5,wool,5,Auch,yes,0,Armagnac,175,bordeaux
835,SPA,catalan,catholic,no,3,3,salt,3,Alàcant,yes,0,Alicante,1750,valencia
836,MOR,moroccan,sunni,no,3,3,fish,1,Cebta,yes,0,Ceuta,1751,sevilla
837,MOS,russian,orthodox,no,5,5,grain,3,Rzhev,yes,0,Rzhev,1752,
838,MOS,russian,orthodox,no,3,3,cloth,3,Kostroma,yes,0,Kostroma,1753,
839,MOS,russian,orthodox,no,4,4,grain,4,Murom,yes,0,Orel,1754,
840,Unowned,russian,orthodox,no,2,2,fur,1,Ustyug,yes,0,Ustyug,1755,white_sea
841,MOL,romanian,orthodox,no,5,4,wool,2,Kilia,yes,0,Budjak,1756,crimea
842,PAL,bavarian,catholic,yes,3,3,iron,3,Oberpfalz,yes,0,Oberpfalz,1757,
843,BRU,lower_saxon,catholic,yes,4,4,cloth,4,Hannover,yes,0,Hannover,1758,
844,BRA,saxon,catholic,yes,3,3,wool,2,Potsdam,yes,0,Potsdam,1759,
845,FRA,gascon,catholic,no,4,4,wool,4,Pau,yes,0,Bearn,176,bordeaux
846,TRI,hessian,catholic,yes,4,4,grain,2,Koblenz,yes,0,Koblenz,1760,
847,PAL,hessian,catholic,yes,4,4,wine,2,Worms,yes,0,Pfalz,1761,
848,HES,hessian,catholic,yes,5,5,glass,3,Kassel,yes,0,Kassel,1762,
849,BOH,sorbian,catholic,yes,2,2,livestock,1,Chotebuz,yes,0,Niederlausitz,1763,
850,TUR,bulgarian,orthodox,no,2,2,salt,1,Burgas,yes,0,Burgas,1764,constantinople
851,TUR,bulgarian,orthodox,no,4,4,iron,2,Sofia,yes,0,Nis,1765,constantinople
852,SER,serbian,orthodox,no,3,3,,2,Pristina,yes,0,Kosovo,1766,ragusa
853,CRO,croatian,catholic,no,2,2,livestock,2,Osijek,yes,0,Veroce,1767,pest
854,HAB,austrian,catholic,yes,4,3,iron,2,Lienz,yes,0,Lienz,1768,
855,HAB,slovene,catholic,yes,4,4,iron,2,Gorizia,yes,0,Gorz,1769,venice
856,ENG,cosmopolitan_french,catholic,no,6,6,cloth,4,Maine,yes,0,Maine,177,bordeaux
857,HAB,austrian,catholic,yes,3,3,wine,4,Krems,yes,0,Ostmarch,1770,
858,BOH,czech,catholic,yes,4,5,glass,2,Litomerice,yes,0,Erz,1771,
859,HUN,slovak,catholic,no,5,5,grain,3,Pressburg,yes,1,Pozsony,1772,pest
860,ACH,greek,orthodox,no,2,3,wine,1,Nafplio,yes,0,Achaea,1773,ragusa
861,VEN,venetian,catholic,no,7,7,paper,4,Treviso,no,0,Treviso,1774,venice
862,SHL,lower_saxon,catholic,yes,4,4,livestock,2,Kiel,yes,1,Holstein,1775,
863,NOV,karelian,orthodox,no,1,1,salt,1,Kem,yes,0,Karelia,1776,white_sea
864,NOV,sapmi,orthodox,no,1,1,fur,1,Kola,yes,0,Kola,1777,white_sea
865,MOS,mishary,sunni,no,4,4,livestock,5,Kasimov,yes,0,Kasimov,1778,
866,Unowned,Unowned,Unowned,no,0,0,,0,RubalKhali,no,0,RubalKhali,1779,gulf_of_aden
867,PRO,cosmopolitan_french,catholic,no,5,5,cloth,5,Angers,yes,0,Anjou,178,bordeaux
868,RUS,samoyed,orthodox,no,2,2,fur,1,Yarensk,yes,0,Komi,1780,siberia
869,Unowned,Unowned,Unowned,no,0,0,,0,WesternSiberia,no,0,WesternSiberia,1781,siberia
870,Unowned,Unowned,Unowned,no,0,0,,0,CentralSiberia,no,0,CentralSiberia,1782,siberia
871,Unowned,Unowned,Unowned,no,0,0,,0,EasternSiberia,no,0,EasternSiberia,1783,girin
872,Unowned,Unowned,Unowned,no,0,0,,0,TiamShan,no,0,TiamShan,1784,yumen
873,Unowned,Unowned,Unowned,no,0,0,,0,Karakoram,no,0,Karakoram,1785,lahore
874,Unowned,Unowned,Unowned,no,0,0,,0,TaklaMakan,no,0,TaklaMakan,1786,yumen
875,Unowned,Unowned,Unowned,no,0,0,,0,Himalaya,no,0,Himalaya,1787,lahore
876,Unowned,Unowned,Unowned,no,0,0,,0,Arunachal,no,0,Arunachal,1788,
877,Unowned,Unowned,Unowned,no,0,0,,0,Papua,no,0,Papua,1789,the_moluccas
878,BER,cosmopolitan_french,catholic,no,4,4,wine,4,Bourges,yes,0,Berry,179,champagne
879,Unowned,Unowned,Unowned,no,0,0,,0,Outback,no,0,Outback,1790,australia
880,Unowned,Unowned,Unowned,no,0,0,,0,Outback,no,0,Outback,1791,australia
881,MIR,madagasque,Unowned,no,3,3,grain,2,Alasora,yes,0,Antananarivo,1792,zanzibar
882,Unowned,Unowned,Unowned,no,0,0,,0,ElDjouf,no,0,ElDjouf,1793,ivory_coast
883,Unowned,Unowned,Unowned,no,0,0,,0,CentralSahara,no,0,CentralSahara,1794,
884,Unowned,Unowned,Unowned,no,0,0,,0,EastSahara,no,0,EastSahara,1795,
885,Unowned,Unowned,Unowned,no,0,0,,0,NorthernCongoBasin,no,0,NorthernCongoBasin,1797,
886,Unowned,Unowned,Unowned,no,0,0,,0,Uganda,no,0,Uganda,1798,african_great_lakes
887,Unowned,Unowned,Unowned,no,0,0,,0,Malawi,no,0,Malawi,1799,african_great_lakes
888,SWE,sapmi,catholic,no,1,1,unknown,1,Arvidsjaur,yes,0,Lappland,18,baltic_sea
889,FRA,cosmopolitan_french,catholic,no,4,4,livestock,4,Poitiers,yes,0,Poitou,180,bordeaux
890,Unowned,nguni,Unowned,no,1,1,unknown,1,Gaza,no,0,Limpopo,1800,cape_of_good_hope
891,Unowned,Unowned,Unowned,no,0,0,,0,Kalahari,no,0,Kalahari,1801,
892,Unowned,Unowned,Unowned,no,0,0,,0,WesternAmazonas,no,0,WesternAmazonas,1802,amazonas_node
893,Unowned,Unowned,Unowned,no,0,0,,0,EasternAmazonas,no,0,EasternAmazonas,1803,amazonas_node
894,Unowned,Unowned,Unowned,no,0,0,,0,Greenland,no,0,Greenland,1804,st_lawrence
895,Unowned,Unowned,Unowned,no,0,0,,0,Quebec,no,0,Quebec,1805,james_bay
896,Unowned,Unowned,Unowned,no,0,0,,0,Weagamow,no,0,Weagamow,1806,james_bay
897,Unowned,Unowned,Unowned,no,0,0,,0,Baffin,no,0,Baffin,1807,james_bay
898,Unowned,Unowned,Unowned,no,0,0,,0,GreatBasin,no,0,GreatBasin,1808,california
899,COM,shoshone,totemism,no,1,1,unknown,1,Cheyenne,yes,0,Cheyenne,1809,mississippi_river
900,NEV,wallonian,catholic,no,6,6,cloth,2,Rethel,yes,0,Rethel,181,champagne
901,Unowned,Unowned,Unowned,no,0,0,,0,Alaska,no,0,Alaska,1810,
902,Unowned,Unowned,Unowned,no,0,0,,0,Nunavut,no,0,Nunavut,1811,james_bay
903,Unowned,Unowned,Unowned,no,0,0,,0,NorthwestTerretories,no,0,NorthwestTerretories,1812,james_bay
904,GBR,plains_cree,totemism,no,1,1,unknown,1,Saskatchewan,no,0,Saskatchewan,1813,james_bay
905,Unowned,Unowned,Unowned,no,0,0,,0,Columbia,no,0,Columbia,1814,
906,PEG,mon,buddhism,no,3,3,grain,2,Pathein,yes,0,Pathein,1815,burma
907,MNG,chihan,confucianism,no,13,13,grain,5,Beijing,yes,2,Beijing,1816,beijing
908,LNA,northern_thai,buddhism,no,3,3,ivory,2,Nan,yes,0,Nan,1817,gulf_of_siam
909,OUC,kyushuan,shinto,no,5,3,chinaware,2,Hakata,yes,2,Chikuzen,1818,nippon
910,HSK,japanese,shinto,no,2,2,naval_supplies,3,Nakamura,yes,0,Tosa,1819,nippon
911,FRA,cosmopolitan_french,catholic,no,5,5,livestock,4,Soissons,yes,0,Vermandois,182,champagne
912,HSK,japanese,shinto,no,3,3,fish,2,Tokushima,yes,0,Awa,1820,nippon
913,MNG,jianghuai,confucianism,no,15,15,silk,3,Nanjing,yes,0,Nanjing,1821,hangzhou
914,MNG,wu,confucianism,no,9,9,silk,2,Suzhou,yes,0,Suzhou,1822,hangzhou
915,KHM,khmer,animism,no,3,3,grain,2,StungTreng,yes,0,StungTreng,1823,gulf_of_siam
916,MNG,wu,confucianism,no,3,3,chinaware,2,Wenzhou,yes,0,Wenzhou,1824,hangzhou
917,HSK,japanese,shinto,no,4,4,grain,3,Tomo,yes,0,Aki,1825,nippon
918,CRO,croatian,catholic,no,3,2,fish,1,Senj,yes,0,Lika,1826,ragusa
919,SER,serbian,orthodox,no,3,3,livestock,1,Trgoviste,yes,0,Raska,1827,ragusa
920,HUN,bosnian,catholic,no,2,2,livestock,1,Jajce,yes,0,DonjiKrajii,1828,ragusa
921,MNG,chimin,confucianism,no,8,8,tea,3,Quanzhou,yes,0,Quanzhou,1829,hangzhou
922,FRA,cosmopolitan_french,catholic,no,8,8,paper,7,Paris,yes,2,Ile,183,champagne
923,YMN,japanese,shinto,no,2,2,grain,2,Tottori,yes,0,Tajima,1830,nippon
924,HRZ,bosnian,orthodox,no,2,3,wool,2,Travunia,yes,0,Travunia,1831,ragusa
925,TTI,japanese,shinto,no,4,3,tea,2,Nara,yes,0,Yamato,1832,nippon
926,MNG,gan,confucianism,no,4,4,cloth,2,Ji'an,yes,0,Ji'an,1833,hangzhou
927,LIV,estonian,catholic,no,3,3,naval_supplies,2,Dorpat,yes,0,Dorpat,1834,baltic_sea
928,TKI,togoku,shinto,no,4,4,paper,3,Inabayama,yes,0,Mino,1835,nippon
929,MNG,zhongyuan,confucianism,no,5,5,chinaware,3,Luoyang,yes,0,Luoyang,1836,xian
930,HTK,togoku,shinto,no,3,3,grain,3,Kanazawa,yes,0,Etchu,1837,nippon
931,MNG,jianghuai,confucianism,no,4,4,grain,3,Hefei,yes,0,Hefei,1838,hangzhou
932,IMG,togoku,shinto,no,4,4,tea,3,Sunpu,yes,0,Suruga,1839,nippon
933,FRA,cosmopolitan_french,catholic,no,6,6,grain,5,Orléans,yes,1,Orleanais,184,champagne
934,MNG,zhuang,confucianism,no,2,2,silk,2,Guilin,yes,0,Guilin,1840,canton
935,TEU,prussian,catholic,no,4,4,naval_supplies,3,Marienburg,yes,0,Marienburg,1841,baltic_sea
936,LIV,estonian,catholic,no,2,2,grain,1,Narva,yes,0,Narva,1842,baltic_sea
937,UES,togoku,shinto,no,2,3,livestock,2,Mayabashi,yes,0,Kozuke,1843,nippon
938,MPH,lao,buddhism,no,2,2,grain,2,Xiankhouang,yes,0,Xiankhouang,1844,gulf_of_siam
939,KOR,korean,confucianism,no,3,3,grain,3,Pyeongyang,yes,1,SouthPyongan,1845,nippon
940,TUR,turkish,sunni,no,4,4,,3,Amasya,yes,0,Amasya,1846,constantinople
941,ANU,ainu,animism,no,1,1,fish,1,Shiribeshi,yes,0,Shiribeshi,1847,nippon
942,KAR,turkish,sunni,no,3,3,grain,2,Burdur,yes,0,Hamid,1848,constantinople
943,SYR,al_suryah_arabic,sunni,no,4,4,cotton,2,Hama,yes,0,Hama,1849,aleppo
944,FRA,cosmopolitan_french,catholic,no,5,5,paper,5,Nemours,yes,0,Othe,185,champagne
945,NHX,manchu,tengri_pagan_reformed,no,3,3,fish,3,Yaran,yes,0,Yaran,1850,girin
946,POR,portugese,catholic,no,4,4,grain,3,Coimbra,yes,0,Ribatejo,1851,sevilla
947,ANU,ainu,animism,no,1,1,fish,1,Tokachi,yes,0,Tokachi,1852,nippon
948,TUR,greek,orthodox,no,3,2,wine,2,Kastoria,yes,0,Kastoria,1853,ragusa
949,MAM,al_suryah_arabic,sunni,no,3,3,sugar,3,Nablus,yes,0,Nablus,1854,alexandria
950,SYR,al_suryah_arabic,shiite,no,5,5,naval_supplies,3,Sayda,yes,0,Sidon,1855,aleppo
951,GEO,georgian,orthodox,no,2,2,wine,2,Sukhumi,yes,0,Abkhazia,1856,crimea
952,LAU,lower_saxon,catholic,yes,2,2,salt,1,Lauenburg,yes,0,Lauenburg,1857,
953,STE,pommeranian,catholic,yes,5,4,naval_supplies,3,Stettin,yes,0,Stettin,1858,
954,TEU,polish,catholic,no,4,4,grain,2,Torun,yes,1,Torun,1859,krakow
955,FRA,cosmopolitan_french,catholic,no,6,6,wine,4,Reims,yes,2,Champagne,186,champagne
956,ENG,english,catholic,no,4,4,iron,2,Norwich,yes,0,Norfolk,1860,english_channel
957,ENG,english,catholic,no,2,2,iron,2,Derby,yes,0,Derby,1861,english_channel
958,MLO,lombard,catholic,yes,6,5,grain,4,Cremona,no,0,Cremona,1862,genua
959,HAB,austrian,catholic,yes,5,5,grain,3,Graz,yes,0,Graz,1863,
960,HUN,hungarian,catholic,no,3,3,livestock,2,Kaposvár,yes,0,Somogy,1864,pest
961,FLA,flemish,catholic,no,5,5,cloth,3,Ghent,yes,0,Ghent,1865,english_channel
962,BUR,wallonian,catholic,yes,7,7,iron,3,Namur,yes,0,Namur,1866,champagne
963,SAV,swiss,catholic,yes,3,3,livestock,2,Lausanne,yes,0,Freiburg,1867,champagne
964,AUG,swabian,catholic,yes,7,6,,4,Augsburg,yes,0,Augsburg,1868,
965,SWI,swiss,catholic,yes,4,4,wool,2,Zürich,yes,0,Zurich,1869,
966,BAR,burgundian,catholic,no,3,4,cloth,3,Bar-le-Duc,yes,0,Barrois,187,champagne
967,SWI,swiss,catholic,yes,4,4,livestock,2,StGallen,yes,0,StGallen,1870,
968,SAV,swiss,catholic,yes,3,2,livestock,1,Sion,yes,0,Wallis,1871,champagne
969,ULM,swabian,catholic,yes,5,6,,4,Ulm,yes,1,Ulm,1872,
970,TTL,swiss,catholic,yes,3,3,livestock,1,Chur,yes,0,Chur,1873,
971,BRE,lower_saxon,catholic,yes,6,6,fish,4,Bremen,yes,1,Bremen,1874,
972,SAV,piedmontese,catholic,yes,4,4,grain,4,Cuneo,no,0,Turin,1875,genua
973,FRN,hessian,catholic,yes,7,7,paper,4,Frankfurt,yes,2,Frankfurt,1876,
974,BUR,burgundian,catholic,no,4,4,salt,3,Charolles,yes,0,Charolais,1877,champagne
975,AAC,hessian,catholic,yes,6,6,grain,2,Aachen,yes,0,Aachen,1878,
976,ENG,cosmopolitan_french,catholic,no,4,4,livestock,3,Alençon,yes,0,Alencon,1879,english_channel
977,LOR,burgundian,catholic,yes,6,6,glass,5,Metz,yes,1,Metz,188,champagne
978,HAB,swabian,catholic,yes,3,3,iron,3,Altkirch,yes,0,Sundgau,1880,
979,NED,arawak,animism,no,4,5,unknown,1,St,yes,0,St,1881,carribean_trade
980,TUN,berber,sunni,no,2,2,naval_supplies,1,Annaba,yes,0,Bone,1882,tunis
981,Unowned,Unowned,Unowned,no,0,0,,0,WesternFinishLakes,no,0,WesternFinishLakes,1883,
982,Unowned,Unowned,Unowned,no,0,0,,0,EastFinishLakes,no,0,EastFinishLakes,1884,
983,Unowned,Unowned,Unowned,no,0,0,,0,CentralFinishLakes,no,0,CentralFinishLakes,1885,
984,Unowned,Unowned,Unowned,no,0,0,,0,Storavan,no,0,Storavan,1886,
985,Unowned,Unowned,Unowned,no,0,0,,0,Storsjon,no,0,Storsjon,1887,
986,Unowned,Unowned,Unowned,no,0,0,,0,KaraSea,no,0,KaraSea,1888,
987,Unowned,Unowned,Unowned,no,0,0,,0,LakeGeneva,no,0,LakeGeneva,1889,
988,LOR,burgundian,catholic,yes,5,5,iron,5,Nancy,yes,0,Lothringen,189,champagne
989,Unowned,Unowned,Unowned,no,0,0,,0,Bodensee,no,0,Bodensee,1890,
990,Unowned,Unowned,Unowned,no,0,0,,0,TuzGola,no,0,TuzGola,1891,
991,Unowned,Unowned,Unowned,no,0,0,,0,LakeVan,no,0,LakeVan,1892,
992,Unowned,Unowned,Unowned,no,0,0,,0,LakeDaryacheh,no,0,LakeDaryacheh,1893,
993,Unowned,Unowned,Unowned,no,0,0,,0,SevanLake,no,0,SevanLake,1894,
994,Unowned,Unowned,Unowned,no,0,0,,0,LakeTaihu,no,0,LakeTaihu,1895,
995,Unowned,Unowned,Unowned,no,0,0,,0,LakeHongze,no,0,LakeHongze,1896,
996,Unowned,Unowned,Unowned,no,0,0,,0,Dongting,no,0,Dongting,1897,hangzhou
997,Unowned,Unowned,Unowned,no,0,0,,0,TonieSapLake,no,0,TonieSapLake,1898,
998,Unowned,Unowned,Unowned,no,0,0,,0,TanaLake,no,0,TanaLake,1899,
999,SWE,finnish,catholic,no,1,1,fur,1,Korsholm,yes,0,Osterbotten,19,baltic_sea
1000,FRA,cosmopolitan_french,catholic,no,4,4,iron,4,Moulins,yes,0,Bourbon,190,bordeaux
1001,Unowned,Unowned,Unowned,no,0,0,,0,LakeTurkana,no,0,LakeTurkana,1900,
1002,KON,kongolese,Unowned,no,2,2,copper,2,Sundi,yes,0,LakeVolta,1901,kongo
1003,Unowned,Unowned,Unowned,no,0,0,,0,LakePoopo,no,0,LakePoopo,1902,
1004,Unowned,Unowned,Unowned,no,0,0,,0,LakeChamplain,no,0,LakeChamplain,1903,
1005,Unowned,Unowned,Unowned,no,0,0,,0,LacSaintJean,no,0,LacSaintJean,1904,
1006,Unowned,Unowned,Unowned,no,0,0,,0,LacManicouagan,no,0,LacManicouagan,1905,
1007,Unowned,Unowned,Unowned,no,0,0,,0,LacMichikamau,no,0,LacMichikamau,1906,
1008,Unowned,Unowned,Unowned,no,0,0,,0,LacBienville,no,0,LacBienville,1907,
1009,Unowned,Unowned,Unowned,no,0,0,,0,LacAlEauClaire,no,0,LacAlEauClaire,1908,
1010,Unowned,Unowned,Unowned,no,0,0,,0,LacMinto,no,0,LacMinto,1909,
1011,NEV,burgundian,catholic,no,5,5,livestock,3,Nevers,yes,0,Nevers,191,champagne
1012,Unowned,Unowned,Unowned,no,0,0,,0,LaGrandeRiviere,no,0,LaGrandeRiviere,1910,
1013,Unowned,Unowned,Unowned,no,0,0,,0,LakeIsland,no,0,LakeIsland,1911,
1014,Unowned,Unowned,Unowned,no,0,0,,0,LakeReindeer,no,0,LakeReindeer,1912,
1015,Unowned,Unowned,Unowned,no,0,0,,0,WollastonLake,no,0,WollastonLake,1913,
1016,Unowned,Unowned,Unowned,no,0,0,,0,GreatSlaveLake,no,0,GreatSlaveLake,1914,
1017,Unowned,Unowned,Unowned,no,0,0,,0,LakeAthabasca,no,0,LakeAthabasca,1915,
1018,Unowned,Unowned,Unowned,no,0,0,,0,DubawniLake,no,0,DubawniLake,1916,
1019,Unowned,Unowned,Unowned,no,0,0,,0,YathkyedLake,no,0,YathkyedLake,1917,
1020,Unowned,Unowned,Unowned,no,0,0,,0,KasbaLake,no,0,KasbaLake,1918,
1021,Unowned,Unowned,Unowned,no,0,0,,0,NueltinLake,no,0,NueltinLake,1919,
1022,BUR,burgundian,catholic,no,7,7,wine,6,Dijon,yes,2,Bourgogne,192,champagne
1023,Unowned,Unowned,Unowned,no,0,0,,0,WholdaiaLake,no,0,WholdaiaLake,1920,
1024,Unowned,Unowned,Unowned,no,0,0,,0,PeterPondLake,no,0,PeterPondLake,1921,
1025,Unowned,Unowned,Unowned,no,0,0,,0,GreatSaltLake,no,0,GreatSaltLake,1922,
1026,Unowned,Unowned,Unowned,no,0,0,,0,WillistonLake,no,0,WillistonLake,1923,
1027,Unowned,Unowned,Unowned,no,0,0,,0,GreenlandTip,no,0,GreenlandTip,1924,
1028,Unowned,Unowned,Unowned,no,1,1,unknown,1,Tana,no,0,Tana,1925,african_great_lakes
1029,Unowned,Unowned,Unowned,no,0,0,,0,NorthernBalticSea,no,0,NorthernBalticSea,1926,baltic_sea
1030,Unowned,Unowned,Unowned,no,0,0,,0,EasternBalticSea,no,0,EasternBalticSea,1927,
1031,Unowned,Unowned,Unowned,no,0,0,,0,WesternAlandsSea,no,0,WesternAlandsSea,1928,
1032,Unowned,Unowned,Unowned,no,0,0,,0,WesternNorwegianSea,no,0,WesternNorwegianSea,1929,north_sea
1033,BUR,burgundian,catholic,yes,3,4,salt,3,Besançon,yes,0,Franche,193,champagne
1034,SWE,swedish,catholic,no,1,1,fish,1,Mariehamn,yes,0,Aland,1930,baltic_sea
1035,EFR,frisian,catholic,no,2,2,salt,3,Emden,yes,0,EastFrisia,1931,english_channel
1036,Unowned,Unowned,Unowned,no,0,0,,0,GulfofSatalia,no,0,GulfofSatalia,1932,
1037,NAP,neapolitan,catholic,no,3,3,wine,2,Bari,no,0,Bari,1933,venice
1038,NAP,neapolitan,catholic,no,2,2,livestock,1,Potenza,yes,0,Lucania,1934,genua
1039,LIV,latvian,catholic,no,2,2,naval_supplies,2,Mitau,no,0,Semigallia,1935,baltic_sea
1040,LIT,lithuanian,catholic,no,3,3,livestock,1,Kovno,yes,0,Kovno,1936,baltic_sea
1041,LIT,byelorussian,orthodox,no,2,2,livestock,1,Grodno,yes,0,Grodno,1937,kiev
1042,MAZ,polish,catholic,no,2,2,naval_supplies,1,Wizna,yes,0,Wizna,1938,krakow
1043,POL,polish,catholic,no,3,3,grain,1,Leczyca,yes,0,Leczyca,1939,krakow
1044,FRA,gascon,catholic,no,3,3,wine,3,Bergerac,yes,0,Bergerac,194,bordeaux
1045,MAZ,ruthenian,orthodox,no,4,3,livestock,2,Belz,yes,0,Belz,1940,krakow
1046,LIT,byelorussian,orthodox,no,1,1,wool,1,Turov,yes,0,Turov,1941,kiev
1047,LIT,ruthenian,orthodox,no,1,2,grain,1,Zhytomyr,yes,0,Zhytomyr,1942,kiev
1048,LIT,ruthenian,orthodox,no,2,3,livestock,2,Bratslav,yes,0,Bratslav,1943,kiev
1049,LIT,ruthenian,orthodox,no,1,1,livestock,1,Cherkasy,yes,0,Cherkasy,1944,kiev
1050,LIT,ryazanian,orthodox,no,1,2,iron,1,Novgorod-Seversky,yes,0,Novgorod,1945,kiev
1051,BAH,marathi,hinduism,no,3,3,naval_supplies,2,Satara,yes,0,Desh,1946,deccan
1052,VIJ,tamil,hinduism,no,3,3,cloth,2,Gingee,yes,0,Gingee,1947,comorin_cape
1053,BAH,kannada,hinduism,no,5,5,silk,3,Bidar,yes,2,Bidar,1948,deccan
1054,VIJ,telegu,hinduism,no,3,3,cotton,2,Penukonda,yes,0,Rayalaseema,1949,comorin_cape
1055,FRA,gascon,catholic,no,3,3,livestock,2,Limoges,yes,0,Limousin,195,bordeaux
1056,Unowned,Unowned,Unowned,no,0,0,,0,Meghalaya,no,0,Meghalaya,1950,
1057,HUN,transylvanian,orthodox,no,3,3,iron,2,Hunyad,yes,0,Hunyad,1951,pest
1058,HUN,ruthenian,orthodox,no,2,2,naval_supplies,1,Huszt,yes,0,Maramaros,1952,pest
1059,HUN,hungarian,catholic,no,3,3,livestock,2,Debrecen,yes,0,Szabolcs,1953,pest
1060,HUN,hungarian,catholic,no,3,3,livestock,2,Nagybecskerek,yes,0,Torontal,1954,pest
1061,NOV,novgorodian,orthodox,no,2,2,fur,1,Kholmogory,yes,2,Kholmogory,1955,white_sea
1062,MOS,russian,orthodox,no,4,4,grain,3,Suzdal,yes,0,Suzdal,1956,
1063,MOS,russian,orthodox,no,4,0,salt,2,Galich,yes,0,Galich,1957,kazan
1064,NOV,novgorodian,orthodox,no,3,3,naval_supplies,1,Kargopol,yes,0,Kargopol,1958,white_sea
1065,NOV,novgorodian,orthodox,no,3,3,naval_supplies,1,Torzhok,yes,0,Torzhok,1959,
1066,FRA,occitain,catholic,no,5,5,wine,5,Toulouse,yes,0,Toulouse,196,valencia
1067,PSK,novgorodian,orthodox,no,2,2,naval_supplies,2,Ostrov,yes,0,Ostrov,1960,
1068,NOV,novgorodian,orthodox,no,4,4,fur,2,Ladoga,yes,0,Ladoga,1961,
1069,PRM,uralic,Unowned,no,1,1,fur,1,Kudymkar,yes,0,Kudymkar,1962,kazan
1070,PRM,uralic,Unowned,no,3,3,salt,2,Cherdyn,yes,1,Cherdyn,1963,white_sea
1071,PRM,uralic,orthodox,no,1,1,fur,1,Ust-Sysola,yes,0,Ust,1964,white_sea
1072,NOG,nogaybak,sunni,no,2,2,iron,2,Buzuluk,yes,0,Buzuluk,1965,kazan
1073,NOG,bashkir,sunni,no,3,3,fur,3,Chelyaba,yes,0,Chelyaba,1966,kazan
1074,TIM,uzbehk,sunni,no,2,2,silk,3,Khujand,yes,0,Khujand,1967,samarkand
1075,TIM,uzbehk,sunni,no,2,2,wool,3,Kulob,yes,0,Kulob,1968,samarkand
1076,SHY,khazak,sunni,no,1,1,salt,1,Sozak,yes,0,Sozak,1969,samarkand
1077,ARA,catalan,catholic,no,3,3,wine,2,Perpignan,yes,0,Roussillon,197,valencia
1078,SHY,khazak,sunni,no,2,2,livestock,2,Syghnak,yes,0,Syghnak,1970,samarkand
1079,GOL,mishary,sunni,no,3,3,livestock,2,Sary-Su,yes,0,Tsaritsyn,1971,astrakhan
1080,KAZ,uralic,Unowned,no,2,2,grain,2,Elabuga,yes,0,Udmurtia,1972,kazan
1081,TIM,uzbehk,sunni,no,4,4,grain,4,Urgench,yes,0,Urgench,1973,samarkand
1082,CRI,crimean,sunni,no,4,4,salt,2,Kherson,yes,0,Yedishkul,1974,crimea
1083,Unowned,Unowned,Unowned,no,0,0,,0,SeaofJutland,no,0,SeaofJutland,1975,north_sea
1084,Unowned,Unowned,Unowned,no,0,0,,0,DeadSea,no,0,DeadSea,1976,
1085,Unowned,Unowned,Unowned,no,0,0,,0,Malaren,no,0,Malaren,1977,
1086,NOR,norwegian,catholic,no,1,1,fish,1,Lerwick,no,0,Shetlands,1978,north_sea
1087,NOR,icelandic,catholic,no,1,1,fish,1,Torshavn,yes,0,Faroes,1979,north_sea
1088,FRA,occitain,catholic,no,3,3,livestock,2,Rodez,yes,0,Rouergue,198,bordeaux
1089,Unowned,Unowned,Unowned,no,0,0,,0,SeaofJapan,no,0,SeaofJapan,1980,
1090,DAN,danish,catholic,no,1,1,fish,1,Ronne,yes,0,Bornholm,1981,
1091,DAN,danish,catholic,no,2,2,naval_supplies,1,Ronneby,yes,0,Blekinge,1982,
1092,DAN,danish,catholic,no,3,3,fish,2,Nykobing,yes,0,Lolland,1983,
1093,DAN,danish,catholic,no,3,3,fish,1,Aalborg,yes,0,Nordjylland,1984,
1094,SWE,swedish,catholic,no,2,2,iron,2,Örebro,yes,0,Narke,1985,baltic_sea
1095,Unowned,melanesian,animism,no,1,1,unknown,1,Nouméa,no,0,NewCaledonia,1986,polynesia_node
1096,Unowned,polynesian,animism,no,1,1,unknown,1,Papeete,no,0,SocietyIslands,1987,polynesia_node
1097,Unowned,polynesian,animism,no,1,1,unknown,1,RapaNui,no,0,RapaNui,1988,polynesia_node
1098,TOG,polynesian,animism,no,3,3,naval_supplies,2,Mu'a,yes,1,Tonga,1989,polynesia_node
1099,FRA,occitain,catholic,no,4,4,iron,2,Clermont,yes,0,Auvergne,199,bordeaux
1100,Unowned,polynesian,animism,no,1,1,unknown,1,Funafuti,no,0,Tuvalu,1990,polynesia_node
1101,Unowned,polynesian,animism,no,1,1,unknown,1,Tarawa,no,0,GilbertIslands,1991,polynesia_node
1102,Unowned,polynesian,animism,no,1,1,unknown,1,Yaren,no,0,Nauru,1992,polynesia_node
1103,Unowned,polynesian,animism,no,1,1,unknown,1,Majuro,no,0,MasrshallIslands,1993,polynesia_node
1104,Unowned,polynesian,animism,no,1,1,unknown,1,Wake,no,0,Wake,1994,polynesia_node
1105,Unowned,polynesian,animism,no,1,1,unknown,1,Palikir,no,1,Micronesia,1995,polynesia_node
1106,Unowned,polynesian,animism,no,1,1,unknown,1,Ngerulmud,no,0,Palau,1996,polynesia_node
1107,Unowned,polynesian,animism,no,1,1,unknown,1,Midway,no,0,Midway,1997,polynesia_node
1108,Unowned,Unowned,Unowned,no,1,1,unknown,1,ChristmasIsland,no,0,ChristmasIsland,1998,comorin_cape
1109,Unowned,Unowned,Unowned,no,1,1,unknown,1,CocosIsland,no,0,CocosIsland,1999,comorin_cape
1110,SWE,swedish,catholic,no,2,2,grain,2,Linköping,no,0,Ostergotland,2,baltic_sea
1111,NOR,norwegian,catholic,no,3,3,fish,2,Trondheim,yes,1,Trondelag,20,north_sea
1112,FRA,occitain,catholic,no,6,5,cloth,5,Montpellier,yes,0,Languedoc,200,valencia
1113,Unowned,Unowned,Unowned,no,0,0,,0,QinghaiLake,no,0,QinghaiLake,2000,
1114,Unowned,Unowned,Unowned,no,0,0,,0,SilingLake,no,0,SilingLake,2001,
1115,SPA,cara,animism,no,1,1,unknown,1,GalapagosIslands,yes,0,GalapagosIslands,2002,lima
1116,GBR,shoshone,totemism,no,1,2,unknown,1,Ktunaxa,yes,0,Ktunaxa,2003,california
1117,BLA,blackfoot,totemism,no,1,1,fur,1,Niitsitapi,yes,0,Niitsitapi,2004,james_bay
1118,Unowned,blackfoot,totemism,no,1,1,unknown,1,Asinaan,no,0,Asinaan,2005,james_bay
1119,---,blackfoot,totemism,no,1,1,fur,1,Apsáalooke,no,0,Apsaalooke,2006,james_bay
1120,LAK,pawnee,totemism,no,1,1,unknown,1,Arikara,yes,0,Arikara,2007,mississippi_river
1121,LAK,dakota,totemism,no,1,1,unknown,1,Lakota,no,0,Yankton,2008,mississippi_river
1122,Unowned,Unowned,totemism,no,1,1,unknown,1,Teton,no,0,Teton,2009,mississippi_river
1123,PRO,occitain,catholic,no,7,7,wine,6,Aix-en-Provence,yes,1,Provence,201,genua
1124,PEQ,pequot,totemism,no,2,2,fish,2,Connecticut,yes,0,Connecticut,2010,chesapeake_bay
1125,GBR,powhatan,totemism,no,2,2,unknown,1,Manahoac,yes,0,Shenandoah,2011,chesapeake_bay
1126,Unowned,abenaki,totemism,no,2,2,unknown,2,Arsigantegok,no,0,Arsigantegok,2012,st_lawrence
1127,ENG,abenaki,totemism,no,4,3,unknown,3,Kennebec,yes,0,Kennebec,2013,st_lawrence
1128,NTC,caddo,totemism,no,2,2,unknown,1,Natchitoches,yes,0,Natchitoches,2014,mississippi_river
1129,---,anishinabe,totemism,no,1,1,fur,1,Nipigon,no,0,Nipigon,2015,ohio
1130,ASI,nakota,totemism,no,1,1,fur,1,Bungi,yes,0,Bungi,2016,james_bay
1131,GBR,chipewyan,totemism,no,1,1,unknown,1,Nehiyawewin,yes,0,Nehiyawewin,2017,james_bay
1132,GBR,athabascan,totemism,no,1,1,unknown,1,Tsuutina,yes,0,Tsuutina,2018,james_bay
1133,Unowned,chinook,totemism,no,1,1,unknown,1,Nimiipu,no,0,Nimiipu,2019,california
1134,PAP,occitain,catholic,no,4,3,cloth,4,Avignon,yes,0,Avignon,202,genua
1135,SHO,shoshone,totemism,no,1,1,fur,1,Bannock,yes,0,Bannock,2020,california
1136,Unowned,yokuts,totemism,no,1,2,unknown,1,Miwok,no,0,Miwok,2021,california
1137,HDA,haida,totemism,no,1,1,fish,1,Haida,yes,0,Haida,2022,california
1138,GBR,delaware,totemism,no,2,2,unknown,2,Munsee,no,0,Munsee,2023,chesapeake_bay
1139,MRE,somali,sunni,no,1,1,fish,1,Garoowe,yes,0,Ajuuran,2024,gulf_of_aden
1140,Unowned,Unowned,Unowned,no,1,1,unknown,1,SouthGeorgia,no,0,SouthGeorgia,2025,laplata
1141,VIJ,tamil,hinduism,no,4,4,cloth,2,Thanjavur,yes,2,Tanjore,2026,comorin_cape
1142,KRK,tamil,hinduism,no,3,3,iron,2,Arcot,yes,0,Arcot,2027,comorin_cape
1143,BAH,telegu,hinduism,no,2,2,tropical_wood,1,Mahur,yes,0,Mahur,2028,deccan
1144,VIJ,kannada,hinduism,no,3,3,tropical_wood,2,Mangalore,yes,0,SouthKanara,2029,comorin_cape
1145,FRA,occitain,catholic,no,6,6,,6,Lyon,yes,2,Lyonnais,203,champagne
1146,BAH,marathi,hinduism,no,4,4,spices,1,Goa,yes,2,Goa,2030,comorin_cape
1147,VIJ,kannada,hinduism,no,3,3,grain,2,Devarayanagara,yes,0,Morasanadu,2031,comorin_cape
1148,VIJ,kannada,hinduism,no,2,2,coffee,2,Ikkeri,yes,0,Malenadu,2032,comorin_cape
1149,BAH,kannada,hinduism,no,4,4,cotton,3,Dharwar,yes,0,Savanaur,2033,deccan
1150,BAH,marathi,hinduism,no,4,4,,3,Pune,yes,0,Pune,2034,deccan
1151,BAH,kannada,hinduism,no,4,4,grain,1,Gulbarga,yes,0,Gulbarga,2035,deccan
1152,BGA,marathi,hinduism,no,2,2,,2,Mayuragiri,yes,0,Baglana,2036,gujarat
1153,BAH,telegu,hinduism,no,2,2,cotton,2,Warangal,yes,0,Warangal,2037,deccan
1154,ORI,bengali,hinduism,no,4,4,,3,Midnapore,yes,0,Midnapore,2038,ganges_delta
1155,BNG,bengali,hinduism,no,1,1,,1,Bagerhat,yes,0,Sunderbans,2039,ganges_delta
1156,FRA,occitain,catholic,no,4,3,wool,3,Grenoble,yes,0,Dauphine,204,champagne
1157,SDY,assamese,hinduism,no,2,2,tea,2,Sadiya,yes,0,Sadiya,2040,burma
1158,MLB,chin,animism,no,2,2,cloth,1,Imphal,yes,0,Manipur,2041,burma
1159,KMT,assamese,hinduism,no,2,2,cotton,2,Gauhauti,yes,0,KochHajo,2042,burma
1160,ORI,oriya,hinduism,no,4,4,cloth,2,Balasore,yes,0,Balasore,2043,ganges_delta
1161,BNG,bengali,hinduism,no,3,3,silk,2,Bhagalpur,yes,0,Bhagalpur,2044,ganges_delta
1162,BNG,kochi,hinduism,no,4,4,cloth,2,Rangpur,yes,0,Barind,2045,ganges_delta
1163,BNG,bengali,hinduism,no,3,3,cotton,2,Nasirabad,yes,0,Nasirabad,2046,ganges_delta
1164,TRT,bihari,hinduism,no,5,5,dyes,3,Sugauna,yes,1,Tirhut,2047,ganges_delta
1165,JPR,garjati,hinduism,no,1,1,tropical_wood,1,Jeypore,yes,0,Garjat,2048,ganges_delta
1166,GRJ,garjati,hinduism,no,2,2,grain,1,Khurda,yes,0,Khurda,2049,ganges_delta
1167,SAV,occitain,catholic,yes,6,6,cloth,3,Chambéry,yes,0,Savoie,205,champagne
1168,CHD,gondi,hinduism,no,2,1,tropical_wood,2,Ballarsah,yes,0,Chanda,2050,deccan
1169,PTL,saurashtri,hinduism,no,3,3,salt,2,Bhavnagar,yes,0,Bhavnagar,2051,gujarat
1170,KAT,saurashtri,hinduism,no,2,2,gems,1,Nagnes,yes,0,Navanagar,2052,gujarat
1171,GUJ,gujarati,hinduism,no,3,3,cloth,1,Patan,yes,0,Patan,2053,gujarat
1172,GUJ,gujarati,hinduism,no,5,5,paper,1,Ahmadabad,yes,0,Ahmadabad,2054,gujarat
1173,JNP,bihari,hinduism,no,3,3,grain,2,Gorakhpur,yes,0,Gorakhpur,2055,doab
1174,CMP,gujarati,hinduism,no,2,2,wool,2,Champaner,yes,0,RewaKantha,2056,deccan
1175,MLW,malvi,hinduism,no,4,4,cloth,2,Bhelsa,yes,0,Bhelsa,2057,deccan
1176,MER,rajput,hinduism,no,3,3,,3,Kotharia,yes,0,Mewar,2058,gujarat
1177,KLP,vindhyan,hinduism,no,4,4,,1,Kalpi,yes,0,Kalpi,2059,doab
1178,SPA,galician,catholic,no,3,2,fish,2,Corunna,yes,0,Galicia,206,sevilla
1179,DLH,kanauji,hinduism,no,6,6,cloth,4,Meerut,yes,0,UpperDoab,2060,doab
1180,DLH,kanauji,hinduism,no,3,3,,2,Badayun,yes,0,Katehar,2061,doab
1181,MUL,kanauji,hinduism,no,5,5,cotton,3,Panipat,yes,0,Panipat,2062,doab
1182,DLH,kanauji,hinduism,no,5,5,dyes,3,Etawah,yes,0,Etawah,2063,doab
1183,DHU,rajput,hinduism,no,2,2,,1,Sikar,yes,0,Shekhawati,2064,doab
1184,MUL,rajput,hinduism,no,3,2,livestock,2,Hisar,yes,0,Bhattiana,2065,lahore
1185,NGA,rajput,hinduism,no,2,2,livestock,1,Nagaur,yes,0,Nagaur,2066,gujarat
1186,MAW,rajput,hinduism,no,3,3,cotton,3,Jalor,yes,0,Gorwar,2067,gujarat
1187,BAL,baluchi,sunni,no,1,1,wool,1,Siwi,yes,0,Siwistan,2068,lahore
1188,KMN,pahari,hinduism,no,1,1,naval_supplies,1,Champawat,yes,0,Kumaon,2069,doab
1189,SPA,leonese,catholic,no,4,4,livestock,3,Oviedo,yes,0,Asturias,207,sevilla
1190,GRK,nepali,hinduism,no,3,3,naval_supplies,2,Ghurka,yes,0,ChaubisiRajya,2070,lhasa
1191,LWA,nepali,vajrayana,no,2,1,wool,1,Phedap,yes,0,Limbuwan,2071,lhasa
1192,SND,sindhi,sunni,no,2,2,cotton,2,Bhakkar,yes,0,Bhakkar,2072,gujarat
1193,LDK,Unowned,buddhism,no,1,1,wool,1,Skardu,yes,0,Baltistan,2073,lahore
1194,LDK,tibetan,vajrayana,no,1,1,wool,1,Leh,yes,0,Ladakh,2074,lahore
1195,SRH,panjabi,hinduism,no,7,7,dyes,2,Jalandhar,yes,0,Doaba,2075,lahore
1196,SRH,panjabi,hinduism,no,4,4,paper,2,Sialkot,yes,0,Sialkot,2076,lahore
1197,MUL,panjabi,hinduism,no,3,3,iron,1,Rawalpindi,yes,0,Margalla,2077,lahore
1198,MUL,panjabi,sunni,no,2,2,livestock,1,Bannu,yes,0,SindSagar,2078,lahore
1199,MUL,panjabi,sunni,no,3,3,wool,1,Derajat,yes,0,Derajat,2079,lahore
1200,SPA,leonese,catholic,no,4,4,livestock,2,León,yes,1,Leon,208,sevilla
1201,ORI,oriya,hinduism,no,2,2,sugar,1,Srikakulam,yes,0,Srikakulam,2080,comorin_cape
1202,BNG,bengali,hinduism,no,3,3,naval_supplies,2,Lakhnor,yes,0,Lakhnor,2081,ganges_delta
1203,RTT,gondi,hinduism,no,3,3,grain,1,Raipur,yes,0,Raipur,2082,ganges_delta
1204,VIJ,telegu,hinduism,no,2,4,cotton,2,Udayagiri,yes,0,Kosta,2083,comorin_cape
1205,YOR,telegu,hinduism,no,3,5,cloth,3,Rajahmundry,yes,0,Konaseema,2084,comorin_cape
1206,MAD,tamil,hinduism,no,3,3,,2,Tiruchirapalli,yes,0,Tiruchirapalli,2085,comorin_cape
1207,MUL,panjabi,sunni,no,2,2,livestock,1,Uch,yes,0,Cholistan,2086,lahore
1208,MER,rajput,hinduism,no,3,3,salt,2,Ajmer,yes,1,Ajmer,2087,gujarat
1209,SND,sindhi,sunni,no,1,1,wool,1,Umarkot,yes,0,Umarkot,2088,gujarat
1210,BAH,marathi,hinduism,no,4,4,cloth,2,Chaul,yes,2,Chaul,2089,gujarat
1211,SPA,basque,catholic,no,2,2,iron,2,Bilbao,yes,0,Vizcaya,209,bordeaux
1212,VIJ,telegu,hinduism,no,2,2,iron,1,Srisailam,yes,0,Kurnool,2090,comorin_cape
1213,TPR,chin,hinduism,no,1,1,tropical_wood,1,Udaipur,yes,0,Tripura,2091,burma
1214,GDW,gondi,hinduism,no,1,1,tropical_wood,1,Kherla,yes,0,Mahadeo,2092,deccan
1215,MLW,malvi,hinduism,no,3,3,,2,Mandsaur,yes,0,Mandsaur,2093,deccan
1216,JNP,avadhi,hinduism,no,4,3,cotton,2,Bahreich,yes,0,Bahreich,2094,doab
1217,JNP,bihari,hinduism,no,4,4,silk,2,Varanasi,yes,0,Varanasi,2095,doab
1218,BNG,jharkhandi,hinduism,no,1,1,ivory,1,Deogarh,yes,0,Damin,2096,ganges_delta
1219,BGL,vindhyan,hinduism,no,2,2,naval_supplies,1,Batgahora,yes,0,Bagelkhand,2097,doab
1220,NGP,jharkhandi,hinduism,no,1,1,cotton,1,Surguja,yes,0,Surguja,2098,doab
1221,KND,sinhala,buddhism,no,3,3,gems,1,Gampala,yes,0,Kandy,2099,comorin_cape
1222,NOR,norwegian,catholic,no,2,2,fish,1,Steig,yes,0,Halogaland,21,north_sea
1223,SPA,basque,catholic,no,3,2,iron,2,Pamplona,yes,0,Navarra,210,bordeaux
1224,JFN,tamil,hinduism,no,2,3,gems,1,Yapapatuna,yes,0,Vanni,2100,comorin_cape
1225,MAD,tamil,hinduism,no,3,3,,2,Tirunelveli,yes,0,Tirunelveli,2101,comorin_cape
1226,SOL,evenk,tengri_pagan_reformed,no,2,2,fur,1,Urkan,yes,0,Urkan,2102,girin
1227,SOL,evenk,tengri_pagan_reformed,no,1,1,fur,1,Udi,yes,0,Udi,2103,girin
1228,MYR,manchu,tengri_pagan_reformed,no,1,1,fur,1,Niuman,yes,0,Birija,2104,girin
1229,EJZ,manchu,tengri_pagan_reformed,no,2,1,naval_supplies,1,Kuru,yes,0,Kuru,2105,girin
1230,MJZ,manchu,tengri_pagan_reformed,no,5,5,naval_supplies,5,Furdan,yes,1,Furdan,2106,girin
1231,MJZ,manchu,confucianism,no,3,2,iron,2,Ningguta,yes,0,Ningguta,2107,girin
1232,MJZ,manchu,confucianism,no,5,5,naval_supplies,5,Huncun,yes,0,Huncun,2108,girin
1233,KRC,chahar,vajrayana,no,3,3,iron,3,Boduna,yes,0,Boduna,2109,girin
1234,SPA,aragonese,catholic,no,3,2,wool,2,Huesca,yes,0,Pirineo,211,valencia
1235,MHX,manchu,confucianism,no,3,3,fur,3,Yehe,yes,0,Yehe,2110,girin
1236,MJZ,manchu,confucianism,no,4,4,iron,5,HetuAla,yes,0,HetuAla,2111,girin
1237,MNG,manchu,confucianism,no,2,2,grain,1,Andong,yes,0,Andong,2112,beijing
1238,MNG,shandong_culture,confucianism,no,3,3,fish,1,Gaizhou,yes,0,Gaizhou,2113,beijing
1239,KHA,mongol,vajrayana,no,2,2,livestock,3,Ereen,yes,0,Ereen,2114,beijing
1240,KHA,mongol,vajrayana,no,2,2,livestock,3,Chahar,yes,0,Chahar,2115,girin
1241,KHA,khalkha,tengri_pagan_reformed,no,2,2,fur,3,IhHuree,yes,0,IhHuree,2116,yumen
1242,OIR,khalkha,tengri_pagan_reformed,no,1,1,livestock,2,Zasagt,yes,0,Zasagt,2117,yumen
1243,OIR,oirats,sunni,no,1,1,salt,1,Urzhar,yes,0,Urzhar,2118,yumen
1244,OIR,oirats,sunni,no,1,1,fur,2,Chugachak,yes,0,Chuguchak,2119,yumen
1245,FRA,catalan,catholic,no,3,3,fish,3,Girona,no,0,Girona,212,valencia
1246,CHG,uyghur,sunni,no,2,2,grain,3,Ili,yes,0,Ili,2120,yumen
1247,KAS,uyghur,sunni,no,2,2,gold,3,Kuqa,yes,0,Kuqa,2121,yumen
1248,HMI,oirats,vajrayana,no,3,2,grain,3,Hami,yes,0,Hami,2122,yumen
1249,CHG,oirats,vajrayana,no,1,1,livestock,2,Qakilik,yes,0,Qakilik,2123,yumen
1250,KAS,uyghur,sunni,no,3,2,wool,2,Yarkant,yes,1,Yarkand,2124,samarkand
1251,CHG,kirgiz,sunni,no,2,2,wool,3,Kochkor,yes,0,Kochkor,2125,samarkand
1252,CHG,kirgiz,sunni,no,1,1,wool,2,Chuy,yes,0,Chuy,2126,samarkand
1253,KAS,uzbehk,shiite,no,1,1,livestock,2,Yashilkul,yes,0,Yashilkul,2127,samarkand
1254,GUG,tibetan,vajrayana,no,1,1,gold,1,Ngari,yes,0,Ngari,2128,lhasa
1255,Unowned,Unowned,Unowned,no,0,0,,0,Changtang,no,0,Changtang,2129,lhasa
1256,SPA,catalan,catholic,no,6,5,glass,3,Barcelona,yes,1,Barcelona,213,valencia
1257,UTS,tibetan,vajrayana,no,1,1,grain,2,Nyingchi,yes,0,Nyingchi,2130,lhasa
1258,KAM,tibetan,vajrayana,no,1,1,spices,2,Qamdo,yes,0,Qamdo,2131,chengdu
1259,KAM,tibetan,vajrayana,no,1,1,livestock,2,Markam,yes,0,Markam,2132,chengdu
1260,KAM,tibetan,vajrayana,no,1,1,wool,2,Dege,yes,1,Dege,2133,chengdu
1261,KAM,tibetan,vajrayana,no,1,1,livestock,2,Rebgong,yes,0,Rebgong,2134,lhasa
1262,KAM,tibetan,vajrayana,no,1,1,grain,2,Garze,yes,0,Garze,2135,chengdu
1263,MNG,jin,confucianism,no,3,3,grain,2,Xuanhua,yes,0,Xuanhua,2136,beijing
1264,MNG,chihan,confucianism,no,3,3,grain,2,Daming,yes,0,Daming,2137,beijing
1265,MNG,shandong_culture,confucianism,no,4,4,grain,3,Wuding,yes,0,Wuding,2138,beijing
1266,MNG,shandong_culture,confucianism,no,3,3,fish,2,Laizhou,yes,1,Laizhou,2139,beijing
1267,SPA,aragonese,catholic,no,5,5,cloth,3,Zaragoza,yes,1,Aragon,214,valencia
1268,MNG,zhongyuan,confucianism,no,3,3,grain,3,Yanzhou,yes,0,Yanzhou,2140,beijing
1269,MNG,zhongyuan,confucianism,no,6,6,iron,3,Xuzhou,yes,0,Xuzhou,2141,hangzhou
1270,MNG,jianghuai,confucianism,no,2,2,fish,2,Huai'an,yes,0,Huai'an,2142,hangzhou
1271,MNG,zhongyuan,confucianism,no,2,1,silk,1,Fengyang,yes,0,Fengyang,2143,hangzhou
1272,MNG,zhongyuan,confucianism,no,2,2,grain,1,Fuyang,yes,0,Fuyang,2144,hangzhou
1273,MNG,jianghuai,confucianism,no,5,5,naval_supplies,2,Zhenjiang,yes,0,Zhenjiang,2145,hangzhou
1274,MNG,wu,confucianism,no,3,3,paper,3,Ningguo,yes,0,Ningguo,2146,hangzhou
1275,MNG,wu,confucianism,no,5,4,paper,3,Huizhou,yes,0,Huizhou,2147,hangzhou
1276,MNG,wu,confucianism,no,6,6,paper,2,Shaoxin,yes,0,Shaoxin,2148,hangzhou
1277,MNG,wu,confucianism,no,6,7,naval_supplies,3,Ningbo,yes,1,Ningbo,2149,hangzhou
1278,SPA,castillian,catholic,no,3,3,cloth,2,Valladolid,yes,0,CastillaLaVieja,215,sevilla
1279,MNG,wu,confucianism,no,3,3,grain,2,Jinhua,yes,0,Jinhua,2150,hangzhou
1280,MNG,gan,confucianism,no,3,3,chinaware,2,Poyang,yes,0,Poyang,2151,hangzhou
1281,MNG,chimin,confucianism,no,2,2,tea,2,Jianning,yes,0,Jianning,2152,hangzhou
1282,MNG,hakka,confucianism,no,2,2,paper,1,Tingzhou,yes,0,Tingzhou,2153,hangzhou
1283,Unowned,polynesian,animism,no,2,2,unknown,1,Kelang,no,0,Kelang,2154,canton
1284,Unowned,polynesian,animism,no,2,2,unknown,3,Middag,no,0,Middag,2155,canton
1285,MNG,chimin,confucianism,no,6,6,chinaware,2,Chaochow,yes,0,Chaochow,2156,canton
1286,MNG,hakka,confucianism,no,7,7,grain,3,Waichow,yes,0,Waichow,2157,canton
1287,MNG,hakka,confucianism,no,4,4,iron,2,Shiukwan,yes,0,Shiukwan,2158,canton
1288,MNG,chimin,confucianism,no,3,3,sugar,2,Leichow,yes,0,Leichow,2159,canton
1289,SPA,leonese,catholic,no,4,4,livestock,4,Salamanca,yes,0,Salamanca,216,sevilla
1290,MNG,chimin,confucianism,no,1,1,incense,1,Ngaichow,yes,0,Ngaichow,2160,canton
1291,MNG,cantonese,confucianism,no,3,2,incense,2,Limchow,yes,0,Limchow,2161,canton
1292,MNG,cantonese,confucianism,no,1,1,copper,2,Ngchow,yes,0,Wuchow,2162,canton
1293,MNG,zhuang,confucianism,no,3,3,salt,2,Liuzhou,yes,0,Liuzhou,2163,canton
1294,MNG,zhuang,confucianism,no,1,1,grain,2,Namning,yes,0,Namnig,2164,canton
1295,MNG,bai,buddhism,no,2,2,tea,2,Pu'er,yes,0,Pu'er,2165,chengdu
1296,MMA,shan,buddhism,no,1,1,tropical_wood,2,Dehong,yes,0,Dehong,2166,chengdu
1297,MNG,bai,buddhism,no,1,1,tea,1,Lijiang,yes,0,Lijiang,2167,chengdu
1298,MNG,yi,animism,no,2,2,grain,2,Bozhou,yes,0,Bozhou,2168,chengdu
1299,MNG,sichuanese,confucianism,no,2,2,grain,1,Langzhong,yes,0,Langzhong,2169,chengdu
1300,SPA,castillian,catholic,no,5,5,cloth,5,Madrid,no,0,Madrid,217,sevilla
1301,MNG,tibetan,vajrayana,no,1,1,livestock,1,Songqu,yes,0,Songqu,2170,chengdu
1302,MNG,hubei,confucianism,no,4,4,,3,Xiangyang,yes,0,Xiangyang,2171,xian
1303,MNG,hubei,confucianism,no,3,3,grain,2,Jingzhou,yes,0,Jingzhou,2172,xian
1304,MNG,miao,animism,no,3,3,tea,2,Yuanling,yes,0,Yuanling,2173,canton
1305,MNG,xiang,animism,no,3,3,gold,3,Hengyang,yes,0,Hengyang,2174,canton
1306,MNG,zhongyuan,confucianism,no,3,3,cloth,2,Runing,yes,0,Runing,2175,xian
1307,MNG,zhongyuan,confucianism,no,5,5,cloth,2,Shangqiu,yes,0,Shangqiu,2176,xian
1308,MNG,jin,confucianism,no,1,1,grain,2,Ningwu,yes,0,Ningwu,2177,beijing
1309,MNG,jin,confucianism,no,3,2,iron,2,Lu'an,yes,0,Lu'an,2178,beijing
1310,MNG,jin,confucianism,no,3,3,grain,2,Yan'an,yes,0,Yan'an,2179,xian
1311,SPA,andalucian,catholic,no,3,3,grain,2,Badajoz,yes,0,Badajoz,218,sevilla
1312,MNG,xibei,confucianism,no,2,2,grain,1,Tianshui,yes,0,Tianshui,2180,xian
1313,MNG,xibei,confucianism,no,2,2,livestock,2,Pingliang,yes,0,Pingliang,2181,xian
1314,MNG,xibei,confucianism,no,3,3,livestock,2,Liangzhou,yes,0,Liangzhou,2182,yumen
1315,MNG,tibetan,vajrayana,no,2,2,chinaware,2,Taozhou,yes,0,Taozhou,2183,xian
1316,MNG,xibei,vajrayana,no,3,3,salt,2,Xining,yes,0,Xining,2184,yumen
1317,MYR,manchu,tengri_pagan_reformed,no,4,4,naval_supplies,2,Mergen,yes,0,Mergen,2185,girin
1318,NHX,manchu,tengri_pagan_reformed,no,3,2,naval_supplies,2,Iman,yes,0,Iman,2186,girin
1319,KRC,chahar,tengri_pagan_reformed,no,2,2,livestock,3,Sartu,yes,0,Sartu,2187,girin
1320,MHX,manchu,tengri_pagan_reformed,no,4,4,grain,3,Alchuka,yes,0,Alchuka,2188,girin
1321,OIR,khalkha,tengri_pagan_reformed,no,2,2,fur,2,Tsetserleg,yes,0,Tsetserleg,2189,yumen
1322,SPA,castillian,catholic,no,5,5,iron,4,Toledo,yes,1,Toledo,219,sevilla
1323,OIR,khalkha,tengri_pagan_reformed,no,2,1,livestock,2,Qaraqorum,yes,0,Qaraqorum,2190,yumen
1324,OIR,oirats,vajrayana,no,1,1,livestock,2,Ejin,yes,0,Ejin,2191,xian
1325,KAS,uyghur,vajrayana,no,1,1,grain,2,Korla,yes,0,Korla,2192,yumen
1326,OIR,khalkha,tengri_pagan_reformed,no,1,1,livestock,1,Govi,yes,0,Govi,2193,yumen
1327,Unowned,Unowned,Unowned,no,0,0,,0,Kunlun,no,0,Kunlun,2194,yumen
1328,CIR,circassian,orthodox,no,2,2,livestock,2,Sochi,yes,0,Adyghe,2195,crimea
1329,GEO,georgian,orthodox,no,3,3,fish,2,Batumi,yes,0,Guria,2196,crimea
1330,CIR,circassian,orthodox,no,1,1,wool,2,Nalchik,yes,0,Kabardia,2197,crimea
1331,AVR,dagestani,sunni,no,2,2,livestock,3,Khunzah,yes,0,Khundzia,2198,astrakhan
1332,GAZ,dagestani,sunni,no,2,2,fish,3,Tarku,yes,0,Tarki,2199,astrakhan
1333,NOR,norwegian,catholic,no,1,1,naval_supplies,1,Hamar,yes,0,Eisdiva,22,
1334,SPA,catalan,catholic,no,6,5,cloth,4,València,yes,2,Valencia,220,valencia
1335,Unowned,Unowned,Unowned,no,0,0,,0,SuleimanRange,no,0,SuleimanRange,2200,lahore
1336,CIR,circassian,orthodox,no,1,1,wool,1,Dzaudzhikau,yes,0,Alania,2201,crimea
1337,MLK,armenian,coptic,no,3,3,livestock,3,Khankendi,yes,0,Melikates,2202,persia
1338,GEO,georgian,orthodox,no,3,3,wine,3,Telavi,yes,0,Kahketi,2203,crimea
1339,SME,georgian,orthodox,no,3,3,wine,2,Akhaltsikhe,yes,0,Kars,2204,crimea
1340,TIM,armenian,coptic,no,2,2,wine,2,Nakhchevani,yes,0,Nakhchivan,2205,persia
1341,QAR,kurdish,sunni,no,3,3,wine,2,Urmiyeh,yes,0,Urmia,2206,persia
1342,QAR,azerbaijani,shiite,no,2,2,wool,2,Marageh,yes,0,Maragheh,2207,persia
1343,GOL,dagestani,sunni,no,3,3,livestock,3,Mozdok,yes,0,Terek,2208,astrakhan
1344,TIM,kurdish,shiite,no,2,2,wool,1,Ilam,yes,0,Ilam,2209,basra
1345,SPA,andalucian,catholic,no,4,3,grain,3,Cartagena,yes,0,Murcia,221,sevilla
1346,TIM,luri,sunni,no,2,2,cloth,1,Kirmanshah,yes,0,Kirmanshah,2210,basra
1347,ARD,kurdish,sunni,no,3,3,cloth,1,Sanandaj,yes,0,Ardalan,2211,basra
1348,TIM,azerbaijani,sunni,no,3,3,spices,1,Zanjan,yes,0,Zanjan,2212,persia
1349,TIM,persian,shiite,no,3,3,cloth,2,Qom,yes,0,Markazi,2213,persia
1350,BUK,mazandarani,shiite,no,2,2,tea,3,Asatarabad,yes,0,Golestan,2214,persia
1351,TIM,azerbaijani,sunni,no,3,3,silk,2,Qazvin,yes,0,Qazvin,2215,persia
1352,TIM,persian,sunni,no,2,2,,2,Semnan,yes,0,Semnan,2216,persia
1353,LRI,luri,shiite,no,1,1,cloth,1,Yasuj,yes,0,Yasuj,2217,basra
1354,FRS,persian,shiite,no,5,5,,4,Shiraz,yes,2,Shiraz,2218,hormuz
1355,FRS,persian,sunni,no,2,2,spices,2,BandarLangeh,yes,0,BandarLangeh,2219,hormuz
1356,SPA,andalucian,sunni,no,2,2,grain,2,Almería,yes,0,Almeria,222,sevilla
1357,TIM,baluchi,sunni,no,1,1,cotton,1,Bam,yes,0,Bam,2220,hormuz
1358,TIM,khorasani,shiite,no,3,4,copper,2,Mashhad,yes,2,Mashhad,2221,persia
1359,TIM,persian,sunni,no,2,2,incense,1,Ardakan,yes,0,Ardakan,2222,persia
1360,FRS,persian,sunni,no,2,2,iron,2,Lar,yes,0,Larestan,2223,hormuz
1361,TIM,khorasani,sunni,no,1,1,livestock,2,Ferah,yes,0,Ferah,2224,persia
1362,TIM,afghani,shiite,no,2,2,dyes,2,Bamyan,yes,0,Bamyan,2225,lahore
1363,AFG,afghani,sunni,no,4,4,livestock,3,Jalalabad,yes,0,Jalalabad,2226,lahore
1364,TIM,afghani,sunni,no,1,1,cotton,2,Kunduz,yes,0,Kunduz,2227,lahore
1365,TIM,afghani,sunni,no,3,3,cotton,2,Maymana,yes,0,Maymana,2228,lahore
1366,SIS,afghani,sunni,no,1,1,livestock,3,Bust,yes,0,Bust,2229,persia
1367,SPA,andalucian,sunni,no,6,4,silk,4,Granada,yes,0,Granada,223,sevilla
1368,SIS,khorasani,sunni,no,1,1,livestock,1,Chakansur,yes,0,Chakhansur,2230,persia
1369,BAL,baluchi,sunni,no,2,2,fish,1,Bela,yes,0,Bela,2231,hormuz
1370,BAL,baluchi,sunni,no,1,1,livestock,2,Kharan,yes,0,Kharan,2232,hormuz
1371,BAL,baluchi,sunni,no,1,1,fish,1,Chabahar,yes,0,WesternMakran,2233,hormuz
1372,TIM,persian,sunni,no,2,2,copper,1,Rafsanjan,yes,0,Rafsanjan,2234,hormuz
1373,KHO,khorasani,sunni,no,2,2,wool,1,Sabzevar,yes,0,Sabzevar,2235,persia
1374,KHO,khorasani,sunni,no,2,2,wool,1,Bojnord,yes,0,Bojnord,2236,persia
1375,FUL,fulani,Unowned,no,3,3,unknown,1,Tekrur,yes,0,Tekrur,2237,timbuktu
1376,MAL,senegambian,Unowned,no,1,1,ivory,1,Sutuco,yes,0,Kantor,2238,ivory_coast
1377,JOL,senegambian,Unowned,no,2,2,slaves,1,Mbissel,yes,0,Siine,2239,ivory_coast
1378,SPA,andalucian,catholic,no,6,6,wine,4,Sevilla,yes,2,Andalucia,224,sevilla
1379,FUL,fulani,Unowned,no,3,3,unknown,1,Galam,yes,0,Galam,2240,timbuktu
1380,Unowned,senegambian,Unowned,no,1,1,slaves,1,Beafada,no,0,Beafada,2241,ivory_coast
1381,Unowned,dyola,Unowned,no,1,1,unknown,1,Karou,no,0,Karou,2242,ivory_coast
1382,MAL,soninke,sunni,no,1,1,livestock,1,Awdaghust,yes,0,Termes,2243,timbuktu
1383,FUL,fulani,Unowned,no,1,1,unknown,1,Kiffa,yes,0,Tagant,2244,timbuktu
1384,MAL,soninke,Unowned,no,2,2,wool,1,Dia,yes,0,Wagadu,2245,timbuktu
1385,TMB,soninke,sunni,no,2,2,wool,1,Baghena,yes,0,Baghena,2246,timbuktu
1386,TMB,tuareg,sunni,no,2,2,wool,1,Walata,yes,0,Hodh,2247,timbuktu
1387,MAL,mali,Unowned,no,4,4,livestock,1,Walata,yes,0,Do,2248,timbuktu
1388,MAL,mali,Unowned,no,2,2,spices,1,Bamako,yes,0,Sibiridugu,2249,timbuktu
1389,SPA,andalucian,catholic,no,4,4,grain,2,Córdoba,yes,0,Cordoba,225,sevilla
1390,MAL,bozo,Unowned,no,3,3,iron,1,San,yes,0,Bendugu,2250,timbuktu
1391,Unowned,Unowned,Unowned,no,0,0,,0,Bagoe,no,0,Bagoe,2251,timbuktu
1392,KNG,dyola,Unowned,no,2,2,gold,1,Lobi,yes,0,Lobi,2252,timbuktu
1393,KNG,dyola,Unowned,no,1,1,grain,1,Say,yes,0,Gwiriko,2253,timbuktu
1394,BON,aka,Unowned,no,3,3,tropical_wood,1,Bonoman,yes,0,Bonoman,2254,timbuktu
1395,BON,aka,Unowned,no,2,2,,1,Amanvi,yes,0,Gyaaman,2255,timbuktu
1396,DGB,dagomba,Unowned,no,1,1,dyes,1,Yendi,yes,0,Dagbon,2256,timbuktu
1397,ASH,aka,Unowned,no,2,2,coffee,1,Dunkwa,yes,0,Denkyira,2257,ivory_coast
1398,POR,aka,catholic,no,2,2,unknown,1,Axim,yes,1,CapeCoast,2258,ivory_coast
1399,JNN,bambara,Unowned,no,3,3,grain,1,Sah,yes,0,Bara,2259,timbuktu
1400,SPA,andalucian,sunni,no,1,1,fish,1,Gibraltar,yes,0,Gibraltar,226,sevilla
1401,TMB,bambara,sunni,no,2,2,grain,1,Tendirma,yes,0,Mema,2260,timbuktu
1402,JNN,bozo,Unowned,no,4,4,,1,Isaq,yes,0,Kala,2261,timbuktu
1403,SON,songhai,sunni,no,3,3,fish,1,Karabara,yes,0,Karabara,2262,timbuktu
1404,YAT,bozo,Unowned,no,1,1,ivory,1,Douentza,yes,0,Haayre,2263,timbuktu
1405,YAT,Unowned,Unowned,no,1,1,livestock,1,Amanvi,yes,0,Hombori,2264,timbuktu
1406,YAT,mossi,Unowned,no,1,1,livestock,1,Dori,yes,0,Liptako,2265,timbuktu
1407,WGD,mossi,Unowned,no,1,1,grain,1,Bilanga,yes,0,Bilanga,2266,timbuktu
1408,WGD,mossi,Unowned,no,3,3,livestock,1,Tenkodogo,yes,0,Tenkodogo,2267,timbuktu
1409,SON,songhai,sunni,no,3,3,grain,1,Kukiya,yes,0,Aribanda,2268,timbuktu
1410,SON,songhai,sunni,no,2,2,wool,1,Ouallam,yes,0,Zarmaganda,2269,timbuktu
1411,POR,portugese,catholic,no,6,7,fish,3,Lisboa,yes,2,Lisboa,227,sevilla
1412,SON,songhai,Unowned,no,2,2,grain,1,Say,yes,0,Dallol,2270,timbuktu
1413,SON,tuareg,sunni,no,1,1,livestock,1,Menaka,yes,0,Azawagh,2271,timbuktu
1414,AIR,tuareg,sunni,no,1,1,salt,1,Azbin,yes,0,Azbin,2272,katsina
1415,AIR,tuareg,sunni,no,1,1,livestock,1,Tahoua,yes,0,Ader,2273,katsina
1416,AIR,tuareg,sunni,no,4,4,iron,1,Asodé,yes,0,Air,2274,katsina
1417,AIR,tuareg,sunni,no,1,1,livestock,1,Aghram,yes,0,Tenere,2275,katsina
1418,AIR,tuareg,sunni,no,1,1,livestock,1,Tahut,yes,0,Itesan,2276,katsina
1419,AIR,tuareg,sunni,no,1,1,salt,1,Kawar,yes,0,Kawar,2277,katsina
1420,ZZZ,hausa,Unowned,no,2,2,grain,1,Sorko,yes,0,Kebbi,2278,katsina
1421,KTS,hausa,sunni,no,3,3,dyes,1,Daura,yes,0,Daura,2279,katsina
1422,POR,portugese,catholic,no,4,4,wine,3,Viseu,yes,0,Beira,228,sevilla
1423,KAN,hausa,sunni,no,2,2,dyes,1,Biram,yes,0,Biram,2280,katsina
1424,KAN,hausa,sunni,no,2,2,dyes,1,Rano,yes,0,Rano,2281,katsina
1425,KBO,kanuri,sunni,no,2,2,grain,1,Muniyo,yes,0,Muniyo,2282,katsina
1426,KBO,kanuri,sunni,no,1,1,grain,1,Bedde,yes,0,Bedde,2283,katsina
1427,KBO,kanuri,sunni,no,2,2,livestock,1,Manga,yes,0,Manga,2284,katsina
1428,KBO,kanuri,Unowned,no,1,1,grain,1,Marghi,yes,0,Marghi,2285,katsina
1429,YAO,kanuri,Unowned,no,2,2,ivory,1,Logone,yes,0,Logone,2286,katsina
1430,YAO,kanuri,sunni,no,3,3,grain,1,Kotoko,yes,0,Kotoko,2287,katsina
1431,YAO,bilala,sunni,no,3,3,grain,1,Yao,yes,0,Yao,2288,katsina
1432,BEN,yorumba,Unowned,no,2,2,,1,Ondo,yes,0,Ondo,2289,ivory_coast
1433,POR,portugese,catholic,no,3,3,livestock,3,Beja,yes,0,Beja,229,sevilla
1434,BEN,yorumba,Unowned,no,2,2,slaves,1,Ijebu,yes,0,Ijebu,2290,ivory_coast
1435,OYO,yorumba,Unowned,no,2,2,slaves,1,Ketu,yes,0,Ketu,2291,timbuktu
1436,OYO,yorumba,Unowned,no,1,1,tropical_wood,1,Bajibo,yes,0,Moshi,2292,timbuktu
1437,ZZZ,hausa,Unowned,no,1,1,,1,Yawuri,yes,0,Yawuri,2293,katsina
1438,BEN,yorumba,Unowned,no,1,1,slaves,1,Warri,yes,0,Warri,2294,ivory_coast
1439,DGB,dagomba,Unowned,no,1,1,tropical_wood,1,Atakora,yes,0,Atakora,2295,timbuktu
1440,TUR,turkish,sunni,no,4,4,naval_supplies,3,Biga,yes,0,Biga,2296,constantinople
1441,SRU,turkish,sunni,no,3,3,cotton,2,Manisa,yes,0,Saruhan,2297,constantinople
1442,TUR,turkish,sunni,no,3,3,cotton,2,Adalia,yes,0,Tekke,2298,constantinople
1443,TUR,turkish,sunni,no,2,2,fish,2,Bolu,yes,0,Bolu,2299,constantinople
1444,NOR,norwegian,catholic,no,3,3,naval_supplies,1,Bergen,yes,2,Bergenshus,23,north_sea
1445,POR,portugese,catholic,no,3,3,salt,2,Faro,yes,0,Algarve,230,sevilla
1446,TUR,turkish,sunni,no,3,3,grain,2,Yozgat,yes,0,Bozok,2300,constantinople
1447,KAR,turkish,sunni,no,3,3,iron,2,Kayseri,yes,0,Kayseri,2301,aleppo
1448,KAR,turkish,sunni,no,2,2,naval_supplies,2,Ermenek,yes,0,Icel,2302,aleppo
1449,DUL,turkish,shiite,no,2,2,cloth,2,Malatiya,yes,0,Malatya,2303,aleppo
1450,CND,pontic_greek,orthodox,no,2,2,wine,2,Samsun,yes,0,Canik,2304,constantinople
1451,TIM,armenian,coptic,no,3,3,copper,2,Erzindjan,yes,0,Erzincan,2305,crimea
1452,AKK,armenian,coptic,no,3,3,wool,3,Mus,yes,0,Mush,2306,aleppo
1453,AKK,armenian,coptic,no,3,3,wool,2,Van,yes,0,Van,2307,aleppo
1454,AKK,kurdish,sunni,no,3,3,wool,2,Urfa,yes,0,Urfa,2308,aleppo
1455,QAR,al_iraqiya_arabic,sunni,no,2,2,sugar,2,Sindjar,yes,0,Sinjar,2309,aleppo
1456,POR,portugese,catholic,no,7,7,wine,5,Porto,yes,1,Porto,231,sevilla
1457,TIM,al_iraqiya_arabic,sunni,no,3,3,livestock,2,Tikrit,yes,0,Tikrit,2310,basra
1458,QAR,al_iraqiya_arabic,shiite,no,3,3,,2,Najaf,yes,0,Samawah,2311,basra
1459,QAR,al_iraqiya_arabic,sunni,no,3,3,grain,2,Wasit,yes,0,Wasit,2312,basra
1460,SYR,al_suryah_arabic,sunni,no,4,4,cloth,3,Antakya,yes,0,Antioch,2313,aleppo
1461,MAM,al_iraqiya_arabic,sunni,no,1,1,grain,1,Rahba,yes,0,Rahba,2314,aleppo
1462,MAM,al_misr_arabic,sunni,no,2,2,livestock,1,Suweis,yes,0,Suez,2315,alexandria
1463,MAM,al_misr_arabic,sunni,no,4,4,grain,4,Manuf,yes,0,AlGharbia,2316,alexandria
1464,MAM,al_misr_arabic,sunni,no,3,3,sugar,2,Minya,yes,0,Minya,2317,alexandria
1465,MAM,al_misr_arabic,sunni,no,1,1,livestock,2,Bahiriya,yes,0,Bahiriya,2318,alexandria
1466,MAM,al_misr_arabic,sunni,no,2,2,cotton,1,Manfalut,yes,0,Manfalut,2319,alexandria
1467,POR,portugese,catholic,no,5,5,wine,2,Bragança,yes,0,Braganca,232,sevilla
1468,MAM,al_misr_arabic,sunni,no,1,1,fish,1,RasGharib,yes,0,RasGharib,2320,alexandria
1469,MAM,al_misr_arabic,sunni,no,1,1,livestock,1,Queseer,yes,0,Queseer,2321,alexandria
1470,MAK,nubian,coptic,no,1,1,livestock,1,WadiHalfa,yes,0,WadiHalfa,2322,alexandria
1471,BEJ,nubian,coptic,no,1,1,slaves,1,SahraanNubyah,yes,0,SahraanNubyah,2323,alexandria
1472,MAM,beja,sunni,no,1,1,slaves,1,Halaib,yes,0,Halaib,2324,gulf_of_aden
1473,MAM,al_misr_arabic,sunni,no,1,1,fish,1,Tarrana,yes,0,Tarrana,2325,alexandria
1474,MAM,al_misr_arabic,sunni,no,1,1,livestock,1,Bardiyah,yes,0,Bardiyah,2326,alexandria
1475,MAM,bedouin_arabic,sunni,no,2,2,livestock,1,Maan,yes,0,Maan,2327,alexandria
1476,ANZ,bedouin_arabic,sunni,no,1,1,salt,1,Al-Ula,yes,0,AlUla,2328,alexandria
1477,MDA,hejazi_culture,sunni,no,1,1,cloth,1,Yanbu,yes,0,Yanbu,2329,alexandria
1478,ENG,cornish,catholic,no,1,1,copper,1,Penryn,yes,0,Cornwall,233,english_channel
1479,MDA,hejazi_culture,sunni,no,1,1,livestock,1,Ma'dinSulaym,yes,0,Ma'dinSulaym,2330,alexandria
1480,HED,hejazi_culture,sunni,no,2,3,incense,1,Jiddah,yes,2,Jeddah,2331,alexandria
1481,HED,hejazi_culture,sunni,no,1,1,livestock,1,Truba,yes,0,Turubah,2332,alexandria
1482,ORM,gulf_arabic,shiite,no,1,1,fish,1,Sila,yes,0,Abdal,2333,hormuz
1483,Unowned,Unowned,Unowned,no,0,0,,0,BadiyatashSham,no,0,BadiyatashSham,2334,basra
1484,DAW,bedouin_arabic,sunni,no,1,1,wool,2,Al-Lidam,yes,0,Dawasir,2335,basra
1485,DAW,bedouin_arabic,sunni,no,1,1,livestock,1,Aflaj,yes,0,Aflaj,2336,basra
1486,SHM,bedouin_arabic,sunni,no,1,1,livestock,1,Buraydeh,yes,0,Buraydeh,2337,basra
1487,SHM,bedouin_arabic,sunni,no,1,1,livestock,1,Hafar,yes,0,Hafar,2338,basra
1488,DAW,bedouin_arabic,sunni,no,1,1,grain,1,Yabrin,yes,0,Yabrin,2339,basra
1489,ENG,english,catholic,no,3,3,fish,3,Salisbury,yes,0,Hampshire,234,english_channel
1490,ALH,gulf_arabic,sunni,no,1,1,fish,1,Grane,yes,0,Grane,2340,basra
1491,ORM,omani_culture,ibadi,no,1,1,copper,1,Masirah,yes,0,Sharqiyah,2341,gulf_of_aden
1492,MHR,mahri_culture,sunni,no,1,1,incense,1,Wusta,yes,0,Wusta,2342,gulf_of_aden
1493,HDR,yemeni_culture,sunni,no,1,1,livestock,2,Say'un,yes,0,Kathiri,2343,gulf_of_aden
1494,RAS,yemeni_culture,shiite,no,1,1,livestock,1,Marib,yes,0,Marib,2344,gulf_of_aden
1495,TUR,yemeni_culture,shiite,no,2,2,livestock,2,Beihan,yes,0,Beihan,2345,gulf_of_aden
1496,MFL,hejazi_culture,shiite,no,3,3,fish,1,Jazan,yes,0,Jazan,2346,gulf_of_aden
1497,ALH,gulf_arabic,shiite,no,1,2,,1,Hofuf,yes,0,Hofuf,2347,basra
1498,GEN,greek,orthodox,no,2,2,wine,1,Chio,yes,0,Chios,2348,constantinople
1499,TIM,turkmeni,sunni,no,1,1,fish,1,Kizil-Su,yes,0,Kizil,2349,samarkand
1500,ENG,english,catholic,no,5,5,cloth,2,Canterbury,yes,0,Kent,235,english_channel
1501,TIM,turkmeni,sunni,no,1,1,copper,1,Konjikala,yes,0,Konjikala,2350,samarkand
1502,NOG,khazak,sunni,no,1,1,livestock,1,Shekty,yes,0,Shekty,2351,samarkand
1503,SHY,khazak,sunni,no,3,3,fish,3,Alty-Kuduk,yes,0,Alty,2352,samarkand
1504,NOG,khazak,sunni,no,1,1,naval_supplies,1,Tortkara,yes,0,Tortkara,2353,samarkand
1505,SHY,khazak,sunni,no,2,2,iron,2,Shegendyk,yes,0,Shegendyk,2354,siberia
1506,SHY,khazak,sunni,no,1,1,fish,1,Narym,yes,0,Narym,2355,samarkand
1507,TIM,uzbehk,sunni,no,1,1,tea,1,Shymkent,yes,0,Shymkent,2356,samarkand
1508,SHY,khazak,sunni,no,1,1,naval_supplies,1,Aksary,yes,0,Aksary,2357,siberia
1509,SHY,khazak,sunni,no,2,2,livestock,2,Altyn,yes,0,Altyn,2358,samarkand
1510,SHY,khazak,sunni,no,1,1,grain,1,Baganaly,yes,0,Baganaly,2359,samarkand
1511,ENG,english,catholic,no,7,7,cloth,6,London,yes,2,London,236,english_channel
1512,SHY,khazak,sunni,no,1,1,wool,1,Tobykty,yes,0,Tobykty,2360,samarkand
1513,SHY,khazak,sunni,no,1,1,grain,1,Dzhaman-Kuduk,yes,0,Dzhaman,2361,samarkand
1514,TIM,turkmeni,sunni,no,1,1,wool,1,Gurganj,yes,0,Gurganj,2362,samarkand
1515,SHY,khazak,sunni,no,1,1,livestock,1,Atakent,yes,0,Atakent,2363,samarkand
1516,CHG,kirgiz,sunni,no,2,2,iron,2,Talas,yes,0,Talas,2364,samarkand
1517,NOG,nogaybak,sunni,no,1,1,livestock,1,Orda,yes,0,Orda,2365,astrakhan
1518,NOG,nogaybak,sunni,no,1,1,livestock,1,Utva,yes,0,Utva,2366,astrakhan
1519,NOG,nogaybak,sunni,no,2,2,livestock,2,Kalmyk,yes,0,LowerYik,2367,astrakhan
1520,CHG,khazak,sunni,no,2,2,wool,2,Karamegdan,yes,0,Karamegdan,2368,samarkand
1521,SHY,khazak,sunni,no,1,1,iron,1,Zhanibek,yes,0,LowerIshim,2369,siberia
1522,ENG,english,catholic,no,4,4,livestock,2,Oxford,yes,0,Oxfordshire,237,english_channel
1523,NOG,nogaybak,sunni,no,1,1,livestock,1,Kungirot,yes,0,Kungirot,2370,samarkand
1524,LXA,lao,animism,no,2,2,tea,2,SongLa,yes,0,SongLa,2371,gulf_of_siam
1525,DAI,vietnamese,mahayana,no,5,5,naval_supplies,3,HaiPhong,yes,0,HaiPhong,2372,canton
1526,DAI,vietnamese,mahayana,no,5,5,incense,3,Hue,yes,0,Hue,2373,canton
1527,CHA,cham,hinduism,no,4,3,incense,3,Kauthara,yes,0,Kauthara,2374,gulf_of_siam
1528,KOH,cham,animism,no,2,2,tea,2,TayNguyen,yes,0,TayNguyen,2375,gulf_of_siam
1529,KHM,khmer,hinduism,no,3,3,grain,3,PrekRussey,yes,0,PrekRussey,2376,gulf_of_siam
1530,KHM,khmer,hinduism,no,4,4,fish,2,TeukKhmao,yes,0,TeukKhmao,2377,gulf_of_siam
1531,KHM,khmer,animism,no,2,2,grain,1,Kratie,yes,0,Kratie,2378,gulf_of_siam
1532,KHM,khmer,buddhism,no,2,2,ivory,2,Battambang,yes,0,Battambang,2379,gulf_of_siam
1533,ENG,english,catholic,no,6,6,cloth,2,Chelmsford,yes,0,Essex,238,english_channel
1534,KHM,khmer,buddhism,no,5,5,iron,3,Chaktomuk,yes,1,PhnomPenh,2380,gulf_of_siam
1535,LXA,lao,animism,no,2,2,tea,2,LuangNamtha,yes,0,LuangNamtha,2381,gulf_of_siam
1536,LXA,lao,animism,no,3,3,copper,2,SavanhNakhone,yes,0,SavanhNakhone,2382,gulf_of_siam
1537,LXA,khmer,buddhism,no,2,2,grain,2,Khukhan,yes,0,KhukhanorSurin,2383,gulf_of_siam
1538,LXA,lao,buddhism,no,2,2,silk,1,NongKhai,yes,0,NongKhai,2384,gulf_of_siam
1539,LXA,lao,buddhism,no,2,2,grain,2,NongbuaLamphu,yes,0,NongbuaLamphu,2385,gulf_of_siam
1540,LXA,khmer,buddhism,no,2,2,grain,1,Chaiyaphum,yes,0,Chaiyaphum,2386,gulf_of_siam
1541,AYU,central_thai,buddhism,no,3,3,tropical_wood,3,Phetchaburi,yes,0,Phetchaburi,2387,gulf_of_siam
1542,SUK,central_thai,buddhism,no,4,4,livestock,3,Phitsanulok,yes,0,Phitsanulok,2388,gulf_of_siam
1543,SUK,central_thai,buddhism,no,5,5,tropical_wood,3,PhraBang,yes,0,PhraBang,2389,gulf_of_siam
1544,ENG,english,catholic,no,2,2,naval_supplies,2,Bristol,yes,1,Gloucestershire,239,english_channel
1545,LIG,central_thai,buddhism,no,2,2,fish,3,Chaiya,yes,0,Chaiya,2390,malacca
1546,LIG,malayan,sunni,no,4,4,fish,2,Thalang,yes,0,Thalang,2391,malacca
1547,MLC,malayan,sunni,no,3,3,grain,2,Kelang,yes,0,Selangor,2392,malacca
1548,KEL,malayan,sunni,no,2,2,fish,1,Terengganu,yes,0,Terengganu,2393,malacca
1549,KED,malayan,sunni,no,4,4,grain,2,Kedah,yes,0,Kedah,2394,malacca
1550,MKA,kachin,animism,no,2,2,grain,1,HkamtiLong,yes,0,HkamtiLong,2395,burma
1551,MKA,kachin,buddhism,no,2,3,gems,2,MongKawng,yes,0,MongKawng,2396,burma
1552,MYA,shan,animism,no,1,2,tea,1,Tamanthi,yes,0,Tamanthi,2397,burma
1553,KAL,chin,animism,no,2,2,grain,1,Thaungdut,yes,0,Thaungdut,2398,burma
1554,AVA,burmese,buddhism,no,4,4,tropical_wood,3,Pagan,yes,0,Pagan,2399,burma
1555,NOR,norwegian,catholic,no,3,2,fish,1,Stavanger,yes,0,Agder,24,north_sea
1556,ENG,english,catholic,no,3,3,wool,2,Shrewsbury,yes,0,Shrewsbury,240,english_channel
1557,HSI,shan,buddhism,no,3,3,grain,2,Hsipaw,yes,0,Hsipaw,2400,burma
1558,MPA,karen,animism,no,2,2,tropical_wood,2,MongPai,yes,0,MongPai,2401,burma
1559,ARK,arakanese,buddhism,no,4,4,iron,2,Sandoway,yes,0,Sandoway,2402,ganges_delta
1560,PEG,mon,buddhism,no,3,3,chinaware,2,Moulmein,yes,0,Martaban,2403,burma
1561,AYU,mon,buddhism,no,4,4,chinaware,2,Mergui,yes,0,Mergui,2404,gulf_of_siam
1562,MOL,romanian,orthodox,no,3,2,wine,2,Bender,yes,0,Bendery,2405,crimea
1563,CRI,crimean,sunni,no,1,1,wine,1,Kyzy-Kermen,yes,0,Ingil,2406,crimea
1564,LIT,ruthenian,orthodox,no,2,2,grain,1,Pereyaslav,yes,0,Pereyaslav,2407,kiev
1565,RYA,mishary,sunni,no,3,3,livestock,1,Yelets,yes,0,Lipetsk,2408,kiev
1566,GOL,mishary,sunni,no,2,2,iron,1,Bahmut,yes,0,Bahmut,2409,astrakhan
1567,ENG,welsh,catholic,no,2,2,iron,1,Swansea,yes,0,Glamorgan,241,english_channel
1568,TRE,goths,orthodox,no,3,3,wine,3,Mangul,yes,0,Theodoro,2410,crimea
1569,CRI,crimean,sunni,no,3,3,livestock,2,Mansur,yes,0,Mansur,2411,crimea
1570,CRI,crimean,sunni,no,4,4,salt,3,Kyzyl-Yar,yes,0,Kyzyl,2412,crimea
1571,CRI,crimean,sunni,no,3,3,livestock,2,Tyn,yes,0,Tyn,2413,crimea
1572,CRI,crimean,sunni,no,3,3,livestock,3,Azaraba,yes,0,Azaraba,2414,crimea
1573,GOL,mishary,sunni,no,3,3,livestock,2,Etkara,yes,0,Etkara,2415,astrakhan
1574,GOL,astrakhani,sunni,no,3,3,livestock,2,Majar,yes,0,Majar,2416,astrakhan
1575,GOL,astrakhani,sunni,no,2,2,iron,2,Kuma,yes,0,Kuma,2417,astrakhan
1576,GOL,astrakhani,sunni,no,2,2,iron,3,Ukek,yes,0,Ukek,2418,astrakhan
1577,KAZ,kazani,sunni,no,2,2,livestock,2,Kanadey,yes,0,Kanadey,2419,astrakhan
1578,ENG,welsh,catholic,no,2,2,livestock,1,Caernarvon,yes,0,Gwynedd,242,english_channel
1579,NOG,bashkir,sunni,no,4,4,iron,3,Agyidel,yes,0,Agyidel,2420,kazan
1580,KAZ,kazani,sunni,no,2,2,grain,2,Juketau,yes,0,Juketau,2421,kazan
1581,KAZ,kazani,sunni,no,3,3,grain,3,Veda-Suvar,yes,0,Veda,2422,kazan
1582,MOS,russian,orthodox,no,3,3,grain,2,Alatyr,yes,0,Alatyr,2423,kazan
1583,POL,ruthenian,orthodox,no,3,3,livestock,1,Przemysl,yes,0,Peremyshl,2424,krakow
1584,Unowned,Unowned,Unowned,no,0,0,,0,Naryan,no,0,Naryan,2425,white_sea
1585,Unowned,Unowned,Unowned,no,0,0,,0,Yamal,no,0,Yamal,2426,white_sea
1586,SHY,ostyaki,tengri_pagan_reformed,no,3,3,fur,3,Beloyarskiy,yes,0,Ostyaki,2427,siberia
1587,SHY,ostyaki,sunni,no,1,1,fur,1,Yugan,yes,0,Yugan,2428,siberia
1588,SHY,ostyaki,sunni,no,1,1,fur,1,Variegansk,yes,0,Agan,2429,siberia
1589,ENG,english,catholic,no,3,3,cloth,2,Lincoln,yes,1,Lincoln,243,english_channel
1590,RUS,samoyed,orthodox,no,1,1,unknown,1,Troitskiy,no,0,Baykha,2430,siberia
1591,RUS,tungus,tengri_pagan_reformed,no,1,1,unknown,1,Uchaminskiy,yes,0,Uchamin,2431,siberia
1592,RUS,tungus,tengri_pagan_reformed,no,1,1,unknown,1,Igarka,yes,0,Chulym,2432,siberia
1593,SHY,ostyaki,tengri_pagan_reformed,no,2,2,fur,2,Vah,yes,0,Vah,2433,siberia
1594,OIR,kirgiz,tengri_pagan_reformed,no,1,1,unknown,1,Barnaul,yes,0,Barnaul,2434,siberia
1595,RUS,yakut,tengri_pagan_reformed,no,1,1,unknown,1,Olyokminsk,yes,0,Nukhtui,2435,siberia
1596,RUS,tungus,tengri_pagan_reformed,no,1,1,unknown,1,Chunskaya,yes,0,Chuna,2436,siberia
1597,RUS,tungus,tengri_pagan_reformed,no,1,1,unknown,1,Seganka,yes,0,Seganka,2437,siberia
1598,RUS,yakut,tengri_pagan_reformed,no,1,1,unknown,1,Kharya,yes,0,Kharya,2438,girin
1599,RUS,yukagyr,tengri_pagan_reformed,no,1,1,unknown,1,Zasjiversk,yes,0,Yarmanka,2439,girin
1600,ENG,english,catholic,no,3,3,wool,2,Lancaster,yes,0,Lancashire,244,north_sea
1601,CHV,kamchatkan,tengri_pagan_reformed,no,1,1,fish,1,Kagyrgyn,yes,0,Kagyrgyn,2440,girin
1602,SHY,siberian,tengri_pagan_reformed,no,3,3,fur,2,Iglino,yes,0,Iglino,2441,siberia
1603,RUS,buryat,tengri_pagan_reformed,no,1,1,unknown,1,Ust-Kut,yes,0,Ust,2442,siberia
1604,RUS,buryat,tengri_pagan_reformed,no,1,1,unknown,1,Kansk,yes,0,Kan,2443,siberia
1605,KAZ,bashkir,sunni,no,2,2,gold,2,Bashgird,yes,0,Bashgird,2444,kazan
1606,RUS,samoyed,orthodox,no,3,3,fur,1,Mangazea,yes,0,Mangazea,2445,siberia
1607,RUS,buryat,tengri_pagan_reformed,no,3,3,unknown,3,Chara,no,0,Chara,2446,girin
1608,GEN,pontic_greek,orthodox,no,2,2,livestock,1,Matrega,yes,0,Mantrega,2447,crimea
1609,FZA,tunisian,sunni,no,1,1,ivory,1,Murzuk,yes,0,Fezzan,2448,tunis
1610,FZA,tunisian,sunni,no,1,1,livestock,1,Hun,yes,0,Jufra,2449,tunis
1611,ENG,english,catholic,no,3,3,cloth,2,York,yes,1,Yorkshire,245,english_channel
1612,GHD,tunisian,sunni,no,1,1,,1,Ghadames,yes,0,Ghadames,2450,tunis
1613,TUN,tunisian,sunni,no,1,1,cloth,1,Thubaqt,yes,0,Thubaqt,2451,tunis
1614,TUN,tunisian,ibadi,no,1,1,fish,1,Zuwarah,yes,0,Zuwarah,2452,tunis
1615,TUN,tunisian,sunni,no,3,3,sugar,1,Sfax,yes,0,Sfax,2453,tunis
1616,TUN,tunisian,sunni,no,2,2,wool,1,Kairouan,yes,0,Kairouan,2454,tunis
1617,TUN,tunisian,sunni,no,4,4,grain,1,Bizerte,yes,0,Bizerte,2455,tunis
1618,TGT,algerian,sunni,no,1,1,spices,1,Touggourt,yes,0,Touggourt,2456,tunis
1619,MZB,berber,ibadi,no,1,1,livestock,1,Ghardaia,yes,0,Mzab,2457,tunis
1620,TUN,algerian,sunni,no,1,1,salt,1,Msila,yes,0,Kabylia,2458,tunis
1621,TLC,algerian,sunni,no,1,1,grain,1,Medea,yes,0,Titteri,2459,safi
1622,ENG,english,catholic,no,3,3,wool,2,Newcastle,yes,0,Northumberland,246,north_sea
1623,MOR,moroccan,sunni,no,1,1,livestock,1,Saoura,yes,0,Saoura,2460,safi
1624,TLC,algerian,sunni,no,3,3,grain,2,Mostaganem,yes,0,Dahra,2461,safi
1625,TLC,berber,sunni,no,2,2,livestock,1,Ouarsenis,yes,0,Ouarsenis,2462,safi
1626,TLC,berber,sunni,no,1,1,livestock,1,Kasdir,yes,0,Maaskar,2463,safi
1627,MOR,berber,sunni,no,2,2,grain,1,Ouarzazate,yes,0,Ouarzazate,2464,safi
1628,TLC,berber,sunni,no,3,3,wool,1,Oujda,yes,0,Oudja,2465,safi
1629,MOR,moroccan,sunni,no,4,4,,2,Tagmadert,yes,1,Draa,2466,safi
1630,MOR,moroccan,sunni,no,4,4,cloth,2,Meknes,yes,0,Meknes,2467,safi
1631,MOR,moroccan,sunni,no,3,3,copper,1,Tadla,yes,0,Tadla,2468,safi
1632,MOR,moroccan,sunni,no,2,2,grain,1,Mazzagan,yes,0,Dukkala,2469,safi
1633,ENG,english,catholic,no,2,2,wool,1,Carlisle,yes,0,Cumbria,247,north_sea
1634,MOR,berber,sunni,no,2,2,grain,1,Mogador,yes,0,Haha,2470,safi
1635,Unowned,Unowned,Unowned,no,0,0,,0,Chottel,no,0,Chottel,2471,
1636,TGT,berber,ibadi,no,1,1,slaves,1,Ouargla,yes,0,Ouargla,2472,tunis
1637,TUN,tunisian,sunni,no,5,5,sugar,2,Susa,yes,0,Souss,2473,tunis
1638,Unowned,tuareg,sunni,no,1,1,unknown,1,Tajhari,no,0,Tajhari,2474,tunis
1639,Unowned,tuareg,sunni,no,1,1,unknown,1,Djado,no,0,Djado,2475,katsina
1640,SPA,piman,totemism,no,3,2,unknown,1,Kumeyaay,yes,0,Kumeyaay,2476,california
1641,Unowned,chinook,totemism,no,1,1,unknown,1,Yuki,no,0,Yuki,2477,california
1642,Unowned,yokuts,totemism,no,1,1,unknown,1,Tachi,no,0,Tachi,2478,california
1643,Unowned,yokuts,totemism,no,1,1,unknown,1,Maidu,no,0,Maidu,2479,california
1644,SCO,scottish,catholic,no,6,6,cloth,4,Edinburgh,yes,2,Lothian,248,north_sea
1645,Unowned,chinook,totemism,no,1,1,unknown,1,Shasta,no,0,Shasta,2480,california
1646,Unowned,chinook,totemism,no,1,1,unknown,1,Klamath,no,0,Klamath,2481,california
1647,GBR,chinook,totemism,no,1,1,unknown,1,Kalapuya,yes,0,Kalapuya,2482,california
1648,Unowned,chinook,totemism,no,1,1,unknown,1,Umatilla,no,0,Umatilla,2483,california
1649,Unowned,salish,totemism,no,1,1,unknown,1,Quileute,no,0,Quileute,2484,california
1650,Unowned,salish,totemism,no,1,1,unknown,1,Chehalis,no,0,Chehalis,2485,california
1651,USA,salish,totemism,no,1,1,unknown,1,Yakima,yes,0,Yakima,2486,california
1652,GBR,salish,totemism,no,1,1,unknown,1,Spokane,yes,0,Spokane,2487,california
1653,GBR,salish,totemism,no,1,1,unknown,1,Palus,yes,0,Palus,2488,california
1654,Unowned,shoshone,totemism,no,1,1,unknown,1,Bohogue,no,0,Bohogue,2489,california
1655,SCO,scottish,catholic,no,4,4,wool,2,Ayr,yes,1,Ayrshire,249,north_sea
1656,Unowned,shoshone,totemism,no,1,1,unknown,1,Goshute,no,0,Goshute,2490,california
1657,Unowned,piman,totemism,no,1,1,unknown,1,Hualapai,no,0,Hualapai,2491,california
1658,Unowned,apache,totemism,no,1,1,unknown,1,Chiricahua,no,0,Chiricahua,2492,california
1659,Unowned,pueblo,totemism,no,1,1,unknown,1,Hopi,no,0,Hopi,2493,rio_grande
1660,ZNI,pueblo,totemism,no,1,1,wool,1,Zuni,yes,0,Zuni,2494,rio_grande
1661,ACO,pueblo,totemism,no,2,2,grain,1,Acoma,yes,0,Acoma,2495,rio_grande
1662,Unowned,mescalero,totemism,no,1,1,unknown,1,Jicarilla,no,0,Jicarilla,2496,rio_grande
1663,Unowned,lipan,totemism,no,1,1,unknown,1,Lipiyanes,no,0,Lipiyanes,2497,rio_grande
1664,SPA,mescalero,totemism,no,1,1,unknown,1,Jumano,yes,0,Jumao,2498,rio_grande
1665,SPA,lipan,totemism,no,1,1,unknown,1,Coahuilteco,yes,0,Coahuilteco,2499,rio_grande
1666,GOT,swedish,catholic,no,4,4,wool,2,Visby,yes,1,Gotland,25,baltic_sea
1667,SCO,highland_scottish,catholic,no,3,3,livestock,4,Perth,yes,0,Perth,250,north_sea
1668,Unowned,lipan,totemism,no,1,1,unknown,1,Querecho,no,0,Querecho,2500,rio_grande
1669,Unowned,blackfoot,totemism,no,1,1,unknown,1,Piegan,no,0,Piegan,2501,james_bay
1670,---,blackfoot,totemism,no,1,1,fur,1,Haaninin,no,0,Haaninin,2502,james_bay
1671,KIO,kiowa,totemism,no,1,1,unknown,1,Ashshipite,yes,0,Ashshipite,2503,james_bay
1672,Unowned,blackfoot,totemism,no,1,1,unknown,1,Eelalapito,no,0,Eelalapito,2504,mississippi_river
1673,CHY,pawnee,totemism,no,1,1,unknown,1,Outoulibi,yes,0,Tsitsistas,2505,mississippi_river
1674,Unowned,shoshone,totemism,no,1,1,unknown,1,Kuccuntikka,no,0,Kuccuntikka,2506,california
1675,Unowned,wichita,totemism,no,1,1,unknown,1,Baachinena,no,0,Baachinena,2507,mississippi_river
1676,Unowned,pawnee,totemism,no,1,1,unknown,1,Skiri,no,0,Skiri,2508,mississippi_river
1677,Unowned,wichita,totemism,no,1,1,unknown,1,Utsehta,no,0,Utsehta,2509,mississippi_river
1678,SCO,Unowned,catholic,no,3,3,fish,3,Aberdeen,yes,0,Aberdeen,251,north_sea
1679,ARP,arapaho,totemism,no,1,1,unknown,1,Mandan,yes,0,Mandan,2510,james_bay
1680,Unowned,nakota,totemism,no,1,1,fur,1,Itscheabine,no,0,Itscheabine,2511,james_bay
1681,SIO,dakota,totemism,no,1,1,unknown,1,Wahpekute,yes,0,Wahpekute,2512,mississippi_river
1682,CAO,illini,totemism,no,1,1,unknown,1,Moingwena,yes,0,Moingwena,2513,mississippi_river
1683,---,illini,totemism,no,1,1,unknown,1,Michigamea,no,0,Michigamea,2514,mississippi_river
1684,USA,yoron,totemism,no,1,1,unknown,1,Satsukhdin,no,0,Satuskhdin,2515,mississippi_river
1685,SPA,caddo,totemism,no,2,1,unknown,1,Adai,yes,0,Adai,2516,mississippi_river
1686,SIO,dakota,totemism,no,1,1,fur,1,Mdewakanton,yes,0,Mdewakanton,2517,ohio
1687,USA,anishinabe,totemism,no,1,1,unknown,1,Noquet,no,0,Noquet,2518,ohio
1688,USA,miami,totemism,no,1,1,unknown,1,Kilatika,yes,0,Kilatika,2519,ohio
1689,SCO,highland_scottish,catholic,no,2,2,wool,3,Inverness,yes,0,Inverness,252,north_sea
1690,FRA,miami,totemism,no,1,1,unknown,1,Mengkonkia,yes,0,Mengkonkia,2520,ohio
1691,USA,anishinabe,totemism,no,1,2,unknown,1,Okouara,yes,0,Okouara,2521,ohio
1692,USA,mesquakie,totemism,no,1,1,unknown,1,Mascouten,no,0,Mascouten,2522,ohio
1693,USA,miami,totemism,no,1,1,unknown,1,Piankeshaw,no,0,Piankeshaw,2523,ohio
1694,OSA,osage,totemism,no,1,1,grain,1,Wabash,yes,0,Wabash,2524,ohio
1695,CLG,shawnee,totemism,no,1,1,fur,1,Chillicothe,yes,0,Chillicothe,2525,ohio
1696,KSP,shawnee,totemism,no,1,1,fur,1,Shatteras,yes,0,Shatteras,2526,ohio
1697,SAT,creek,totemism,no,1,1,fur,1,Atali,yes,0,Chickamauga,2527,chesapeake_bay
1698,QUI,natchez,totemism,no,2,2,cotton,1,Yazoo,yes,0,Yazoo,2528,mississippi_river
1699,NTZ,natchez,totemism,no,1,1,cotton,1,Natchez,yes,0,Natchez,2529,mississippi_river
1700,LOI,highland_scottish,catholic,no,1,1,grain,1,Stornoway,yes,0,WesternIsles,253,north_sea
1701,GBR,choctaw,totemism,no,2,2,unknown,1,Biloxi,yes,0,Biloxi,2530,mississippi_river
1702,ABI,creek,totemism,no,1,1,tobacco,1,Napochi,yes,0,Napochi,2531,mississippi_river
1703,ATA,choctaw,totemism,no,2,2,grain,1,Tohome,yes,0,Tohome,2532,mississippi_river
1704,SPA,creek,totemism,no,1,1,unknown,1,Chatot,yes,0,Chatot,2533,mississippi_river
1705,SPA,yamasee,totemism,no,1,1,unknown,1,Yustaga,yes,0,Yustaga,2534,carribean_trade
1706,Unowned,yamasee,totemism,no,1,1,unknown,1,Calusa,no,0,Calusa,2535,carribean_trade
1707,Unowned,arawak,totemism,no,1,1,unknown,1,Mayaimi,no,0,Mayaimi,2536,carribean_trade
1708,ICH,yamasee,totemism,no,1,1,cotton,1,Hitchiti,yes,0,Hitchiti,2537,chesapeake_bay
1709,ALT,yamasee,totemism,no,1,1,cotton,1,Yamasee,yes,0,Yamasee,2538,chesapeake_bay
1710,SPA,yamasee,totemism,no,1,1,unknown,1,Mocama,no,0,Mocama,2539,chesapeake_bay
1711,POL,polish,catholic,no,6,6,salt,5,Poznan,yes,0,Poznan,254,krakow
1712,ETO,creek,totemism,no,1,1,tobacco,1,Coweta,yes,0,Coweta,2540,chesapeake_bay
1713,GBR,catawba,totemism,no,2,2,unknown,1,Saluda,yes,0,Saluda,2541,chesapeake_bay
1714,SPA,catawba,totemism,no,2,2,unknown,1,Cusabo,yes,0,Cusabo,2542,chesapeake_bay
1715,GBR,catawba,totemism,no,2,2,unknown,1,Waccamaw,yes,0,Waccamaw,2543,chesapeake_bay
1716,GBR,catawba,totemism,no,2,2,unknown,1,Yadkin,yes,0,Yadkin,2544,chesapeake_bay
1717,GBR,catawba,totemism,no,1,1,unknown,1,Waxhaw,yes,0,Waxhaw,2545,chesapeake_bay
1718,GBR,catawba,totemism,no,2,2,unknown,1,Chicora,yes,0,Chicora,2546,chesapeake_bay
1719,ENG,powhatan,totemism,no,2,2,unknown,1,Nanticoke,yes,0,Roanoke,2547,chesapeake_bay
1720,CHE,yuchi,totemism,no,2,2,unknown,1,Tutelo,yes,0,Tutelo,2548,chesapeake_bay
1721,GBR,powhatan,totemism,no,1,1,unknown,1,Moratok,no,0,Moratok,2549,chesapeake_bay
1722,POL,polish,catholic,no,3,3,cloth,1,Kalisz,yes,0,Kalisz,255,krakow
1723,ENG,powhatan,totemism,no,2,2,unknown,1,Doeg,yes,0,Doeg,2550,chesapeake_bay
1724,GBR,shawnee,totemism,no,1,1,unknown,1,Monongahela,no,0,Monongahela,2551,ohio
1725,IRO,susquehannock,totemism,no,1,1,unknown,1,Manahoac,no,0,Manahoac,2552,chesapeake_bay
1726,IRO,susquehannock,totemism,no,2,2,unknown,1,Potomac,no,0,Potomac,2553,chesapeake_bay
1727,ENG,powhatan,totemism,no,2,2,unknown,1,Nanticoke,yes,0,Nanticoke,2554,chesapeake_bay
1728,IRO,tionontate,totemism,no,2,2,unknown,1,Honniasont,yes,1,Honniasont,2555,ohio
1729,IRO,susquehannock,totemism,no,1,1,unknown,1,Juniata,yes,0,Juniata,2556,ohio
1730,SUS,susquehannock,totemism,no,1,1,grain,1,Atrakwaye,yes,0,Atrakwaye,2557,ohio
1731,NED,delaware,totemism,no,2,2,unknown,1,Espachomy,no,0,Espachomy,2558,chesapeake_bay
1732,MOH,iroquois,totemism,no,1,1,unknown,1,Adirondack,yes,0,Adirondack,2559,ohio
1733,MAZ,polish,catholic,no,2,2,grain,2,Plock,yes,0,Plock,256,krakow
1734,ENG,pequot,totemism,no,2,2,unknown,1,Quinnipiac,yes,0,Quinnipiac,2560,chesapeake_bay
1735,ENG,massachusset,totemism,no,3,2,unknown,1,Wampanoag,yes,0,Wampanoag,2561,chesapeake_bay
1736,WAM,massachusset,totemism,no,2,2,unknown,1,Pennacook,yes,0,Pennacook,2562,chesapeake_bay
1737,USA,abenaki,totemism,no,2,2,unknown,1,Missisquoi,no,0,Missiquoi,2563,st_lawrence
1738,ABE,abenaki,totemism,no,1,1,fur,1,Sokoki,yes,0,Sokoki,2564,chesapeake_bay
1739,---,abenaki,totemism,no,1,1,unknown,1,Kennebec,no,0,Kennebec,2565,st_lawrence
1740,FRA,maliseet,totemism,no,2,2,unknown,1,Passamaquoddy,yes,0,Passamaquoddy,2566,st_lawrence
1741,Unowned,maliseet,totemism,no,1,1,unknown,1,Aroostook,no,0,Aroostook,2567,st_lawrence
1742,GBR,mikmaq,totemism,no,2,2,unknown,1,Kespukwitk,no,0,Kespukwitk,2568,st_lawrence
1743,FRA,mikmaq,totemism,no,2,2,unknown,1,Eskikewakik,yes,1,Eskikewakik,2569,st_lawrence
1744,MAZ,polish,catholic,no,5,5,cloth,2,Warszawa,yes,1,Warszawa,257,krakow
1745,FRA,maliseet,totemism,no,2,2,unknown,1,Wolastoqiyik,yes,1,Wolystoq,2570,st_lawrence
1746,MLS,maliseet,totemism,no,1,1,unknown,1,Madawaska,yes,0,Madawaska,2571,st_lawrence
1747,FRA,mikmaq,totemism,no,2,2,unknown,1,Siknikt,yes,0,Siknikt,2572,st_lawrence
1748,FRA,innu,totemism,no,1,3,unknown,1,Placentia,yes,0,Placentia,2573,st_lawrence
1749,GBR,inuit,totemism,no,1,1,unknown,1,Sikumiut,yes,0,Sikumiut,2574,st_lawrence
1750,Unowned,innu,totemism,no,1,1,unknown,1,Naskapi,no,0,Naskapi,2575,st_lawrence
1751,Unowned,innu,totemism,no,1,1,unknown,1,Mingan,no,0,Mingan,2576,st_lawrence
1752,FRA,innu,totemism,no,1,1,unknown,1,Manicouagan,yes,0,Manicouagan,2577,st_lawrence
1753,Unowned,innu,totemism,no,1,1,unknown,1,Anticosti,no,0,Anticosti,2578,st_lawrence
1754,INN,innu,totemism,no,1,1,fur,1,Piekougami,no,0,Piekougami,2579,st_lawrence
1755,POL,polish,catholic,no,3,3,grain,1,Sieradz,yes,0,Lodz,258,krakow
1756,GBR,algonquin,totemism,no,1,1,unknown,1,Atikamekw,yes,0,Atikamekw,2580,st_lawrence
1757,FRA,algonquin,totemism,no,1,1,unknown,1,Timiskaming,yes,0,Timiskaming,2581,st_lawrence
1758,FRA,maliseet,totemism,no,1,1,unknown,1,Maliseet,yes,0,Maliseet,2582,st_lawrence
1759,FRA,laurentian,totemism,no,2,2,unknown,1,Etchemins,yes,0,Etchemins,2583,st_lawrence
1760,FRA,laurentian,totemism,no,2,2,unknown,1,Loup,yes,0,Loup,2584,st_lawrence
1761,ARN,huron,totemism,no,2,2,fur,1,Arendaronon,yes,0,Kichesipi,2585,ohio
1762,TIO,tionontate,totemism,no,2,2,,1,Tionontate,yes,0,Tionontate,2586,ohio
1763,OTT,anishinabe,totemism,no,1,1,fur,1,Odawa,yes,0,Odawa,2587,ohio
1764,Unowned,cree,totemism,no,1,1,unknown,1,Piscatang,no,0,Piscatang,2588,james_bay
1765,WCR,cree,totemism,no,1,1,fur,1,Kesagami,yes,0,Kesagami,2589,james_bay
1766,POL,polish,catholic,no,4,4,cloth,1,Sandomierz,yes,0,Sandomierz,259,krakow
1767,Unowned,cree,totemism,no,1,1,unknown,1,Shaggami,no,0,Shaggami,2590,james_bay
1768,Unowned,cree,totemism,no,1,1,unknown,1,Outoulibi,no,0,Outoulibi,2591,james_bay
1769,ENG,cree,totemism,no,1,2,unknown,1,Omushkego,yes,0,Omushkego,2592,james_bay
1770,NAK,bungi,totemism,no,1,1,unknown,1,Wappus,yes,0,Wappus,2593,james_bay
1771,GBR,cree,totemism,no,1,1,unknown,1,Quenebigon,yes,0,Quenebigon,2594,james_bay
1772,GBR,chipewyan,totemism,no,1,1,unknown,1,Kesyehotinne,yes,0,Kesyehotinne,2595,james_bay
1773,NEH,plains_cree,totemism,no,1,1,unknown,1,Mahmikiwiniyak,yes,0,Mahmikiwiniyak,2596,james_bay
1774,Unowned,chipewyan,totemism,no,1,1,unknown,1,Sipiwininiwak,no,0,Sipiwininiwak,2597,james_bay
1775,Unowned,blackfoot,totemism,no,1,1,unknown,1,Hebina,no,0,Hebina,2598,james_bay
1776,GBR,chipewyan,totemism,no,1,1,unknown,1,Athabasca,yes,0,Athabasca,2599,james_bay
1777,DAN,danish,catholic,no,3,3,livestock,2,Halmstad,yes,0,Halland,26,
1778,POL,polish,catholic,no,5,5,cloth,3,Lublin,yes,2,Lublin,260,krakow
1779,GBR,chipewyan,totemism,no,1,1,unknown,1,Nihithawak,yes,0,Nihithawak,2600,james_bay
1780,GBR,athabascan,totemism,no,1,2,unknown,1,Danezaa,yes,0,Danezaa,2601,james_bay
1781,Unowned,blackfoot,totemism,no,1,1,unknown,1,Siksikawa,no,0,Siksikawa,2602,james_bay
1782,GBR,athabascan,totemism,no,1,1,unknown,1,Sekani,yes,0,Sekani,2603,james_bay
1783,GBR,athabascan,totemism,no,1,2,unknown,1,Dakelh,yes,0,Dakelh,2604,california
1784,GBR,athabascan,totemism,no,1,2,unknown,1,Secwepemc,yes,0,Secwepemc,2605,california
1785,GBR,athabascan,totemism,no,1,2,unknown,1,Tsilhqotin,yes,0,Tsilhoqotin,2606,california
1786,GBR,salish,totemism,no,1,2,unknown,1,Okanagan,yes,0,Okanagan,2607,california
1787,Unowned,Unowned,Unowned,no,0,0,,0,RockyMountains,no,0,RockyMountains,2608,
1788,Unowned,Unowned,totemism,no,1,1,unknown,1,Quileute,no,0,Nisga'a,2609,california
1789,POL,ruthenian,orthodox,no,3,3,grain,2,Halicz,yes,0,Halicz,261,krakow
1790,Unowned,salish,totemism,no,2,2,unknown,1,Heiltsuk,no,0,Heiltsuk,2610,california
1791,RUS,aleutian,totemism,no,1,1,unknown,1,Quileute,yes,0,Kodiak,2611,california
1792,RUS,haida,totemism,no,1,1,unknown,1,Eyak,yes,0,Eyak,2612,california
1793,RUS,haida,totemism,no,1,1,unknown,1,Sitka,yes,0,Sitka,2613,california
1794,SPA,chichimecan,animism,no,1,1,unknown,1,Cotoname,yes,0,Cotoname,2614,rio_grande
1795,GAM,guamares,animism,no,1,1,gold,1,Pechichitane,yes,0,Guamares,2615,mexico
1796,SPA,piman,totemism,no,1,1,unknown,1,Seri,yes,0,Seri,2616,california
1797,TON,tepic,nahuatl,no,1,1,wool,1,Huichol,yes,0,Huichol,2617,mexico
1798,SPA,chichimecan,animism,no,1,1,unknown,1,Toboso,yes,0,Toboso,2618,rio_grande
1799,SPA,chichimecan,animism,no,1,1,unknown,1,Laguneros,yes,0,Laguneros,2619,rio_grande
1800,POL,polish,catholic,no,7,7,salt,6,Kraków,yes,2,Krakow,262,krakow
1801,SPA,piman,totemism,no,1,1,unknown,1,Nakipa,yes,0,Nakipa,2620,california
1802,TON,tepic,nahuatl,no,3,3,grain,1,Tizapan,yes,0,Tizapan,2621,mexico
1803,TAR,purepecha,nahuatl,no,3,3,grain,1,Zinapecuaro,yes,0,Cuitzeo,2622,mexico
1804,MAT,matlatzinca,nahuatl,no,3,3,sugar,1,Cutzamala,yes,0,Cutzamala,2623,mexico
1805,TAR,purepecha,nahuatl,no,4,4,grain,1,Tzintzuntzan,yes,0,Patzcuaro,2624,mexico
1806,ARP,wichita,totemism,no,1,1,unknown,1,Hinonoeino,yes,0,Hinonoeino,2625,mississippi_river
1807,MAT,matlatzinca,nahuatl,no,3,3,gold,1,Matlatzinca,yes,0,Tulucan,2626,mexico
1808,TLA,tlapanec,nahuatl,no,2,2,gems,1,Cihuatlan,yes,0,Cihuatlan,2627,mexico
1809,TEO,aztek,nahuatl,no,2,2,grain,1,Tepeacac,yes,0,Tepeacac,2628,mexico
1810,MIX,mixtec,nahuatl,no,2,2,gold,1,Coyolapan,yes,0,Coyolapan,2629,mexico
1811,OPL,schlesian,catholic,yes,3,3,iron,2,Ratibor,yes,0,Ratibor,263,krakow
1812,YOK,chontales,mesoamerican_religion,no,2,2,fish,1,Tochtepec,yes,0,Tochtepec,2630,mexico
1813,YOK,chontales,mesoamerican_religion,no,2,2,fish,1,Zaachila,yes,0,Zaachila,2631,mexico
1814,YOK,chontales,mesoamerican_religion,no,2,2,cocoa,1,Xicallanco,yes,2,Xicallanco,2632,mexico
1815,XIU,yucatec,mesoamerican_religion,no,4,4,cocoa,1,Mani,yes,0,Mani,2633,mexico
1816,CTM,yucatec,mesoamerican_religion,no,3,3,cocoa,1,Uaymil,yes,0,Uaymil,2634,mexico
1817,LAC,lacandon,mesoamerican_religion,no,2,2,cocoa,1,Chiapas,yes,0,Chiapas,2635,mexico
1818,KAQ,highland_mayan,mesoamerican_religion,no,2,2,gems,1,Chacujal,yes,1,Chacujal,2636,mexico
1819,CHT,highland_mayan,mesoamerican_religion,no,1,1,naval_supplies,1,Chortli,yes,0,Chortli,2637,panama
1820,ZAP,zapotek,nahuatl,no,3,3,cocoa,1,Xoconochco,yes,0,Xoconochco,2638,mexico
1821,NED,delaware,totemism,no,2,2,unknown,1,Raritan,yes,0,Raritan,2639,chesapeake_bay
1822,OPL,schlesian,catholic,yes,5,5,cloth,3,Breslau,yes,1,Breslau,264,krakow
1823,SPA,miskito,animism,no,1,1,unknown,1,Lenca,yes,0,Lenca,2640,panama
1824,HST,wastek,mesoamerican_religion,no,1,1,sugar,1,Tziccoac,yes,0,Tziccoac,2641,mexico
1825,OTO,otomi,nahuatl,no,1,1,grain,1,Metztitlan,yes,0,Metztitlan,2642,mexico
1826,CLM,purepecha,nahuatl,no,2,2,grain,1,Apatzingan,yes,0,Apatzingan,2643,mexico
1827,TLX,aztek,nahuatl,no,4,4,sugar,1,Cholula,yes,0,Cholula,2644,mexico
1828,AZT,aztek,nahuatl,no,2,2,gold,1,Teloloapan,yes,0,Teloloapan,2645,mexico
1829,COI,mixtec,nahuatl,no,3,3,dyes,1,Coixtlahuacan,yes,0,Coixtlahuacan,2646,mexico
1830,TOT,totonac,nahuatl,no,2,2,sugar,1,Cuetlaxtlan,yes,2,Cuetlaxtlan,2647,mexico
1831,TLA,tlapanec,nahuatl,no,3,3,fish,1,Yopi,yes,0,Yopitzinco,2648,mexico
1832,ZAP,zapotek,nahuatl,no,2,2,fish,1,Tehuantepec,yes,0,Tehuantepec,2649,mexico
1833,BOH,czech,hussite,yes,3,3,wine,2,Brno,no,0,Brno,265,
1834,CNP,yucatec,mesoamerican_religion,no,3,3,cocoa,1,Champutun,yes,0,Champutun,2650,mexico
1835,XIU,yucatec,mesoamerican_religion,no,3,3,cocoa,1,AhCanul,yes,0,AhCanul,2651,mexico
1836,COC,yucatec,mesoamerican_religion,no,3,3,fish,1,Ecab,yes,0,Ecab,2652,mexico
1837,KAQ,highland_mayan,mesoamerican_religion,no,3,3,gems,1,Iximché,yes,0,Iximche,2653,mexico
1838,CAS,arawak,animism,no,2,2,unknown,1,Baracoa,yes,0,Baracoa,2654,carribean_trade
1839,CAS,arawak,animism,no,2,3,unknown,1,Bayamo,yes,0,Bayamo,2655,carribean_trade
1840,CAS,arawak,animism,no,2,2,unknown,1,Camaguey,yes,0,Camaguey,2656,carribean_trade
1841,CLM,tecos,nahuatl,no,4,4,fish,1,Colliman,yes,0,Colima,2657,mexico
1842,CAS,arawak,animism,no,2,2,unknown,1,Maguana,yes,0,Maguana,2658,carribean_trade
1843,CAS,arawak,animism,no,2,1,unknown,1,Magua,yes,0,Magua,2659,carribean_trade
1844,BOH,czech,hussite,yes,8,8,cloth,6,Praha,yes,2,Prague,266,
1845,SPA,miskito,animism,no,1,1,unknown,1,Managua,yes,0,Managua,2660,panama
1846,SPA,miskito,animism,no,1,1,unknown,1,Uluas,yes,0,Uluas,2661,panama
1847,SPA,miskito,animism,no,1,1,unknown,1,Olancho,yes,0,Olancho,2662,panama
1848,SPA,muisca,animism,no,1,1,unknown,1,Nicoya,yes,0,Nicoya,2663,panama
1849,SPA,muisca,animism,no,1,1,unknown,1,Veraguas,yes,0,Veraguas,2664,panama
1850,SPA,caddo,totemism,no,1,2,unknown,1,Ais,yes,0,Ais,2665,rio_grande
1851,Unowned,lipan,totemism,no,1,1,unknown,1,Tuintsundé,no,0,Tuintsunde,2666,rio_grande
1852,SPA,lipan,totemism,no,1,1,unknown,1,Cacaxtes,yes,0,Cacaxtes,2667,rio_grande
1853,SPA,wastek,totemism,no,1,1,unknown,1,Borrado,yes,0,Borrado,2668,rio_grande
1854,HNI,caddo,totemism,no,1,1,unknown,1,Hasinai,yes,0,Hasinai,2669,rio_grande
1855,BOH,czech,catholic,yes,5,5,naval_supplies,1,Plzen,yes,0,Plsen,267,
1856,TAH,huron,totemism,no,2,2,,1,Tahontaenrat,yes,0,Tkaronto,2670,ohio
1857,MSG,anishinabe,totemism,no,1,2,unknown,1,Missisage,yes,0,Mississage,2671,ohio
1858,Unowned,pawnee,totemism,no,1,1,unknown,1,Kitkehaki,no,0,Kitkehaki,2672,mississippi_river
1859,PSA,acehnese,sunni,no,6,6,spices,3,Pasai,yes,2,Pasai,2673,malacca
1860,PSA,acehnese,sunni,no,4,4,spices,3,Peureulak,yes,0,Peureulak,2674,malacca
1861,DLI,sumatran,sunni,no,3,3,fish,2,Rokan,yes,0,Rokan,2675,malacca
1862,SAK,sumatran,sunni,no,2,2,copper,3,Indragiri,yes,0,Indragiri,2676,malacca
1863,JMB,sumatran,sunni,no,3,3,incense,3,Jambi,yes,0,Jambi,2677,malacca
1864,PLB,sumatran,hinduism,no,3,3,unknown,1,Bangka,yes,0,Bangka,2678,malacca
1865,GBR,sumatran,hinduism,no,3,3,unknown,1,Belitung,yes,0,Belitung,2679,malacca
1866,MOL,romanian,orthodox,no,5,4,livestock,2,Suceava,yes,0,Moldavia,268,crimea
1867,IND,sumatran,hinduism,no,2,2,grain,2,Muko-Muko,yes,0,Muko,2680,malacca
1868,PGR,sumatran,buddhism,no,3,3,gold,3,Pagarruyung,yes,0,Pagarruyung,2681,malacca
1869,PGR,sumatran,hinduism,no,2,2,grain,2,Pariaman,yes,0,Pariaman,2682,malacca
1870,Unowned,sumatran,hinduism,no,1,1,unknown,1,Mentawai,no,0,Mentawai,2683,malacca
1871,Unowned,sumatran,hinduism,no,1,1,unknown,1,Nias,no,0,Nias,2684,malacca
1872,PSA,acehnese,sunni,no,3,3,tropical_wood,1,Gayo,yes,0,Gayo,2685,malacca
1873,MLC,malayan,sunni,no,3,3,naval_supplies,1,Tanjungpinaung,yes,0,Bintan,2686,malacca
1874,SUN,sundanese,hinduism,no,4,4,grain,3,Pakuan,yes,0,Pakuan,2687,the_moluccas
1875,SUN,sundanese,hinduism,no,3,3,spices,2,Sumedang,yes,0,Sumedang,2688,the_moluccas
1876,MAJ,javanese,hinduism,no,2,2,naval_supplies,2,Pekalongan,yes,0,Pekalongan,2689,the_moluccas
1877,LIT,polish,catholic,no,5,5,livestock,3,Drohiczyn,yes,0,Podlasia,269,kiev
1878,MAJ,javanese,hinduism,no,5,5,grain,3,Kotagede,yes,0,Pajang,2690,the_moluccas
1879,MAJ,javanese,hinduism,no,2,2,fish,2,Kediri,yes,0,Kediri,2691,the_moluccas
1880,MAJ,javanese,hinduism,no,2,2,tropical_wood,1,Madura,yes,0,Madura,2692,the_moluccas
1881,BLI,nusa_tenggara,animism,no,2,2,unknown,2,Lombok,yes,0,Lombok,2693,the_moluccas
1882,KOR,korean,confucianism,no,1,1,fish,1,Gangneung,yes,0,EastGangwon,2694,nippon
1883,POR,nusa_tenggara,animism,no,3,3,unknown,3,Timor,yes,0,EastTimor,2695,the_moluccas
1884,Unowned,moluccan,animism,no,3,3,unknown,3,Yamdena,no,0,Yamdena,2696,the_moluccas
1885,TDO,filipino,animism,no,5,5,spices,2,Tondo,yes,0,Tondo,2697,philippines
1886,PGS,filipino,animism,no,2,2,salt,2,Binalatongan,yes,1,Pangasinan,2698,philippines
1887,SPA,filipino,animism,no,2,2,unknown,2,Bikol,yes,0,Bikol,2699,philippines
1888,SWE,swedish,catholic,no,3,3,grain,2,Åbo,yes,0,Finland,27,baltic_sea
1889,LIT,lithuanian,catholic,no,3,3,livestock,2,Trakai,yes,0,Troki,270,baltic_sea
1890,MAS,filipino,animism,no,3,4,grain,2,Panay,yes,1,Panay,2700,philippines
1891,Unowned,filipino,animism,no,2,2,unknown,2,Tagloc,no,0,Tagloc,2701,philippines
1892,BTU,filipino,animism,no,2,2,gems,2,Butuan,yes,1,Butuan,2702,philippines
1893,BEI,bornean,sunni,no,3,3,spices,2,LehadDatu,yes,0,LehadDatu,2703,malacca
1894,BEI,bornean,sunni,no,4,3,spices,3,Sibu,yes,0,Sibu,2704,malacca
1895,BEI,bornean,sunni,no,3,3,gems,2,Sigalang,yes,0,Sigalang,2705,malacca
1896,Unowned,bornean,hinduism,no,2,2,unknown,2,Katapang,no,0,Katapang,2706,malacca
1897,BNJ,bornean,hinduism,no,2,3,unknown,1,Barito,yes,0,Barito,2707,malacca
1898,Unowned,bornean,hinduism,no,2,2,unknown,1,Sampit,no,0,Sampit,2708,malacca
1899,BEU,bornean,hinduism,no,2,2,fish,2,Tarakan,yes,0,Tarakan,2709,malacca
1900,LIT,lithuanian,catholic,no,2,2,livestock,2,Varniai,yes,0,Samogitia,271,baltic_sea
1901,BEU,bornean,hinduism,no,2,2,fish,2,Sambaliung,yes,0,Sambaliung,2710,malacca
1902,BEU,bornean,hinduism,no,2,2,tropical_wood,3,Bulungan,yes,0,Bulungan,2711,malacca
1903,KUT,bornean,hinduism,no,3,3,spices,2,Samarinda,yes,0,Samarinda,2712,malacca
1904,TER,sulawesi,animism,no,2,2,unknown,1,Gorontalo,yes,0,Gorontalo,2713,the_moluccas
1905,NED,sulawesi,animism,no,3,3,unknown,2,Palu,yes,1,Palu,2714,the_moluccas
1906,LUW,sulawesi,animism,no,3,3,iron,3,Palopo,yes,0,Palopo,2715,the_moluccas
1907,BTN,sulawesi,animism,no,3,3,spices,2,Buton,yes,0,Buton,2716,the_moluccas
1908,NED,moluccan,animism,no,2,2,unknown,1,Sula,yes,0,Sula,2717,the_moluccas
1909,Unowned,papuan,animism,no,1,1,unknown,1,Fak-Fak,no,0,Fak,2718,the_moluccas
1910,Unowned,papuan,animism,no,1,1,unknown,1,Madang,no,0,Madang,2719,the_moluccas
1911,LIT,lithuanian,catholic,no,5,5,grain,3,Vilna,yes,1,Lithuania,272,kiev
1912,Unowned,papuan,animism,no,1,1,unknown,1,Lae,no,0,Lae,2720,the_moluccas
1913,Unowned,papuan,animism,no,1,1,unknown,1,Kerema,no,0,Kerema,2721,the_moluccas
1914,Unowned,papuan,animism,no,1,1,unknown,1,Daru,no,0,Daru,2722,the_moluccas
1915,Unowned,papuan,animism,no,1,1,unknown,1,YosSudarso,no,0,YosSudarso,2723,the_moluccas
1916,Unowned,papuan,animism,no,1,1,unknown,1,Asmat,no,0,Asmat,2724,the_moluccas
1917,Unowned,moluccan,animism,no,1,1,unknown,1,Aru,no,0,Aru,2725,the_moluccas
1918,MLG,nyoongah,dreamtime,no,2,2,naval_supplies,1,Malgana,yes,0,Malgana,2726,australia
1919,Unowned,nyoongah,dreamtime,no,2,2,unknown,2,Minang,no,0,Minang,2727,australia
1920,TIW,gunwinyguan,dreamtime,no,2,2,fish,1,Tiwi,yes,0,Tiwi,2728,australia
1921,YOL,gunwinyguan,dreamtime,no,2,2,cloth,1,Yolngu,yes,0,Yolngu,2729,australia
1922,LIV,latvian,catholic,no,2,2,livestock,1,Dünaburg,yes,0,Latgalia,273,baltic_sea
1923,AWN,paman,dreamtime,no,2,2,tropical_wood,1,Awngthim,yes,0,Awngthim,2730,australia
1924,Unowned,paman,dreamtime,no,2,2,unknown,1,GuuguYimithirr,no,0,GuuguYimithirr,2731,australia
1925,Unowned,paman,dreamtime,no,2,2,unknown,1,Wulgurukaba,no,0,Wulgurukaba,2732,australia
1926,Unowned,paman,dreamtime,no,3,3,unknown,2,Baiali,no,0,Baiali,2733,australia
1927,Unowned,aboriginal,dreamtime,no,3,3,unknown,2,Yuin,no,0,Yuin,2734,australia
1928,Unowned,kulin,dreamtime,no,2,2,unknown,1,Gunditjmara,no,0,Gunditjmara,2735,australia
1929,Unowned,yura,dreamtime,no,3,3,unknown,1,Nukunu,no,0,Nukunu,2736,australia
1930,TAK,maori,animism,no,3,3,naval_supplies,1,Ahuriri,yes,0,Wairarapa,2737,polynesia_node
1931,WAI,maori,animism,no,2,1,iron,1,Pikimai,yes,0,TeTauIhu,2738,polynesia_node
1932,TAN,maori,animism,no,4,4,fish,2,Kirikiriroa,yes,0,Waikato,2739,polynesia_node
1933,PSK,novgorodian,orthodox,no,5,5,livestock,4,Pskov,yes,1,Pskov,274,
1934,Unowned,Unowned,Unowned,no,0,0,,0,Borneo,no,0,Borneo,2740,malacca
1935,KOR,korean,confucianism,no,1,1,fish,1,Jeju,yes,0,Jeju,2741,nippon
1936,KOR,manchu,confucianism,no,1,1,naval_supplies,1,Gyeongwon,yes,0,Yukjin,2742,nippon
1937,KOR,manchu,confucianism,no,1,1,fur,1,Gyeongseong,yes,0,NorthHamgyeong,2743,nippon
1938,KOR,korean,confucianism,no,2,2,naval_supplies,2,Yeongbyeon,yes,0,Nyeongbyeon,2744,nippon
1939,KOR,korean,confucianism,no,5,5,tea,2,Gyeongju,yes,2,Gyengju,2745,nippon
1940,TUR,bulgarian,orthodox,no,2,3,grain,1,Vidin,yes,0,Vidin,2746,constantinople
1941,KHA,mongol,vajrayana,no,1,1,livestock,1,KharaNarinUla,yes,0,KharaNarinUla,2747,beijing
1942,MNG,yi,animism,no,2,2,grain,2,Jianchang,yes,0,Jianchang,2748,chengdu
1943,NOV,novgorodian,orthodox,no,4,5,iron,2,Tikhvin,yes,0,Tikhvin,2749,
1944,LIT,byelorussian,orthodox,no,4,4,iron,1,Polotsk,yes,0,Polotsk,275,
1945,TUR,bulgarian,orthodox,no,3,3,grain,3,Plovdiv,yes,0,Plovdiv,2750,constantinople
1946,SPA,castillian,catholic,no,4,4,wool,3,Cuenca,yes,0,Cuenca,2751,sevilla
1947,NOR,norwegian,catholic,no,1,1,fish,1,Molde,yes,0,Sogn,2752,north_sea
1948,FRA,occitain,catholic,no,5,5,wine,3,Narbonne,yes,0,Narbonne,2753,valencia
1949,SPA,castillian,catholic,no,3,3,,3,LaMancha,yes,0,LaMancha,2754,sevilla
1950,SPA,castillian,catholic,no,2,2,wool,1,Soria,yes,0,Soria,2755,sevilla
1951,WLY,sidamo,shamanism,no,2,2,coffee,2,Bonga,yes,0,Welayta,2756,ethiopia
1952,KAF,sidamo,coptic,no,4,3,gold,4,Anderaccha,yes,0,Kaffa,2757,ethiopia
1953,ENA,sidamo,coptic,no,2,3,slaves,2,Illubabor,yes,0,Illubabor,2758,ethiopia
1954,KAF,sidamo,Unowned,no,1,1,slaves,1,Gambela,yes,0,Gambela,2759,ethiopia
1955,LIT,byelorussian,orthodox,no,3,3,naval_supplies,1,Minsk,yes,0,Minsk,276,kiev
1956,HDY,sidamo,sunni,no,3,3,grain,2,Angacha,yes,0,Hadiya,2760,ethiopia
1957,HDY,amhara,sunni,no,1,1,coffee,2,Assela,yes,0,Arsi,2761,ethiopia
1958,DAM,amhara,coptic,no,2,3,gold,2,Nekemte,yes,0,Damot,2762,ethiopia
1959,DAM,amhara,coptic,no,2,2,slaves,2,Assosa,yes,0,Asosa,2763,ethiopia
1960,ADA,afar,sunni,no,2,1,livestock,2,Aussa,yes,0,Aussa,2764,gulf_of_aden
1961,ADA,afar,sunni,no,1,1,livestock,1,Assab,yes,0,Assab,2765,gulf_of_aden
1962,MED,tigray,coptic,no,2,2,grain,2,Mendefera,yes,0,Mendefera,2766,ethiopia
1963,ETH,tigray,coptic,no,1,1,copper,2,Antalo,yes,0,Enderta,2767,ethiopia
1964,ETH,afar,sunni,no,1,1,livestock,1,Manadeley,yes,0,Angot,2768,gulf_of_aden
1965,ETH,amhara,coptic,no,2,2,grain,2,Lalibela,yes,0,Lasta,2769,ethiopia
1966,LIT,byelorussian,orthodox,no,2,2,wool,2,Brest-Litovsk,yes,0,Brest,277,kiev
1967,ETH,amhara,coptic,no,2,2,grain,1,Dangila,yes,0,Agew,2770,ethiopia
1968,ETH,amhara,jewish,no,1,1,grain,2,Dabareq,yes,0,Semien,2771,ethiopia
1969,ETH,amhara,jewish,no,2,2,cotton,2,Gorgora,yes,0,Dembiya,2772,ethiopia
1970,ADA,harari,sunni,no,1,1,coffee,1,Mora,yes,0,Mora,2773,gulf_of_aden
1971,AJU,somali,sunni,no,2,2,fish,2,Kismayo,yes,0,Kismayo,2774,zanzibar
1972,AJU,somali,sunni,no,2,2,naval_supplies,1,Merca,yes,0,Merca,2775,gulf_of_aden
1973,AJU,somali,sunni,no,1,1,grain,1,Afgooye,yes,0,Afgooye,2776,ethiopia
1974,AJU,somali,sunni,no,1,1,grain,1,Baardheere,yes,0,Bardera,2777,ethiopia
1975,MRE,somali,sunni,no,1,1,slaves,1,Wardheer,yes,0,Werder,2778,ethiopia
1976,OGD,somali,sunni,no,1,1,livestock,1,Afder,no,0,Afder,2779,ethiopia
1977,LIT,byelorussian,orthodox,no,3,2,wool,1,Pinsk,yes,0,Pinsk,278,kiev
1978,AJU,somali,sunni,no,1,1,livestock,1,Qardho,yes,0,Beledweyne,2780,ethiopia
1979,AJU,somali,sunni,no,1,1,grain,1,Luuq,yes,0,Gedo,2781,ethiopia
1980,MDI,somali,sunni,no,2,2,livestock,1,Warsheikh,yes,0,Warsheikh,2782,gulf_of_aden
1981,AJU,somali,sunni,no,1,1,grain,1,Hobyo,yes,1,Hobyo,2783,gulf_of_aden
1982,MRE,somali,sunni,no,1,1,livestock,1,Galkayo,yes,0,Galkayo,2784,gulf_of_aden
1983,AJU,somali,sunni,no,1,1,iron,1,ElBuur,yes,0,ElBuur,2785,ethiopia
1984,WAR,somali,sunni,no,3,3,incense,2,Bosaso,yes,0,Bosaso,2786,gulf_of_aden
1985,MED,tigray,coptic,no,2,2,grain,2,Debarwa,yes,0,Hamasien,2787,gulf_of_aden
1986,MRE,somali,sunni,no,2,2,,1,Hafun,yes,0,Hafun,2788,gulf_of_aden
1987,WAR,somali,sunni,no,2,2,incense,1,LasKhorey,yes,0,LasKhorey,2789,gulf_of_aden
1988,LIT,ruthenian,orthodox,no,4,4,livestock,2,Volodymyr,yes,0,Volhynia,279,kiev
1989,WAR,somali,sunni,no,1,1,incense,0,Maydh,yes,0,Sanaag,2790,gulf_of_aden
1990,ETH,amhara,sunni,no,1,1,grain,1,Ankober,yes,0,Ankober,2791,ethiopia
1991,WAR,somali,sunni,no,1,1,slaves,1,Togdheer,yes,0,Togdheer,2792,gulf_of_aden
1992,ADA,somali,sunni,no,2,2,slaves,2,Hargeisa,yes,0,Hargeisa,2793,gulf_of_aden
1993,AJU,somali,sunni,no,2,2,livestock,1,Barawa,yes,0,Barawa,2794,gulf_of_aden
1994,AJU,somali,sunni,no,2,2,livestock,1,Mareeg,yes,0,Meregh,2795,gulf_of_aden
1995,PTE,swahili,sunni,no,3,3,cloth,2,Siyu,yes,1,Pate,2796,zanzibar
1996,ABB,nubian,sunni,no,1,1,grain,2,Shendy,yes,0,Shendy,2797,ethiopia
1997,ALO,nubian,coptic,no,3,2,grain,2,Soba,yes,2,Soba,2798,ethiopia
1998,ALO,nubian,coptic,no,1,1,livestock,2,Sennar,yes,0,Sennar,2799,ethiopia
1999,SWE,finnish,catholic,no,2,2,naval_supplies,2,Borgå,yes,0,Nyland,28,baltic_sea
2000,LIT,ruthenian,orthodox,no,4,4,grain,2,Kiev,yes,2,Kiev,280,kiev
2001,NUB,nubian,Unowned,no,1,1,unknown,1,Kosti,yes,0,Kosti,2800,ethiopia
2002,DAR,tunjur,Unowned,no,1,1,unknown,1,Medowa,yes,0,Medwa,2801,ethiopia
2003,DAR,tunjur,Unowned,no,1,1,unknown,1,Kobbe,yes,0,Kobbe,2802,ethiopia
2004,SPA,carib,animism,no,2,1,unknown,1,Delta,yes,0,Delta,2803,amazonas_node
2005,SPA,carib,animism,no,1,1,unknown,1,Guasipati,yes,0,Guasipati,2804,amazonas_node
2006,CAB,carib,animism,no,1,1,coffee,1,Uyapari,yes,0,Uyapari,2805,carribean_trade
2007,SPA,guajiro,animism,no,1,1,unknown,1,Guajira,no,0,Guajira,2806,panama
2008,SPA,carib,animism,no,3,3,unknown,1,Altagracia,no,0,Altagracia,2807,carribean_trade
2009,SPA,guajiro,animism,no,1,1,unknown,1,Coro,yes,0,Coro,2808,carribean_trade
2010,SPA,guajiro,animism,no,1,2,unknown,1,Calaboso,yes,0,Llanos,2809,carribean_trade
2011,POL,ruthenian,orthodox,no,2,2,livestock,2,Kamieniec,yes,0,Kamienec,281,kiev
2012,SPA,guajiro,animism,no,1,1,unknown,1,Apure,yes,0,Apure,2810,carribean_trade
2013,SPA,guajiro,animism,no,1,1,unknown,1,Atabapo,yes,0,Atabapo,2811,amazonas_node
2014,SPA,carib,animism,no,1,1,unknown,1,Pore,yes,0,Pore,2812,panama
2015,SPA,carib,animism,no,2,3,unknown,1,Merida,yes,0,Merida,2813,carribean_trade
2016,SPA,carib,animism,no,1,1,unknown,1,Meta,yes,0,Meta,2814,panama
2017,SPA,guajiro,animism,no,1,1,unknown,1,PuertoCarreno,yes,0,PuertoCarreno,2815,panama
2018,SPA,guajiro,animism,no,1,1,unknown,1,Guaviare,yes,0,Guavire,2816,panama
2019,SPA,muisca,inti,no,4,4,unknown,2,Neiva,no,0,Neiva,2817,panama
2020,SPA,muisca,inti,no,2,2,unknown,1,Popayan,yes,0,Popayan,2818,panama
2021,CAS,muisca,animism,no,1,1,unknown,1,Darien,yes,0,Darien,2819,panama
2022,CRI,crimean,sunni,no,2,2,livestock,1,Hajibey,yes,0,Yedisan,282,crimea
2023,QTO,cara,inti,no,3,3,fish,1,Esmeraldas,yes,0,Esmeraldas,2820,lima
2024,CHM,chimuan,inti,no,1,1,fish,1,Piwra,yes,0,Piwra,2821,lima
2025,CHM,chimuan,inti,no,1,1,cloth,1,Tucume,yes,0,Tucume,2822,lima
2026,CYA,chachapoyan,inti,no,1,1,tropical_wood,1,Moyobamba,yes,0,Moyobamba,2823,lima
2027,CJA,inca,inti,no,3,3,wool,2,Wankapampa,yes,0,Wankapampa,2824,lima
2028,HJA,inca,inti,no,1,1,grain,1,Pisqupampa,yes,0,Pisqupampa,2825,lima
2029,CHM,chimuan,inti,no,1,1,cocoa,1,Chimbote,yes,0,Chimbote,2826,lima
2030,HJA,inca,inti,no,2,2,grain,1,Huaraz,yes,0,Huaraz,2827,lima
2031,INC,aimara,inti,no,2,2,unknown,1,Camana,yes,0,Camana,2828,lima
2032,CSU,aimara,inti,no,3,3,wool,2,Ayaviri,yes,0,Ayaviri,2829,lima
2033,CRI,crimean,sunni,no,1,1,livestock,2,Sich,yes,0,Zaporozhia,283,crimea
2034,CSU,inca,inti,no,1,1,wool,1,Quero,yes,0,Quero,2830,lima
2035,PCJ,aimara,inti,no,3,3,grain,2,Tiahuanoco,yes,0,Tiahuanaco,2831,cuiaba
2036,SPA,maipurean,animism,no,1,1,unknown,1,Exaltacion,yes,0,Exaltacion,2832,cuiaba
2037,SPA,maipurean,animism,no,1,1,unknown,1,MadredeDios,yes,0,MadredeDios,2833,cuiaba
2038,SPA,guarani,animism,no,3,3,unknown,1,SantaCruzdelaSierra,yes,0,SantaCruzdelaSierra,2834,cuiaba
2039,CRA,aimara,inti,no,4,4,cloth,1,Sucre,yes,0,Sucre,2835,cuiaba
2040,INC,diaguita,animism,no,4,4,unknown,2,Tucuman,yes,0,Tucuman,2836,cuiaba
2041,CCQ,diaguita,inti,no,1,1,wool,1,SantaCatalina,yes,0,SantaCatalina,2837,cuiaba
2042,CCQ,aimara,inti,no,3,3,wool,1,Tarija,yes,0,Tarija,2838,cuiaba
2043,INC,diaguita,animism,no,1,1,unknown,1,Catarpe,yes,0,PunadeAtacama,2839,cuiaba
2044,CRI,crimean,sunni,no,6,6,salt,6,Qirq-Yer,yes,0,Crimea,284,crimea
2045,INC,diaguita,animism,no,1,1,unknown,1,Calama,yes,0,Calama,2840,cuiaba
2046,INC,diaguita,animism,no,1,1,unknown,1,Antofagasta,yes,0,Antofagasta,2841,cuiaba
2047,SPA,diaguita,animism,no,2,1,unknown,1,SantiagodelEstero,no,0,SantiagodelEstero,2842,cuiaba
2048,INC,huarpe,animism,no,2,3,unknown,1,LaRioja,yes,0,LaRioja,2843,laplata
2049,SPA,huarpe,animism,no,1,2,unknown,1,Chepes,yes,0,Chepes,2844,laplata
2050,SPA,huarpe,animism,no,1,2,unknown,1,SanJuan,yes,0,SanJuan,2845,laplata
2051,SPA,huarpe,animism,no,2,1,unknown,1,Cordoba,no,1,Quisquisacate,2846,laplata
2052,SPA,huarpe,animism,no,2,1,unknown,1,SanLuis,yes,0,SanLuis,2847,laplata
2053,SPA,charruan,animism,no,2,1,unknown,1,SantaFe,yes,0,SantaFe,2848,laplata
2054,SPA,charruan,animism,no,1,1,unknown,1,Rosario,yes,0,Rosario,2849,laplata
2055,GEN,pontic_greek,orthodox,no,4,4,wine,2,Kaffa,yes,2,Kaffa,285,crimea
2056,SPA,charruan,animism,no,2,1,unknown,1,Montevideo,no,0,Montevideo,2850,laplata
2057,POR,charruan,animism,no,1,1,unknown,1,Colonia,yes,0,Colonia,2851,laplata
2058,POR,charruan,animism,no,1,1,unknown,1,Salto,yes,0,Salto,2852,laplata
2059,SPA,guarani,animism,no,2,1,unknown,1,Yareyu,no,0,Yareyu,2853,laplata
2060,SPA,chacoan,animism,no,1,1,unknown,1,ChacoCentral,yes,0,ChacoCentral,2854,laplata
2061,GUA,guarani,animism,no,1,1,unknown,1,Candelaria,yes,0,Misiones,2855,laplata
2062,Unowned,nguni,Unowned,no,2,2,unknown,1,Bloemfontein,no,0,Highveld,2856,cape_of_good_hope
2063,POR,guarani,animism,no,2,1,unknown,1,RioGrandedoSul,yes,0,RioGrandedoSul,2857,laplata
2064,SPA,guarani,animism,no,1,1,unknown,1,Santiago,no,0,Santiago,2858,laplata
2065,GUA,guarani,animism,no,1,1,unknown,1,Itapúa,yes,0,Itapua,2859,laplata
2066,GEN,crimean,sunni,no,3,3,slaves,3,Tana,yes,0,Azow,286,crimea
2067,SPA,het,animism,no,1,1,unknown,1,Querandi,yes,0,Querandi,2860,laplata
2068,SPA,het,animism,no,1,1,unknown,1,Sauce,yes,0,Sauce,2861,laplata
2069,INC,mapuche,animism,no,2,1,unknown,1,Coquimbo,yes,0,Coquimbo,2862,patagonia
2070,Unowned,het,animism,no,1,1,unknown,1,RioNegro,no,0,RioNegro,2863,patagonia
2071,Unowned,khoisan,Unowned,no,1,1,unknown,1,Senqu,no,0,Senqu,2864,cape_of_good_hope
2072,Unowned,het,animism,no,1,1,unknown,1,Puelches,no,0,Sergpipe,2865,laplata
2073,Unowned,het,animism,no,1,1,unknown,1,Olavarria,no,0,Jeremoabo,2866,laplata
2074,Unowned,het,animism,no,1,1,unknown,1,Chanar,no,0,Inhambupe,2867,patagonia
2075,Unowned,het,animism,no,1,1,unknown,1,Bahia,no,1,Pambu,2868,patagonia
2076,Unowned,patagonian,animism,no,1,1,unknown,1,FloridaBlanca,no,0,FloridaBlanca,2869,patagonia
2077,CRI,crimean,sunni,no,3,3,livestock,3,Stavropol,yes,0,Kouban,287,crimea
2078,Unowned,patagonian,animism,no,1,1,unknown,1,Tehuelmapu,no,0,Tehuelmapu,2870,patagonia
2079,Unowned,patagonian,animism,no,1,1,unknown,1,Poya,no,0,Poya,2871,patagonia
2080,SPA,castillian,animism,no,2,1,unknown,1,Chiquiyami,yes,0,Chiquiyami,2872,patagonia
2081,SPA,mapuche,animism,no,1,1,unknown,1,Chiloe,yes,0,Chiloe,2873,patagonia
2082,SPA,patagonian,animism,no,1,1,unknown,1,Alacaluf,yes,0,Alegoas,2874,patagonia
2083,Unowned,patagonian,animism,no,1,1,unknown,1,Chubut,no,0,Borborema,2875,patagonia
2084,Unowned,patagonian,animism,no,1,1,unknown,1,Teush,no,0,Teush,2876,patagonia
2085,SPA,huarpe,animism,no,2,3,unknown,1,Mendoza,yes,0,Mendoza,2877,laplata
2086,SPA,chacoan,animism,no,1,1,unknown,1,Matara,yes,0,Matara,2878,laplata
2087,GUA,guarani,animism,no,1,1,unknown,1,SantaTecla,yes,0,SantaTecla,2879,laplata
2088,GOL,mishary,sunni,no,3,3,livestock,2,Cherkassk,yes,0,Cherkassk,288,astrakhan
2089,Unowned,khoisan,Unowned,no,1,1,unknown,1,Kimberley,no,0,Griqualand,2880,cape_of_good_hope
2090,SPA,maipurean,animism,no,1,2,unknown,1,Corumba,yes,0,Corumba,2881,brazil
2091,SPA,chacoan,animism,no,1,1,unknown,1,FuerteBorbon,yes,0,FuerteBorbon,2882,cuiaba
2092,SPA,chacoan,animism,no,1,1,unknown,1,Melodia,yes,0,Melodia,2883,cuiaba
2093,GUA,guarani,animism,no,1,1,tea,1,PovosdasMissoes,yes,0,PovosdasMissoes,2884,laplata
2094,POR,ge,animism,no,2,3,unknown,1,Barra,yes,0,Barra,2885,brazil
2095,POR,ge,animism,no,1,1,unknown,1,Parnaiba,yes,0,Parnaiba,2886,amazonas_node
2096,POR,guarani,animism,no,1,1,unknown,1,SantaCatarina,yes,0,SantaCatarina,2887,laplata
2097,POR,ge,animism,no,2,1,unknown,1,Cuiaba,yes,0,Cuiaba,2888,cuiaba
2098,SPA,carib,animism,no,1,1,unknown,1,RioBranco,yes,0,RioBranco,2889,amazonas_node
2099,LIT,ryazanian,orthodox,no,2,2,iron,1,Chernigov,yes,0,Chernigov,289,kiev
2100,POR,tupinamba,animism,no,1,1,unknown,1,Marajo,yes,0,Marajo,2890,amazonas_node
2101,POR,ge,animism,no,1,1,unknown,1,SantaAnadasMinas,yes,0,SantaAnadasMinas,2891,brazil
2102,POR,ge,animism,no,2,1,unknown,1,Araxas,yes,0,Araxas,2892,brazil
2103,POR,ge,animism,no,1,1,unknown,1,Ofaie,yes,0,Ofaie,2893,brazil
2104,POR,tupinamba,animism,no,1,1,unknown,1,SaoJoaodelRei,yes,0,SaoJoaodelRei,2894,brazil
2105,POR,guarani,animism,no,1,1,unknown,1,Castro,yes,0,Castro,2895,brazil
2106,Unowned,tupinamba,animism,no,1,1,unknown,1,Campinas,yes,0,Campinas,2896,brazil
2107,POR,ge,animism,no,1,1,unknown,1,Araquara,no,0,Araraquara,2897,brazil
2108,POR,ge,animism,no,1,1,unknown,1,Serro,yes,0,Serro,2898,brazil
2109,POR,ge,animism,no,2,3,unknown,1,VilaRica,yes,0,VilaRica,2899,brazil
2110,SWE,finnish,catholic,no,1,1,fur,1,Tavastehus,yes,0,Tavastland,29,baltic_sea
2111,LIT,ruthenian,orthodox,no,2,2,grain,1,Poltava,yes,0,Poltava,290,kiev
2112,POR,maipurean,animism,no,1,1,unknown,1,Guapore,yes,0,Guapore,2900,cuiaba
2113,POR,maipurean,animism,no,1,1,unknown,1,Cerejeiras,yes,0,Cerejeiras,2901,cuiaba
2114,POR,guarani,animism,no,1,1,unknown,1,VilaBela,yes,0,VilaBela,2902,cuiaba
2115,POR,maipurean,animism,no,2,2,unknown,1,Caceres,yes,0,Caceres,2903,cuiaba
2116,POR,carib,animism,no,1,1,unknown,1,Diamantino,yes,0,Diamantino,2904,cuiaba
2117,POR,ge,animism,no,1,1,unknown,1,Araes,yes,0,RioDasMortes,2905,cuiaba
2118,POR,ge,animism,no,1,1,unknown,1,Ipora,yes,0,Ipora,2906,brazil
2119,POR,ge,animism,no,1,1,unknown,1,VilaBoa,yes,0,VilaBoa,2907,brazil
2120,POR,ge,animism,no,1,1,unknown,1,ArrialdosCouros,yes,0,ArrialdosCouros,2908,brazil
2121,POR,ge,animism,no,1,1,unknown,1,Conceicao,yes,0,Conceicao,2909,amazonas_node
2122,CRI,ryazanian,orthodox,no,2,2,iron,1,Belgorod,yes,0,Kharkov,291,kiev
2123,POR,ge,animism,no,1,1,unknown,1,Pontal,yes,0,Pontal,2910,amazonas_node
2124,POR,ge,animism,no,1,1,unknown,1,Natividad,yes,0,Natividad,2911,amazonas_node
2125,POR,tupinamba,animism,no,2,4,unknown,1,Sergipe,yes,0,Sergpipe,2912,brazil
2126,POR,ge,animism,no,1,3,unknown,1,Jeremoabo,yes,0,Jeremoabo,2913,brazil
2127,POR,ge,animism,no,1,1,unknown,1,Inhambupe,yes,0,Inhambupe,2914,brazil
2128,POR,ge,animism,no,2,1,unknown,1,Pambu,yes,0,Pambu,2915,brazil
2129,TPQ,tupinamba,animism,no,1,1,unknown,1,Coité,yes,0,RioContas,2916,brazil
2130,POR,ge,animism,no,1,1,unknown,1,Paratinga,yes,0,Paratinga,2917,brazil
2131,POR,ge,animism,no,1,1,unknown,1,CampoLargo,yes,0,CampoLargo,2918,brazil
2132,POR,ge,animism,no,1,1,unknown,1,Luziana,yes,0,Luziana,2919,brazil
2133,LIT,byelorussian,orthodox,no,2,2,wool,1,Mahilyow,yes,0,Mogilyov,292,kiev
2134,POR,ge,animism,no,1,1,unknown,1,Coxim,yes,0,Coxim,2920,brazil
2135,POR,tupinamba,animism,no,2,3,unknown,1,Penedo,yes,0,Alagoas,2921,brazil
2136,POR,ge,animism,no,1,1,unknown,1,Cimbres,yes,0,Borborema,2922,brazil
2137,POR,ge,animism,no,1,1,unknown,1,PastosBons,yes,0,PastosBons,2923,amazonas_node
2138,POR,ge,animism,no,1,1,unknown,1,Timon,yes,0,Timon,2924,amazonas_node
2139,POR,ge,animism,no,1,1,unknown,1,Parnagua,yes,0,Parnagua,2925,amazonas_node
2140,POR,ge,animism,no,1,1,unknown,1,Grajau,yes,0,Grajau,2926,amazonas_node
2141,POR,ge,animism,no,1,2,unknown,1,Alcantara,yes,0,Alcantara,2927,amazonas_node
2142,POR,tupinamba,animism,no,1,1,unknown,1,Tucurui,yes,0,Tucurui,2928,amazonas_node
2143,POR,tupinamba,animism,no,1,1,unknown,1,Portel,yes,0,Para,2929,amazonas_node
2144,SMO,ryazanian,orthodox,no,4,4,grain,1,Smolensk,yes,2,Smolensk,293,kiev
2145,POR,tupinamba,animism,no,2,1,unknown,1,Santarem,yes,0,Santarem,2930,amazonas_node
2146,GBR,carib,animism,no,1,1,unknown,1,Pirara,yes,0,Alenquer,2931,amazonas_node
2147,WAD,tunjur,Unowned,no,1,1,unknown,1,Ouara,no,0,Obidos,2932,ethiopia
2148,POR,carib,animism,no,1,1,unknown,1,Barcelos,yes,0,Faro,2933,amazonas_node
2149,POR,tupinamba,animism,no,2,1,unknown,1,Manaus,yes,1,Manaus,2934,amazonas_node
2150,POR,tupinamba,animism,no,1,1,unknown,1,Muturu,yes,0,Muturu,2935,amazonas_node
2151,Unowned,Unowned,Unowned,no,0,0,,0,Guyana,no,0,Guyana,2936,amazonas_node
2152,SPA,carib,animism,no,1,1,unknown,1,Suriname,yes,0,Suriname,2937,amazonas_node
2153,POR,guajiro,animism,no,1,1,unknown,1,Oiapoque,yes,0,Oiapoque,2938,amazonas_node
2154,SPA,carib,animism,no,2,1,unknown,1,Zaraza,yes,0,Zaraza,2939,carribean_trade
2155,TVE,russian,orthodox,no,4,4,grain,3,Tver,yes,0,Tver,294,
2156,PCJ,aimara,inti,no,2,2,salt,1,Chichas,yes,0,Chichas,2940,cuiaba
2157,CRA,aimara,inti,no,2,2,gold,1,Choquechaca,yes,0,Choquechaca,2941,cuiaba
2158,CRA,aimara,inti,no,2,2,wool,1,Charcas,yes,0,Charcas,2942,cuiaba
2159,CYA,chachapoyan,inti,no,1,1,grain,1,Kuelap,yes,0,Chachapoyas,2943,lima
2160,Unowned,maipurean,inti,no,1,1,unknown,1,Ucayali,no,0,Ucayali,2944,lima
2161,SPA,jivaro,animism,no,1,1,unknown,1,Yurimaguas,yes,0,Yurimaguas,2945,lima
2162,PCJ,aimara,inti,no,2,2,gold,1,Quillacas,yes,0,Quillacas,2946,cuiaba
2163,CLA,aimara,inti,no,2,2,grain,1,Macaya,yes,0,Macaya,2947,cuiaba
2164,NDO,mbundu,Unowned,no,2,2,slaves,2,Matamba,yes,0,Matamba,2948,kongo
2165,KON,kongolese,Unowned,no,2,2,grain,1,Mbata,yes,0,Mbata,2949,kongo
2166,MOS,russian,orthodox,no,6,6,iron,5,Moskva,yes,2,Moskva,295,
2167,ZIM,shona,shamanism,no,1,1,ivory,1,Buhera,yes,0,Buhera,2950,zambezi
2168,ZIM,shona,shamanism,no,2,2,ivory,1,Masakesa,yes,0,Manikya,2951,zambezi
2169,ZIM,shona,shamanism,no,1,1,ivory,1,Madanda,yes,0,Madanda,2952,zambezi
2170,Unowned,Unowned,Unowned,no,0,0,,0,LakeHjalmaren,no,0,LakeHjalmaren,2953,
2171,TUN,tunisian,ibadi,no,1,1,grain,1,Djerba,yes,1,Djerba,2954,tunis
2172,ING,bavarian,catholic,yes,5,5,,3,Ingolstadt,yes,0,Ingolstadt,2955,
2173,UBV,bavarian,catholic,yes,3,3,glass,3,Straubing,yes,0,Straubing,2956,
2174,REG,bavarian,catholic,yes,5,5,,3,Regensburg,yes,2,Regensburg,2957,
2175,TEU,prussian,catholic,no,2,2,naval_supplies,1,Osterode,yes,0,Osterode,2958,baltic_sea
2176,POL,polish,catholic,no,3,3,grain,2,Tarnów,yes,0,Tarnow,2959,krakow
2177,MOS,russian,orthodox,no,3,3,grain,2,Kaluga,yes,0,Kaluga,296,kiev
2178,POL,polish,catholic,no,6,6,iron,2,Sadecki,yes,0,Sadecki,2960,krakow
2179,POL,ruthenian,orthodox,no,5,5,,2,Lwow,yes,1,Lwow,2961,krakow
2180,LIT,ruthenian,orthodox,no,1,1,livestock,1,Rowne,yes,0,Rowne,2962,kiev
2181,POL,polish,catholic,no,1,1,livestock,1,Naklo,yes,0,Notec,2963,krakow
2182,BRA,saxon,catholic,yes,4,4,cloth,2,Stendal,yes,0,Altmark,2964,
2183,THU,saxon,catholic,yes,3,3,wool,1,Plauen,yes,0,Vogtland,2965,
2184,GLG,schlesian,catholic,yes,3,4,iron,2,Glogau,yes,0,Glogau,2966,krakow
2185,BOH,czech,catholic,yes,4,4,,2,Cheb,yes,0,Eger,2967,
2186,BOH,czech,catholic,yes,3,3,grain,2,Budejovice,yes,0,Budejovice,2968,
2187,BRA,saxon,catholic,yes,3,3,cloth,1,Sternberg,yes,0,Sternberg,2969,
2188,LIT,ryazanian,orthodox,no,2,2,grain,1,Bryansk,yes,0,Bryansk,297,kiev
2189,BOH,czech,hussite,yes,3,3,grain,2,Hradecko,yes,0,Hradecko,2970,
2190,BRU,hannoverian,catholic,yes,2,2,livestock,1,Hoya,yes,0,Hoya,2971,
2191,KOL,hannoverian,catholic,yes,2,2,wool,1,Paderborn,no,0,Paderborn,2972,
2192,MUN,hannoverian,catholic,yes,3,3,cloth,1,Meppen,yes,0,Meppen,2973,
2193,LIE,flemish,catholic,yes,5,5,cloth,2,Borgloon,yes,0,Loon,2974,english_channel
2194,KLE,hessian,catholic,yes,5,5,cloth,4,Kleves,yes,0,Kleves,2975,
2195,PGA,umbrian,catholic,no,3,4,wine,1,Perugia,yes,0,Umbria,2976,genua
2196,URB,umbrian,catholic,no,5,5,grain,2,Urbino,yes,1,Urbino,2977,venice
2197,LAN,tuscan,catholic,yes,6,6,livestock,2,Arezzo,no,0,Arezzo,2978,genua
2198,MLO,lombard,catholic,yes,3,4,grain,2,Novara,no,0,Novarra,2979,genua
2199,LIT,ryazanian,orthodox,no,2,1,grain,1,Kursk,yes,0,Kursk,298,kiev
2200,LUC,tuscan,catholic,yes,6,6,cloth,2,Lucca,no,1,Lucca,2980,genua
2201,MFA,piedmontese,catholic,yes,5,5,wine,2,Montferrat,yes,0,Montferrat,2981,genua
2202,SIC,sicilian,catholic,no,4,4,wine,2,Syracusa,yes,0,Syracuse,2982,genua
2203,NAP,neapolitan,catholic,no,5,1,fish,4,Salerno,no,0,Salerno,2983,genua
2204,NAP,neapolitan,catholic,no,2,2,wine,1,Cosenza,yes,0,Costenza,2984,genua
2205,NAP,neapolitan,catholic,no,2,3,livestock,2,Foggia,yes,0,Capitanata,2985,venice
2206,SAR,sardinian,catholic,no,3,3,copper,1,Cagliari,no,0,Cagliari,2986,genua
2207,FRA,catalan,catholic,no,3,3,wool,2,Tàrrega,yes,0,Urgell,2987,valencia
2208,SPA,catalan,catholic,no,3,2,wine,2,Taragona,yes,0,Tarragona,2988,valencia
2209,SPA,castillian,catholic,no,2,2,wine,1,Logroño,yes,0,Rioja,2989,bordeaux
2210,GOL,mishary,sunni,no,3,3,livestock,2,Voronezh,yes,0,Voronezh,299,kiev
2211,SPA,aragonese,catholic,no,3,3,iron,3,Teruel,yes,0,Teruel,2990,valencia
2212,PRO,occitain,catholic,no,3,3,wool,2,Forcalquier,yes,0,Draguignan,2991,genua
2213,GEN,ligurian,catholic,yes,6,6,naval_supplies,1,Albenga,no,0,Albenga,2992,genua
2214,BRA,pommeranian,catholic,yes,4,3,cloth,1,Prenzlau,yes,0,Uckermark,2993,
2215,WOL,pommeranian,catholic,yes,3,2,salt,2,Wolgast,yes,0,Wolgast,2994,
2216,WOL,pommeranian,catholic,yes,2,2,fish,1,Stolp,yes,0,Stolp,2995,
2217,MKL,pommeranian,catholic,yes,2,2,cloth,2,Wismar,yes,0,Wismar,2996,
2218,TEU,prussian,catholic,no,3,4,grain,3,Tuchel,yes,0,Pomorskie,2997,baltic_sea
2219,WAL,romanian,orthodox,no,4,4,livestock,2,Buzau,yes,0,Buzau,2998,pest
2220,ORM,gulf_arabic,sunni,no,3,3,,1,Hormuz,yes,2,Hormuz,2999,hormuz
2221,SWE,swedish,catholic,no,2,2,naval_supplies,1,Kalmar,yes,0,Kalmar,3,baltic_sea
2222,SWE,finnish,catholic,no,2,2,fur,2,Viborg,yes,0,Viborg,30,
2223,RYA,ryazanian,orthodox,no,3,3,iron,2,Tula,yes,0,Tula,300,kiev
2224,SER,serbian,orthodox,no,3,3,livestock,1,Nis,yes,0,Nis,3000,ragusa
2225,TUR,bulgarian,orthodox,no,2,0,copper,2,Skopje,yes,0,Skopje,3001,ragusa
2226,TUR,bosnian,orthodox,no,2,2,grain,1,Visoki,yes,0,Sarajevo,3002,ragusa
2227,VEN,greek,orthodox,no,3,3,fish,2,Negroponte,yes,0,Euboea,3003,constantinople
2228,RYA,ryazanian,orthodox,no,5,5,wool,3,Pereyaslavl-Ryazansky,yes,0,Ryazan,301,
2229,GOL,mishary,sunni,no,3,3,iron,3,Tambov,yes,0,Tambow,302,astrakhan
2230,GOL,mishary,sunni,no,4,4,livestock,4,Ukek,yes,0,Saratow,303,astrakhan
2231,KAZ,kazani,sunni,no,3,3,livestock,2,Mohshi,yes,0,Pensa,304,astrakhan
2232,KAZ,uralic,Unowned,no,4,4,copper,3,Yagoshiha,yes,0,Perm,305,kazan
2233,MOS,russian,orthodox,no,5,5,copper,3,Nijni,yes,2,Nijni,306,kazan
2234,MOS,russian,orthodox,no,4,4,iron,3,Vladimir,yes,0,Vladimir,307,
2235,YAR,russian,orthodox,no,4,4,livestock,3,Yaroslavl,yes,1,Yaroslavl,308,
2236,NOV,karelian,orthodox,no,3,3,fur,2,Olonets,yes,0,Olonets,309,
2237,SWE,finnish,catholic,no,1,1,fur,1,Olofsborg,yes,0,Savolaks,31,baltic_sea
2238,NOV,novgorodian,orthodox,no,7,7,fur,6,Novgorod,yes,2,Novgorod,310,
2239,NOV,novgorodian,orthodox,no,2,2,naval_supplies,2,Kholm,yes,0,Kholm,311,
2240,BLO,novgorodian,orthodox,no,2,3,naval_supplies,2,Beloozero,yes,0,Beloozero,312,
2241,NOV,novgorodian,orthodox,no,1,2,fur,1,Soroka,yes,0,Soroka,313,white_sea
2242,MOS,russian,orthodox,no,3,3,iron,2,Vologda,yes,0,Vologda,314,white_sea
2243,NOR,sapmi,catholic,no,1,1,fish,1,Vardø,yes,0,Finnmark,315,white_sea
2244,TUR,turkish,sunni,no,3,3,grain,3,Izmit,yes,0,Kocaeli,316,constantinople
2245,TUR,turkish,sunni,no,5,5,silk,2,Bursa,yes,2,Hudavendigar,317,constantinople
2246,TUR,Unowned,sunni,no,4,4,,2,Izmirni,yes,2,Sugla,318,constantinople
2247,TUR,turkish,sunni,no,3,3,salt,3,Mughla,yes,0,Mentese,319,constantinople
2248,NOV,karelian,orthodox,no,2,2,fur,1,Keksholm,yes,0,Keksholm,32,
2249,Unowned,greek,orthodox,no,4,4,fish,3,Rhodes,yes,0,Rhodes,320,constantinople
2250,CYP,greek,orthodox,no,6,6,wine,3,Nicosia,yes,0,Cyprus,321,aleppo
2251,TUR,turkish,sunni,no,3,3,cloth,2,Kütahya,yes,0,Kutahya,322,constantinople
2252,KAR,turkish,sunni,no,3,3,salt,3,Konya,yes,0,Konya,323,aleppo
2253,KAR,turkish,sunni,no,5,5,livestock,4,Karaman,yes,0,Karaman,324,aleppo
2254,CND,turkish,sunni,no,3,0,copper,2,Kastamonu,yes,0,Kastamonu,325,constantinople
2255,TUR,turkish,sunni,no,3,3,cloth,3,Ankara,yes,0,Ankara,326,constantinople
2256,RAM,turkish,sunni,no,3,3,cotton,4,Adana,yes,1,Adana,327,aleppo
2257,CND,turkish,sunni,no,3,3,naval_supplies,2,Sinop,yes,2,Sinop,328,constantinople
2258,TUR,turkish,shiite,no,3,3,livestock,3,Sivas,yes,0,Sivas,329,constantinople
2259,NOV,karelian,orthodox,no,3,3,fur,1,Neva,yes,1,Neva,33,
2260,TRE,pontic_greek,orthodox,no,4,4,naval_supplies,4,Trapezous,yes,1,Trebizond,330,crimea
2261,AKK,armenian,coptic,no,4,4,livestock,4,Erzurum,yes,0,Erzurum,331,crimea
2262,DUL,turkish,sunni,no,2,2,wool,2,Maras,yes,0,Marash,332,aleppo
2263,SPA,catalan,catholic,no,2,2,sugar,1,Palma,yes,0,TheBaleares,333,valencia
2264,MOR,moroccan,sunni,no,3,3,cloth,1,Tangier,yes,2,Tangiers,334,sevilla
2265,MOR,berber,sunni,no,3,3,fish,1,Melilla,yes,0,Mellila,335,sevilla
2266,TLC,berber,sunni,no,5,5,cloth,3,Tlemcen,yes,2,Tlemcen,336,safi
2267,TLC,algerian,sunni,no,3,3,cloth,1,Oran,yes,0,Oran,337,safi
2268,TUN,algerian,sunni,no,5,5,grain,3,Al-Djazair,yes,1,Al,338,safi
2269,TUN,berber,sunni,no,3,3,iron,2,Bejaia,yes,0,Bejaia,339,tunis
2270,NOV,novgorodian,orthodox,no,3,3,fur,1,Koporye,yes,0,Ingermanland,34,
2271,TUN,berber,sunni,no,3,3,grain,2,Constantine,yes,0,Constantine,340,tunis
2272,TUN,tunisian,sunni,no,6,6,cloth,2,Tunis,yes,2,Tunis,341,tunis
2273,MOR,moroccan,sunni,no,4,4,grain,2,Rabat,yes,1,Toubkhal,342,safi
2274,MOR,moroccan,sunni,no,5,5,cloth,3,Fez,yes,0,Fez,343,safi
2275,MOR,moroccan,sunni,no,5,5,sugar,2,Marrakech,yes,0,Marrakech,344,safi
2276,MOR,moroccan,sunni,no,1,1,sugar,1,Safi,yes,0,Safi,345,safi
2277,MOR,moroccan,sunni,no,4,4,gold,2,Tafilalt,yes,2,Figuig,346,safi
2278,MOR,berber,sunni,no,1,1,fish,1,Ifni,yes,0,Ifni,347,safi
2279,MOR,berber,sunni,no,5,5,sugar,2,Taroudant,yes,0,Sus,348,safi
2280,TLC,berber,sunni,no,2,2,livestock,1,Figuig,yes,0,Atlas,349,safi
2281,LIV,estonian,catholic,no,1,1,grain,1,Arensburg,yes,0,Osel,35,baltic_sea
2282,MZB,algerian,sunni,no,1,1,livestock,1,Laghwat,yes,0,Aures,350,tunis
2283,TGT,berber,sunni,no,1,1,wool,1,Biskra,yes,0,Biskra,351,tunis
2284,GHD,tunisian,sunni,no,2,2,salt,1,Gafsa,yes,0,Gafsa,352,tunis
2285,TUN,tunisian,sunni,no,1,1,grain,1,Tataouine,yes,0,Gabes,353,tunis
2286,TUN,tunisian,sunni,no,2,2,cloth,1,Tripolitania,yes,2,Tripolitania,354,tunis
2287,FZA,tunisian,sunni,no,1,1,fish,1,Sirt,yes,0,Sirt,355,tunis
2288,MAM,al_misr_arabic,sunni,no,2,2,livestock,2,Benghazi,yes,1,Benghazi,356,alexandria
2289,MAM,al_misr_arabic,sunni,no,1,1,livestock,1,Derna,yes,0,Darnah,357,alexandria
2290,MAM,al_misr_arabic,sunni,no,5,5,spices,3,Alexandria,yes,1,Alexandria,358,alexandria
2291,MAM,al_misr_arabic,sunni,no,5,5,cotton,2,Faiyum,yes,0,Faiyum,359,alexandria
2292,LIV,estonian,catholic,no,4,4,grain,2,Reval,yes,1,Estland,36,baltic_sea
2293,MAM,al_misr_arabic,sunni,no,1,1,livestock,1,Qus,yes,0,Qena,360,alexandria
2294,MAM,al_misr_arabic,sunni,no,9,9,cloth,6,Cairo,yes,2,Cairo,361,alexandria
2295,MAM,al_misr_arabic,sunni,no,4,4,grain,2,Rashid,yes,1,Rosetta,362,alexandria
2296,MAM,al_misr_arabic,sunni,no,4,4,,2,Dumyat,yes,0,Damietta,363,alexandria
2297,MAM,al_suryah_arabic,sunni,no,3,3,salt,2,Gazzah,yes,0,Gaza,364,alexandria
2298,MAM,bedouin_arabic,sunni,no,1,1,,1,Sinai,yes,0,Sinai,365,alexandria
2299,CAS,berber,animism,no,3,3,unknown,1,TheCanarias,yes,0,TheCanarias,366,sevilla
2300,POR,berber,animism,no,3,3,fish,1,TheAzores,yes,0,TheAzores,367,sevilla
2301,POR,berber,animism,no,4,4,unknown,1,Funchal,yes,0,Madeira,368,sevilla
2302,NOR,norwegian,catholic,no,1,1,fish,1,Kirkwall,yes,0,Orkney,369,north_sea
2303,LIV,latvian,catholic,no,3,3,livestock,2,Fellin,yes,0,Livland,37,baltic_sea
2304,NOR,icelandic,catholic,no,1,1,fish,1,Reykjavik,yes,0,Reykjavik,370,north_sea
2305,NOR,icelandic,catholic,no,1,1,fish,1,Akureyri,yes,0,Akureyri,371,north_sea
2306,TYR,irish,catholic,no,3,3,wool,2,Dungannon,yes,0,Tyrone,372,north_sea
2307,ENG,irish,catholic,no,3,3,livestock,2,Dublin,yes,0,Meath,373,north_sea
2308,LEI,irish,catholic,no,2,2,livestock,2,Wexford,yes,0,Leinster,374,north_sea
2309,MNS,irish,catholic,no,3,3,fish,2,Limerick,yes,0,Munster,375,north_sea
2310,CNN,irish,catholic,no,2,2,livestock,2,Galway,yes,0,Connaught,376,north_sea
2311,SYR,al_suryah_arabic,sunni,no,9,9,silk,4,Halab,yes,2,Aleppo,377,aleppo
2312,SYR,al_suryah_arabic,shiite,no,6,6,grain,4,Tripoli,yes,1,Tripoli,378,aleppo
2313,MAM,al_suryah_arabic,sunni,no,5,5,grain,3,Jerusalem,yes,0,Jerusalem,379,alexandria
2314,RIG,baltic_german,catholic,no,5,5,naval_supplies,1,Riga,yes,1,Riga,38,baltic_sea
2315,MAM,bedouin_arabic,sunni,no,1,1,grain,1,AlKarak,yes,0,AlKarak,380,alexandria
2316,MAM,al_suryah_arabic,sunni,no,2,2,grain,2,Ajlun,yes,0,Ajlun,381,alexandria
2317,SYR,al_suryah_arabic,sunni,no,7,7,iron,6,Dimashq,yes,2,Damascus,382,aleppo
2318,MAM,bedouin_arabic,sunni,no,2,2,livestock,1,Tabuk,yes,0,Tabuk,383,alexandria
2319,MDA,hejazi_culture,sunni,no,3,3,cloth,3,Medina,yes,0,Medina,384,alexandria
2320,HED,hejazi_culture,sunni,no,4,4,incense,4,Makkah,yes,0,Mecca,385,alexandria
2321,MFL,hejazi_culture,shiite,no,2,2,coffee,2,Bishah,yes,0,Asir,386,gulf_of_aden
2322,YEM,yemeni_culture,sunni,no,3,3,coffee,2,Mokha,yes,0,Mokha,387,gulf_of_aden
2323,TUR,yemeni_culture,sunni,no,4,4,incense,3,Aden,yes,2,Aden,388,gulf_of_aden
2324,HDR,yemeni_culture,sunni,no,1,2,incense,2,Mukalla,yes,0,Mukalla,389,gulf_of_aden
2325,LIV,latvian,catholic,no,3,3,naval_supplies,1,Goldingen,yes,0,Kurland,39,baltic_sea
2326,RAS,yemeni_culture,shiite,no,4,3,wool,4,Sana'a,yes,0,Sanaa,390,gulf_of_aden
2327,NJR,yemeni_culture,shiite,no,2,2,cloth,2,Najran,yes,0,Najran,391,gulf_of_aden
2328,NAJ,bedouin_arabic,sunni,no,1,1,livestock,1,Diriyah,yes,0,Al,392,basra
2329,SHM,bedouin_arabic,sunni,no,1,1,grain,1,Ha'il,yes,1,JabalShammar,393,basra
2330,ALH,gulf_arabic,shiite,no,1,1,fish,1,Al-Qatif,yes,1,ElCatif,394,basra
2331,ALH,gulf_arabic,shiite,no,2,2,gems,1,Qatar,yes,0,Qatar,395,basra
2332,ALH,gulf_arabic,shiite,no,1,1,,2,Manama,yes,0,Bahrain,396,basra
2333,ORM,gulf_arabic,shiite,no,1,1,,1,AbuDhabi,yes,0,AbuDhabi,397,hormuz
2334,ORM,gulf_arabic,ibadi,no,2,2,livestock,1,Sharjah,yes,0,Qawasim,398,hormuz
2335,ORM,omani_culture,ibadi,no,3,3,,3,Suhar,yes,0,Suhar,399,hormuz
2336,SWE,swedish,catholic,no,2,3,iron,2,Västerås,yes,0,Bergslagen,4,baltic_sea
2337,TEU,lithuanian,catholic,no,3,3,livestock,3,Memel,yes,0,Memel,40,baltic_sea
2338,ORM,omani_culture,ibadi,no,4,4,,1,Masqat,yes,2,Muscat,400,hormuz
2339,MHR,mahri_culture,sunni,no,1,1,incense,1,Salalah,yes,0,Dhofar,401,gulf_of_aden
2340,MHR,mahri_culture,sunni,no,1,1,incense,1,Qishn,yes,0,Mahra,402,gulf_of_aden
2341,Unowned,Unowned,sunni,no,1,1,unknown,1,Ndzuwani,no,0,Comoros,4020,zanzibar
2342,BTS,Unowned,Unowned,no,1,2,slaves,1,Ambilobe,yes,0,Antankara,4021,zanzibar
2343,SKA,Unowned,Unowned,no,2,2,slaves,1,Majunga,yes,0,Iboina,4022,zanzibar
2344,BTS,madagasque,Unowned,no,1,1,slaves,1,Tsimihety,yes,0,Tsimihety,4023,zanzibar
2345,BTS,madagasque,Unowned,no,2,2,slaves,1,Maroantsetra,yes,0,Maroantsetra,4024,zanzibar
2346,BTS,madagasque,Unowned,no,3,2,slaves,2,Vatomandry,yes,1,Vatomandry,4025,zanzibar
2347,ANT,madagasque,sunni,no,2,2,slaves,2,Vohipeno,yes,0,Antemoro,4026,zanzibar
2348,Unowned,madagasque,Unowned,no,2,1,slaves,2,Betsileo,yes,0,Betsileo,4027,zanzibar
2349,MFY,madagasque,Unowned,no,2,2,slaves,2,Mahafaly,yes,0,Mahafaly,4028,zanzibar
2350,ANT,madagasque,sunni,no,2,2,slaves,1,Antanosy,yes,0,Antanosy,4029,zanzibar
2351,OMA,omani_culture,ibadi,no,3,3,wool,3,Nizwa,yes,0,Nizwa,403,hormuz
2352,Unowned,madagasque,Unowned,no,1,1,grain,1,Bara,yes,0,Bara,4030,zanzibar
2353,SKA,madagasque,Unowned,no,1,2,slaves,1,Antsalova,yes,0,Antsalova,4031,zanzibar
2354,SKA,madagasque,Unowned,no,2,1,fish,2,Fiherana,yes,0,Fiherana,4032,zanzibar
2355,ALO,nubian,sunni,no,1,1,ivory,1,Al-Qadarif,yes,0,AlQadirif,4033,ethiopia
2356,MKU,makua,Unowned,no,1,2,ivory,1,Makua,yes,0,Makua,4034,zambezi
2357,MKU,makua,Unowned,no,1,1,unknown,1,Ngindo,no,0,Ngindo,4035,zambezi
2358,MKU,makua,Unowned,no,1,1,unknown,1,Wayao,no,0,Wayao,4036,zambezi
2359,MRA,nyasa,Unowned,no,2,3,ivory,2,Katsekera,yes,0,Katsekera,4037,zambezi
2360,MKU,nyasa,Unowned,no,1,1,ivory,1,Lolo,yes,0,Lolo,4038,zambezi
2361,LDU,nyasa,Unowned,no,3,2,,4,Mbebwe,yes,0,Lundu,4039,zambezi
2362,YAS,gulf_arabic,sunni,no,1,1,,1,Liwa,yes,0,Liwa,404,hormuz
2363,MRA,nyasa,Unowned,no,3,3,iron,4,Manthimba,yes,2,Kalonga,4040,zambezi
2364,Unowned,bena,Unowned,no,1,1,unknown,1,Kinga,no,0,Kinga,4041,zambezi
2365,Unowned,makua,Unowned,no,1,1,unknown,1,Makonde,no,0,Makonde,4042,zambezi
2366,Unowned,nyasa,Unowned,no,1,1,unknown,1,Phangwa,no,0,Phangwa,4043,zambezi
2367,TBK,nyasa,Unowned,no,2,2,ivory,1,Chilumba,yes,0,Ngonde,4044,zambezi
2368,TBK,nyasa,Unowned,no,2,2,gems,2,Kasungu,yes,0,Tumbuka,4045,zambezi
2369,Unowned,bemba,Unowned,no,1,1,unknown,1,Lala,no,0,Lala,4046,zambezi
2370,LDU,nyasa,Unowned,no,1,2,livestock,1,Nsenga,yes,0,Nsenga,4047,zambezi
2371,MRA,makua,Unowned,no,1,1,ivory,1,Lomwe,yes,0,Lomwe,4048,zambezi
2372,ZAN,swahili,sunni,no,2,2,ivory,1,Ibo,yes,0,Ibo,4049,zanzibar
2373,FAD,bedouin_arabic,sunni,no,1,1,livestock,2,Tadmuriyah,yes,0,Tadmor,405,aleppo
2374,Unowned,bemba,Unowned,no,1,1,unknown,1,Luangwa,no,0,Luangwa,4050,zambezi
2375,Unowned,somali,sunni,no,1,1,unknown,1,EwasoNgiro,no,0,EwasoNgiro,4051,ethiopia
2376,Unowned,somali,sunni,no,1,1,unknown,1,Dawa,no,0,Dawa,4052,ethiopia
2377,Unowned,acholi,Unowned,no,1,1,unknown,1,Turkana,no,0,Turkana,4053,african_great_lakes
2378,Unowned,masaba,Unowned,no,2,2,unknown,1,Kuria,no,0,Kuria,4054,african_great_lakes
2379,Unowned,swahili,Unowned,no,1,1,unknown,1,Shambaa,no,0,Shamba,4055,african_great_lakes
2380,Unowned,takama,Unowned,no,1,1,unknown,1,Gogo,no,0,Gogo,4056,african_great_lakes
2381,Unowned,takama,Unowned,no,1,1,unknown,1,Nyatura,no,0,Nyatura,4057,african_great_lakes
2382,Unowned,swahili,Unowned,no,1,1,unknown,1,Zigua,no,0,Zigua,4058,african_great_lakes
2383,Unowned,masaba,Unowned,no,2,2,unknown,1,Shaga,no,0,Shaga,4059,african_great_lakes
2384,QAR,al_iraqiya_arabic,sunni,no,2,2,livestock,2,Sahiliyah,yes,0,AsSahiliyah,406,basra
2385,Unowned,Unowned,Unowned,no,1,1,unknown,1,Kikuyu,no,0,Kikuyu,4060,african_great_lakes
2386,KRW,takama,Unowned,no,2,2,iron,2,Buzinza,yes,0,Buzinza,4061,african_great_lakes
2387,BSG,masaba,Unowned,no,3,3,fish,3,Bukaleeba,yes,0,Basoga,4062,african_great_lakes
2388,KRW,ganda,Unowned,no,3,3,iron,2,Karagwe,yes,0,Karagwe,4063,african_great_lakes
2389,BUG,ganda,Unowned,no,4,4,salt,4,Buganda,yes,2,Buganda,4064,african_great_lakes
2390,BNY,ganda,Unowned,no,4,3,salt,3,Mugenyi,yes,0,Bunyoro,4065,african_great_lakes
2391,NKO,ganda,Unowned,no,3,3,grain,2,Nkore,yes,0,Ndorwe,4066,african_great_lakes
2392,RWA,rwandan,Unowned,no,4,4,iron,3,Nduga,yes,0,Nduga,4067,african_great_lakes
2393,RWA,rwandan,Unowned,no,2,2,grain,3,Bafuriru,yes,0,Buzozo,4068,african_great_lakes
2394,UBH,rwandan,Unowned,no,3,3,grain,3,Bushubi,yes,0,Bushubi,4069,african_great_lakes
2395,MAM,al_suryah_arabic,sunni,no,1,1,livestock,1,ArRaqqa,yes,0,ArRaqqa,407,aleppo
2396,BUU,rwandan,Unowned,no,3,3,iron,3,Nkoma,yes,0,Nkoma,4070,african_great_lakes
2397,UBH,Unowned,Unowned,no,2,2,grain,1,Buyogoma,yes,0,Buyogoma,4071,african_great_lakes
2398,UBH,Unowned,Unowned,no,2,2,salt,2,Ruguru,yes,0,Ruguru,4072,african_great_lakes
2399,Unowned,bena,Unowned,no,1,1,unknown,1,Hehe,no,0,Hehe,4073,african_great_lakes
2400,BNY,acholi,Unowned,no,1,1,livestock,2,Pubungo,yes,0,Pubungo,4074,african_great_lakes
2401,Unowned,acholi,Unowned,no,1,1,unknown,1,Lango,no,0,Lango,4075,african_great_lakes
2402,Unowned,takama,Unowned,no,2,2,unknown,2,Muhambwe,no,0,Muhambwe,4076,african_great_lakes
2403,Unowned,bena,Unowned,no,2,2,unknown,1,Rukwa,no,0,Rukwa,4077,african_great_lakes
2404,LOA,kongolese,Unowned,no,2,1,ivory,2,Mayumba,yes,0,Mayumba,4078,ivory_coast
2405,KON,kongolese,Unowned,no,3,2,ivory,2,Ngoyo,yes,0,Ngoyo,4079,ivory_coast
2406,MSY,al_iraqiya_arabic,shiite,no,3,3,salt,5,Basra,yes,1,Basra,408,basra
2407,KON,kongolese,Unowned,no,4,3,slaves,4,Soyo,yes,0,Soyo,4080,ivory_coast
2408,KON,kongolese,Unowned,no,1,1,spices,1,Okango,yes,0,Tyo,4081,kongo
2409,KSJ,mbangala,Unowned,no,2,2,slaves,2,Kasanje,yes,0,Kasanje,4082,kongo
2410,KSJ,mbangala,Unowned,no,2,2,slaves,3,Shinje,yes,0,Shinje,4083,kongo
2411,KSJ,mbangala,Unowned,no,1,1,slaves,1,Malem,yes,0,Malem,4084,kongo
2412,YAK,yaka,Unowned,no,3,2,slaves,3,Yaka,yes,0,Yaka,4085,kongo
2413,KUB,kuba,Unowned,no,1,1,tropical_wood,2,Nunu,yes,0,Nunu,4086,kongo
2414,YAK,yaka,Unowned,no,1,2,slaves,2,Kumbana,yes,0,Kumbana,4087,kongo
2415,KUB,kuba,Unowned,no,2,2,spices,2,Munene,yes,0,Munene,4088,kongo
2416,KUB,kuba,Unowned,no,2,1,cloth,3,Kuba,yes,1,Kuba,4089,kongo
2417,QAR,al_iraqiya_arabic,shiite,no,2,2,wool,2,Karbala,yes,0,Hillah,409,basra
2418,KLD,luba,Unowned,no,1,1,grain,1,Songye,yes,0,Songye,4090,kongo
2419,LND,lunda,Unowned,no,2,2,spices,2,Mpasu,yes,0,Mpasu,4091,kongo
2420,LND,lunda,Unowned,no,3,3,ivory,3,Musumba,yes,1,Rund,4092,kongo
2421,LND,lunda,Unowned,no,2,2,ivory,1,Lwena,yes,0,Lwena,4093,kongo
2422,CKW,chokwe,Unowned,no,1,1,ivory,2,Chokwe,yes,0,Chokwe,4094,kongo
2423,CKW,chokwe,Unowned,no,2,2,ivory,1,Ishindi,yes,0,Ishindi,4095,kongo
2424,KLD,luba,Unowned,no,2,2,livestock,2,Kalundwe,yes,0,Kalundwe,4096,kongo
2425,LUB,luba,Unowned,no,3,3,iron,3,Luba,yes,1,Luba,4097,kongo
2426,KIK,luba,Unowned,no,2,2,salt,1,Kikondja,yes,0,Upemba,4098,kongo
2427,LUB,luba,Unowned,no,2,2,iron,3,Hemba,yes,0,Hemba,4099,kongo
2428,TEU,prussian,catholic,no,5,5,,3,Königsberg,yes,1,Konigsberg,41,baltic_sea
2429,QAR,al_iraqiya_arabic,sunni,no,4,4,cloth,4,Baghdad,yes,1,Baghdad,410,basra
2430,KZB,luba,Unowned,no,3,2,copper,3,Luapala,yes,0,Luapala,4100,kongo
2431,KZB,luba,Unowned,no,2,3,salt,2,Lualaba,yes,0,Lualaba,4101,kongo
2432,Unowned,bemba,Unowned,no,1,1,unknown,1,Bemba,no,0,Bemba,4102,kongo
2433,KZB,luba,Unowned,no,2,2,copper,2,Tabwa,yes,0,Tabwa,4103,kongo
2434,Unowned,bemba,Unowned,no,1,1,unknown,1,Lamba,no,0,Lamba,4104,zambezi
2435,LUB,luba,Unowned,no,2,2,livestock,2,Kusu,yes,0,Kusu,4105,kongo
2436,Unowned,bemba,Unowned,no,1,1,unknown,1,Lenje,no,0,Lenje,4106,zambezi
2437,KIK,luba,Unowned,no,1,2,copper,2,Kanongesha,yes,0,Kanongesha,4107,kongo
2438,Unowned,bemba,Unowned,no,1,1,unknown,1,Kaonde,no,0,Kaonde,4108,zambezi
2439,Unowned,luba,Unowned,no,2,2,unknown,2,Lega,no,0,Lega,4109,kongo
2440,QAR,kurdish,sunni,no,4,4,cloth,4,Mosul,yes,0,Mosul,411,aleppo
2441,SCO,highland_scottish,catholic,no,2,2,grain,2,Dornoch,yes,0,Sutherland,4110,north_sea
2442,FRA,cosmopolitan_french,catholic,no,4,4,grain,2,Saintes,yes,0,Saintonge,4111,bordeaux
2443,FRA,gascon,catholic,no,3,3,wine,3,Cahors,yes,0,Cahors,4112,bordeaux
2444,SWE,Unowned,catholic,no,1,1,fur,1,Rovaniemi,yes,0,Rovaniemi,4113,baltic_sea
2445,SWE,sapmi,catholic,no,1,1,unknown,1,Jokkmokk,yes,0,NorthernLappmarks,4114,baltic_sea
2446,LIT,byelorussian,orthodox,no,2,2,grain,2,Mazyr,yes,0,Mazyr,4115,kiev
2447,Unowned,ryazanian,orthodox,no,3,3,grain,3,Odayev,yes,0,UpperOka,4116,kiev
2448,MOS,novgorodian,orthodox,no,2,2,naval_supplies,1,Bezhetsk,yes,0,Bezhetsk,4117,
2449,DMS,irish,catholic,no,2,3,copper,1,Cork,yes,1,Desmond,4118,north_sea
2450,SLN,irish,catholic,no,3,3,naval_supplies,2,Sligo,yes,0,Sligo,4119,north_sea
2451,MSY,al_iraqiya_arabic,shiite,no,4,4,sugar,1,Ahvaz,yes,0,Khuzestan,412,basra
2452,KID,irish,catholic,no,3,3,grain,3,Naas,yes,0,Kildare,4120,north_sea
2453,ULS,irish,catholic,no,3,3,grain,2,Carrickfergus,yes,0,Ulster,4121,north_sea
2454,NOV,novgorodian,orthodox,no,1,1,fur,1,Shenkursk,yes,0,Shenkursk,4122,white_sea
2455,SWE,finnish,catholic,no,1,1,fur,1,Messukylä,yes,0,Birkaland,4123,baltic_sea
2456,NOV,karelian,orthodox,no,1,1,fur,1,Lieksa,yes,0,Kovero,4124,
2457,HUN,hungarian,catholic,no,3,3,livestock,2,Szolnok,yes,0,Szolnok,4125,pest
2458,HUN,hungarian,catholic,no,2,2,livestock,1,Bács,yes,0,Bacs,4126,pest
2459,HUN,transylvanian,orthodox,no,2,2,,2,Turda,yes,1,Turda,4127,pest
2460,HUN,Unowned,catholic,no,3,3,cloth,2,Sibiu,yes,0,Kiralyfold,4128,pest
2461,PRM,uralic,orthodox,no,1,1,fur,1,Ust-Vym,yes,0,UstVym,4129,white_sea
2462,LRI,luri,shiite,no,3,3,grain,2,Khorramabad,yes,0,Lorestan,413,basra
2463,ENG,english,catholic,no,2,2,wool,1,Bath,yes,0,Somerset,4130,english_channel
2464,RFR,togoku,shinto,no,3,3,livestock,2,Sannohe,yes,0,Mutsu,4131,nippon
2465,Unowned,Unowned,Unowned,no,0,0,,0,Mweru,no,0,Mweru,4132,
2466,Unowned,Unowned,Unowned,no,0,0,,0,Kivu,no,0,Kivu,4133,
2467,Unowned,Unowned,Unowned,no,0,0,,0,Rutanzige,no,0,Rutanzige,4134,
2468,Unowned,Unowned,Unowned,no,0,0,,0,Albert,no,0,Albert,4135,
2469,Unowned,Unowned,Unowned,no,0,0,,0,Zaysan,no,0,Zaysan,4136,
2470,Unowned,Unowned,Unowned,no,0,0,,0,Alakol,no,0,Alakol,4137,
2471,Unowned,Unowned,Unowned,no,0,0,,0,IssykKul,no,0,IssykKul,4138,
2472,Unowned,Unowned,Unowned,no,0,0,,0,Oulujarvi,no,0,Oulujarvi,4139,
2473,TIM,luri,sunni,no,2,2,cloth,2,Hamedan,yes,0,Hamadan,414,basra
2474,Unowned,Unowned,Unowned,no,0,0,,0,Saimaa,no,0,Saimaa,4140,
2475,DTT,lower_saxon,catholic,yes,2,3,grain,3,Meldorf,yes,0,Ditmarschen,4141,
2476,DAN,danish,catholic,no,4,4,naval_supplies,3,Aarhus,yes,1,Aarhus,4142,
2477,NOR,norwegian,catholic,no,3,3,naval_supplies,2,Moss,yes,0,Smalenene,4143,
2478,NOR,norwegian,catholic,no,2,2,naval_supplies,1,Bratsberg,yes,0,Bratsberg,4144,
2479,NOR,norwegian,catholic,no,1,2,iron,1,Mandal,yes,0,Agdesiden,4145,north_sea
2480,Unowned,Unowned,Unowned,no,0,0,,0,Jotenheimen,no,0,Jotenheimen,4146,north_sea
2481,RSO,russian,orthodox,no,3,3,grain,2,Rostov,yes,0,Rostov,4147,
2482,NOV,novgorodian,orthodox,no,2,1,naval_supplies,1,Luki,yes,0,Luki,4148,
2483,DAN,danish,catholic,no,3,3,livestock,2,Kolding,yes,0,Kolding,4149,
2484,TIM,kurdish,sunni,no,3,3,grain,3,Kirkuk,yes,0,Shahrizor,415,basra
2485,POR,portugese,catholic,no,3,2,wine,2,Évora,yes,0,Evora,4150,sevilla
2486,SWE,sapmi,catholic,no,1,1,fur,1,Inari,yes,0,Inari,4151,white_sea
2487,SWE,sapmi,catholic,no,1,1,fur,1,Maanselkä,yes,0,Kajaani,4152,baltic_sea
2488,Unowned,Unowned,Unowned,no,0,0,,0,TheSkands,no,0,TheSkands,4153,north_sea
2489,Unowned,Unowned,Unowned,no,0,0,,0,ThePyrenees,no,0,ThePyrenees,4154,
2490,Unowned,Unowned,Unowned,no,0,0,,0,TheCarpathians,no,0,TheCarpathians,4155,
2491,Unowned,Unowned,Unowned,no,0,0,,0,TheCaucasus,no,0,TheCaucasus,4156,
2492,Unowned,Unowned,Unowned,no,0,0,,0,TheAlps,no,0,TheAlps,4157,
2493,JJI,sidamo,shamanism,no,1,2,slaves,1,Fofa,yes,0,Janjero,4158,ethiopia
2494,Unowned,Unowned,Unowned,no,0,0,,0,TheAlps2,no,0,TheAlps2,4159,
2495,QAR,azerbaijani,shiite,no,7,7,silk,3,Tabriz,yes,2,Tabriz,416,persia
2496,Unowned,Unowned,Unowned,no,0,0,,0,TheAlps3,no,0,TheAlps3,4160,
2497,Unowned,Unowned,Unowned,no,0,0,,0,TheAlps4,no,0,TheAlps4,4161,
2498,Unowned,Unowned,Unowned,no,0,0,,0,TheAlps5,no,0,TheAlps5,4162,
2499,SWE,swedish,catholic,no,2,1,grain,1,Elfsborg,yes,1,Elfsborg,4163,
2500,SWE,swedish,catholic,no,1,1,naval_supplies,1,Dalaborg,yes,0,Dal,4164,
2501,DAN,danish,catholic,no,3,3,livestock,3,Gladsax,yes,0,Goinge,4165,
2502,SWE,swedish,catholic,no,1,1,naval_supplies,1,Växjö,yes,0,Tioharad,4166,baltic_sea
2503,Unowned,Unowned,Unowned,no,0,0,,0,HighAtlas,no,0,HighAtlas,4167,
2504,Unowned,Unowned,Unowned,no,0,0,,0,HighAtlas2,no,0,HighAtlas2,4168,
2505,Unowned,Unowned,Unowned,no,0,0,,0,Aures,no,0,Aures,4169,
2506,KRY,mazandarani,shiite,no,5,5,silk,2,Lahijan,yes,0,Lahijan,417,persia
2507,Unowned,Unowned,Unowned,no,0,0,,0,Zagros,no,0,Zagros,4170,persia
2508,TIM,persian,sunni,no,1,1,,1,Abarquh,yes,0,Abarquh,4171,persia
2509,Unowned,Unowned,Unowned,no,0,0,,0,Zagros2,no,0,Zagros2,4172,persia
2510,HUN,serbian,orthodox,no,2,2,grain,1,Mitrovica,yes,0,Syrmia,4173,pest
2511,VEN,albanian,orthodox,no,2,2,salt,1,Durrës,yes,1,Durres,4174,ragusa
2512,ALB,albanian,orthodox,no,2,2,wool,2,Lezhë,yes,0,Lezhe,4175,ragusa
2513,SER,serbian,orthodox,no,3,3,livestock,1,Kruševac,yes,0,Branicevo,4176,ragusa
2514,Unowned,Unowned,Unowned,no,0,0,,0,Elburz,no,0,Elburz,4177,persia
2515,Unowned,Unowned,Unowned,no,0,0,,0,PonticMountains,no,0,PonticMountains,4178,
2516,Unowned,Unowned,Unowned,no,0,0,,0,ArmenianHighlands,no,0,ArmenianHighlands,4179,persia
2517,AKK,kurdish,sunni,no,3,3,livestock,2,Diyarbakir,yes,1,Diyarbakir,418,aleppo
2518,ITO,kyushuan,shinto,no,3,2,livestock,2,Obi,yes,0,Hyuga,4180,nippon
2519,KKC,kyushuan,shinto,no,2,3,fish,3,Kumamoto,yes,0,Higo,4181,nippon
2520,SHN,kyushuan,shinto,no,5,2,naval_supplies,2,Nagasaki,yes,0,Hizen,4182,nippon
2521,YMN,japanese,shinto,no,4,2,fish,2,Hamada,yes,0,Iwami,4183,nippon
2522,YMN,japanese,shinto,no,3,2,iron,2,Okayama,yes,0,Bizen,4184,nippon
2523,ISK,japanese,shinto,no,3,2,fish,2,Miyazu,yes,0,Tango,4185,nippon
2524,KNO,japanese,shinto,no,3,2,copper,2,Yuzuki,yes,0,Iyo,4186,nippon
2525,HTK,japanese,shinto,no,2,3,naval_supplies,2,Wakayama,yes,0,Kii,4187,nippon
2526,OGS,togoku,shinto,no,2,2,livestock,2,Nagano,yes,0,Shinano,4188,nippon
2527,ASK,togoku,shinto,no,3,2,iron,3,Kamakura,yes,0,Sagami,4189,nippon
2528,TIM,armenian,coptic,no,4,4,wine,3,Yerevan,yes,1,Yerevan,419,persia
2529,CBA,togoku,shinto,no,2,1,fish,2,Sakura,yes,0,Shimousa,4190,nippon
2530,UTN,togoku,shinto,no,2,2,grain,2,Utsunomiya,yes,0,Shimotsuke,4191,nippon
2531,AKT,togoku,shinto,no,2,2,fish,2,Akita,yes,0,Ugo,4192,nippon
2532,AKT,togoku,shinto,no,1,1,fish,1,Katsuyama,yes,0,Oshima,4193,nippon
2533,MNG,chihan,confucianism,no,3,3,grain,2,Yongping,yes,0,Yongping,4194,beijing
2534,MNG,chihan,confucianism,no,2,2,grain,2,Zhending,yes,0,Zhending,4195,beijing
2535,MNG,jianghuai,confucianism,no,3,3,fish,2,Haizhou,yes,0,Haizhou,4196,hangzhou
2536,MNG,hubei,confucianism,no,2,2,grain,1,Huangzhou,yes,0,Huangzhou,4197,xian
2537,MNG,xibei,confucianism,no,2,2,grain,1,Fengxiang,yes,0,Fengxiang,4198,xian
2538,MNG,miao,animism,no,1,1,tea,1,Tongren,yes,0,Tongren,4199,canton
2539,TEU,prussian,catholic,no,3,3,naval_supplies,2,Allenstein,yes,0,Warmia,42,baltic_sea
2540,QAR,azerbaijani,shiite,no,2,2,cotton,2,Ganja,yes,0,Ganja,420,persia
2541,MYR,manchu,tengri_pagan_reformed,no,1,2,livestock,2,Hulan,yes,0,Hulan,4200,girin
2542,MJZ,manchu,confucianism,no,4,3,fur,3,Jianzhou,yes,0,Jianzhou,4201,girin
2543,KRC,chahar,vajrayana,no,2,2,livestock,1,Baichungtze,yes,0,Taining,4202,girin
2544,KHA,mongol,vajrayana,no,3,2,livestock,2,Ulanhad,yes,0,JuUd,4203,girin
2545,SYG,oirats,vajrayana,no,1,1,livestock,2,Anding,yes,0,Anding,4204,lhasa
2546,UTS,tibetan,vajrayana,no,1,1,livestock,1,Nagchu,yes,0,Nagchu,4205,lhasa
2547,KHA,oirats,tengri_pagan_reformed,no,1,1,livestock,1,Balikul,yes,0,Balikul,4206,yumen
2548,KAS,uyghur,tengri_pagan_reformed,no,3,3,wine,2,Balikul,yes,0,Turpan,4207,yumen
2549,OIR,uyghur,sunni,no,2,2,grain,1,Balikul,yes,0,Qurqara,4208,yumen
2550,KAS,uyghur,sunni,no,2,2,wool,1,Maralbexi,yes,0,Maralbexi,4209,samarkand
2551,SRV,azerbaijani,sunni,no,3,3,,2,Baku,yes,0,Shirvan,421,persia
2552,KAS,uyghur,sunni,no,2,2,wool,1,YangiHissar,yes,0,YangiHissar,4210,samarkand
2553,MNG,sichuanese,confucianism,no,2,2,grain,1,Dazhou,yes,0,Dazhou,4211,chengdu
2554,MNG,sichuanese,confucianism,no,3,2,tea,2,Jiazhou,yes,0,Jiazhou,4212,chengdu
2555,MNG,sichuanese,confucianism,no,2,2,grain,2,Luzhou,yes,0,Luzhou,4213,chengdu
2556,NVK,nivkh,tengri_pagan_reformed,no,1,1,fur,1,Kalar,yes,0,Kalar,4214,girin
2557,EJZ,manchu,tengri_pagan_reformed,no,1,1,naval_supplies,1,Fudali,yes,0,Fudali,4215,girin
2558,NHX,manchu,tengri_pagan_reformed,no,1,1,fish,1,Ulch,yes,0,Ulch,4216,girin
2559,NHX,manchu,tengri_pagan_reformed,no,2,2,naval_supplies,2,Pijin,yes,0,Pijin,4217,girin
2560,KRC,chahar,tengri_pagan_reformed,no,1,1,livestock,1,Buteha,yes,0,Buteha,4218,girin
2561,KHA,khalkha,tengri_pagan_reformed,no,1,1,livestock,2,BayanTumen,yes,0,BayanTumen,4219,yumen
2562,GEO,georgian,orthodox,no,3,3,cloth,3,Kutaisi,yes,0,Imereti,422,crimea
2563,KHA,khalkha,tengri_pagan_reformed,no,2,2,fur,3,Khiagt,yes,0,Khiagt,4220,yumen
2564,KHA,khalkha,tengri_pagan_reformed,no,1,1,livestock,1,Dundgovi,yes,0,Dundgovi,4221,yumen
2565,KHA,oirats,tengri_pagan_reformed,no,1,1,livestock,2,Ulaangom,yes,0,Ulaangom,4222,yumen
2566,MNG,mongol,vajrayana,no,1,1,livestock,2,Otog,yes,0,Hetao,4223,xian
2567,Unowned,Unowned,Unowned,no,0,0,,0,TokaiSea,no,0,TokaiSea,4224,
2568,Unowned,Unowned,Unowned,no,0,0,,0,HokkaidoCoast,no,0,HokkaidoCoast,4225,
2569,Unowned,Unowned,Unowned,no,0,0,,0,JapanBasin,no,0,JapanBasin,4226,
2570,KOR,korean,confucianism,no,4,3,paper,2,Jinju,yes,0,Daegu,4227,nippon
2571,KOR,korean,confucianism,no,3,3,,2,Naju,yes,0,Naju,4228,nippon
2572,KOR,korean,confucianism,no,3,2,cotton,1,Chungju,yes,0,Chungju,4229,nippon
2573,GEO,georgian,orthodox,no,4,4,dyes,2,T'bilisi,yes,1,Tblisi,423,crimea
2574,KOR,korean,confucianism,no,3,3,chinaware,1,Suwon,yes,0,Suwon,4230,nippon
2575,KOR,korean,confucianism,no,2,2,naval_supplies,1,Haeju,yes,0,Haeju,4231,nippon
2576,KOR,korean,confucianism,no,2,2,fur,1,Ganggye,yes,0,Ganggye,4232,nippon
2577,Unowned,Unowned,Unowned,no,0,0,,0,BohaiSea,no,0,BohaiSea,4233,beijing
2578,Unowned,Unowned,Unowned,no,0,0,,0,WesternYellowSea,no,0,WesternYellowSea,4234,
2579,Unowned,Unowned,Unowned,no,0,0,,0,VistulaLagoon,no,0,VistulaLagoon,4235,
2580,HUN,slovak,catholic,no,2,3,iron,1,Trencin,yes,0,Trencin,4236,pest
2581,BOH,czech,hussite,yes,3,3,grain,2,Olomouc,yes,0,Olomouc,4237,
2582,GLG,schlesian,catholic,yes,4,4,glass,2,Liegnitz,yes,0,Leignitz,4238,krakow
2583,SER,serbian,orthodox,no,4,4,cloth,2,Belgrade,yes,1,Belgrade,4239,ragusa
2584,ARL,azerbaijani,shiite,no,3,3,dyes,3,Ardabil,yes,0,Ardabil,424,persia
2585,HUN,hungarian,catholic,no,3,3,livestock,2,Fehérvár,yes,0,Fejer,4240,pest
2586,LIV,latvian,catholic,no,2,2,livestock,2,Wenden,yes,0,Wenden,4241,baltic_sea
2587,LIT,byelorussian,orthodox,no,2,2,iron,1,Ula,yes,0,Ula,4242,kiev
2588,LIT,byelorussian,orthodox,no,2,2,grain,1,Toropets,yes,0,Toropets,4243,
2589,LIT,ryazanian,orthodox,no,2,2,grain,1,Trubchevsk,yes,0,Starodub,4244,kiev
2590,SMO,ryazanian,orthodox,no,2,2,cloth,1,Vyazma,yes,0,Vyazma,4245,kiev
2591,LIT,byelorussian,orthodox,no,1,1,wool,1,Mstsislaw,yes,0,Mstislav,4246,kiev
2592,LIT,ruthenian,orthodox,no,1,2,grain,1,Ovruch,yes,0,Owrucz,4247,kiev
2593,TVE,russian,orthodox,no,3,3,livestock,1,Kashin,yes,0,Kashin,4248,
2594,TVE,russian,orthodox,no,2,2,grain,1,Zubtsov,yes,0,Zubtsov,4249,
2595,SRV,dagestani,sunni,no,3,3,fish,1,Derbent,yes,0,Dagestan,425,astrakhan
2596,YAR,russian,orthodox,no,2,2,livestock,2,Mologa,yes,0,Mologa,4250,
2597,MOS,russian,orthodox,no,3,3,grain,2,Mozhaisk,yes,0,Mozhaisk,4251,
2598,MOS,russian,orthodox,no,2,2,livestock,2,Kolomna,yes,0,Kolomna,4252,
2599,MOS,russian,orthodox,no,3,3,salt,2,Yuriev,yes,1,Yuriev,4253,
2600,MOS,russian,orthodox,no,3,2,grain,2,Starodub,yes,0,Starodub,4254,
2601,RYA,ryazanian,orthodox,no,2,2,iron,2,Pronsk,yes,0,Pronsk,4255,
2602,NOV,novgorodian,orthodox,no,1,1,fur,1,Solvychegodsk,yes,0,Solvychegodsk,4256,white_sea
2603,NOV,novgorodian,orthodox,no,1,1,fish,1,Mezen,yes,0,Mezen,4257,white_sea
2604,NOV,novgorodian,orthodox,no,1,1,fur,1,Onega,yes,0,Onega,4258,white_sea
2605,NOV,russian,orthodox,no,1,1,fur,1,Velsk,yes,0,Velsk,4259,
2606,TAB,mazandarani,shiite,no,4,4,silk,2,Amol,yes,0,Amol,426,persia
2607,NOV,novgorodian,orthodox,no,2,2,naval_supplies,2,VyshnyVolochyok,yes,0,VyshnyVolochyok,4260,
2608,BLO,novgorodian,orthodox,no,2,2,naval_supplies,1,Ustyuzhna,yes,0,Ustyuzhna,4261,
2609,MOS,russian,orthodox,no,1,1,fur,1,Totma,yes,0,Totma,4262,white_sea
2610,MOS,russian,orthodox,no,1,1,grain,1,SolGalitskaya,yes,0,SolGalitskaya,4263,white_sea
2611,KAZ,kazani,sunni,no,2,2,grain,2,Tetyushi,yes,0,Tetyushi,4264,kazan
2612,KAZ,kazani,sunni,no,2,2,grain,2,Ar-Chally,yes,0,ArChally,4265,kazan
2613,KAZ,uralic,Unowned,no,2,1,iron,2,Izhkar,yes,0,Izhkar,4266,kazan
2614,KAZ,kazani,sunni,no,2,2,iron,2,Bolgar,yes,0,Bolgar,4267,kazan
2615,MAM,bedouin_arabic,sunni,no,1,1,fish,1,Aqaba,yes,0,Aqaba,4268,alexandria
2616,MAM,bedouin_arabic,sunni,no,1,1,fish,1,AlWajh,yes,0,AlWajh,4269,alexandria
2617,TIM,khorasani,sunni,no,1,1,wool,1,Damghan,yes,0,Qumis,427,persia
2618,FAD,bedouin_arabic,sunni,no,1,1,livestock,2,Azraq,yes,0,Azraq,4270,aleppo
2619,FAD,bedouin_arabic,shiite,no,1,1,livestock,1,As-Suwayda,yes,0,Suwaida,4271,aleppo
2620,ANZ,bedouin_arabic,sunni,no,1,1,livestock,2,Karah,yes,0,Jawf,4272,basra
2621,NAJ,bedouin_arabic,sunni,no,1,1,livestock,1,Kariatan,yes,0,Karaitan,4273,basra
2622,NAJ,bedouin_arabic,sunni,no,2,1,grain,2,al-Hauta,yes,0,Sudayr,4274,basra
2623,DAW,bedouin_arabic,sunni,no,1,1,livestock,2,Kharj,yes,0,Yamamah,4275,basra
2624,Unowned,Unowned,Unowned,no,0,0,,0,Tubaiq,no,0,Tubaiq,4276,basra
2625,HED,hejazi_culture,sunni,no,2,3,wool,2,Taif,yes,0,Taif,4277,alexandria
2626,HED,hejazi_culture,shiite,no,2,2,incense,2,Qunfudhah,yes,0,Qunfudah,4278,alexandria
2627,YEM,yemeni_culture,sunni,no,3,3,coffee,2,Zabid,yes,1,Zabid,4279,gulf_of_aden
2628,TIM,persian,shiite,no,5,5,silk,4,Teheran,yes,1,Teheran,428,persia
2629,YEM,yemeni_culture,shiite,no,4,4,coffee,2,Taiz,yes,0,Taiz,4280,gulf_of_aden
2630,TUR,yemeni_culture,shiite,no,4,4,livestock,3,Dhamar,yes,0,Dhamar,4281,gulf_of_aden
2631,RAS,yemeni_culture,shiite,no,2,2,coffee,2,Sahda,yes,0,Sahda,4282,gulf_of_aden
2632,HDR,yemeni_culture,sunni,no,2,2,incense,2,Shihr,yes,1,Shihr,4283,gulf_of_aden
2633,MHR,mahri_culture,sunni,no,1,1,fish,1,AlGhayda,yes,0,AlGhayda,4284,gulf_of_aden
2634,OMA,omani_culture,ibadi,no,2,1,livestock,2,Ibri,yes,0,Baraimi,4285,hormuz
2635,ORM,omani_culture,ibadi,no,2,2,spices,1,Qalhat,yes,0,Sur,4286,hormuz
2636,OMA,omani_culture,ibadi,no,2,2,grain,2,Ibra,yes,0,Ibra,4287,hormuz
2637,MSY,al_iraqiya_arabic,sunni,no,2,2,,3,al-Qurna,yes,0,Shatt,4288,basra
2638,MSY,persian,shiite,no,2,2,silk,2,Shushtar,yes,0,Shushtar,4289,basra
2639,TIM,persian,sunni,no,4,4,paper,3,Esfahan,yes,2,Isfahan,429,persia
2640,MSY,al_iraqiya_arabic,shiite,no,3,3,grain,2,Hoveyzeh,yes,0,Hoveyzeh,4290,basra
2641,QAR,al_iraqiya_arabic,sunni,no,3,3,cotton,1,Qazaniya,yes,0,Qazania,4291,basra
2642,AKK,kurdish,sunni,no,2,2,wool,3,Mardin,yes,0,Mardin,4292,aleppo
2643,QAR,kurdish,sunni,no,2,2,cloth,2,Arbil,yes,0,Arbil,4293,basra
2644,TIM,kurdish,sunni,no,2,2,wool,2,Sulimaniyeh,yes,0,Sulimaniyeh,4294,basra
2645,HSN,kurdish,sunni,no,2,2,wool,2,HisnKayfa,yes,0,HisnKayfa,4295,aleppo
2646,BTL,kurdish,sunni,no,2,2,wool,2,Bitlis,yes,0,Bitlis,4296,aleppo
2647,SYR,al_suryah_arabic,sunni,no,2,2,cotton,1,Homs,yes,0,Homs,4297,aleppo
2648,DUL,turkish,sunni,no,2,2,wool,1,Ayntab,yes,0,Ayntab,4298,aleppo
2649,SRV,azerbaijani,sunni,no,2,2,wool,2,Shamakhi,yes,0,Shamakhi,4299,persia
2650,TEU,prussian,catholic,no,7,7,gems,2,Danzig,yes,2,Danzig,43,baltic_sea
2651,FRS,persian,shiite,no,3,3,silk,1,Bushehr,yes,0,Bushehr,430,hormuz
2652,TIM,azerbaijani,sunni,no,2,2,paper,1,Mianeh,yes,0,Mianeh,4300,persia
2653,GEO,georgian,orthodox,no,4,4,silk,2,Gori,yes,0,Kartli,4301,crimea
2654,AKK,armenian,coptic,no,2,2,wool,1,Bayazid,yes,0,Bayazid,4302,persia
2655,SME,georgian,orthodox,no,3,3,livestock,2,Oltu,yes,0,Oltu,4303,crimea
2656,QAR,azerbaijani,sunni,no,2,2,wool,1,Khoy,yes,0,Khoy,4304,persia
2657,SRV,azerbaijani,sunni,no,2,2,wool,1,Shaki,yes,0,Shaki,4305,persia
2658,GAZ,dagestani,sunni,no,3,3,iron,3,Kumukh,yes,0,Lakia,4306,astrakhan
2659,KAR,turkish,sunni,no,2,2,livestock,2,Aksaray,yes,0,Aksaray,4307,aleppo
2660,TUR,turkish,sunni,no,2,3,cloth,1,Denizli,yes,0,Denizli,4308,constantinople
2661,AYD,turkish,sunni,no,2,2,,2,Aydin,yes,0,Aydin,4309,constantinople
2662,TIM,gulf_arabic,sunni,no,4,4,spices,1,Gamrun,yes,1,Mogostan,431,hormuz
2663,DUL,turkish,shiite,no,2,2,wool,2,Divrigi,yes,0,Divrigi,4310,aleppo
2664,KAR,turkish,sunni,no,2,2,livestock,2,Karahisar,yes,0,Karahisar,4311,constantinople
2665,TUR,turkish,sunni,no,4,4,cloth,2,Eskisehir,yes,0,Eskesehir,4312,constantinople
2666,TUR,turkish,sunni,no,2,2,wool,1,Kangiri,yes,0,Cangiri,4313,constantinople
2667,TUR,turkish,sunni,no,2,2,wool,2,Kirshehir,yes,0,Kirsehir,4314,constantinople
2668,TUR,turkish,sunni,no,3,3,cloth,2,Tokat,yes,0,Tokat,4315,constantinople
2669,MAM,al_misr_arabic,sunni,no,5,5,grain,3,Mansura,yes,0,Mansura,4316,alexandria
2670,MAM,al_misr_arabic,sunni,no,2,2,,2,Damanhur,yes,0,Buhaira,4317,alexandria
2671,MAM,al_misr_arabic,sunni,no,3,3,paper,1,Atfih,yes,0,Atfih,4318,alexandria
2672,MAM,al_misr_arabic,sunni,no,2,2,livestock,1,Isna,yes,0,Isna,4319,alexandria
2673,TIM,persian,sunni,no,2,3,paper,2,Kerman,yes,0,Kerman,432,hormuz
2674,MAM,al_misr_arabic,sunni,no,3,3,grain,3,Girga,yes,0,Girga,4320,alexandria
2675,Unowned,Unowned,Unowned,no,0,0,,0,EgyptianDesert,no,0,EgyptianDesert,4321,alexandria
2676,Unowned,Unowned,Unowned,no,0,0,,0,EgyptianDesert,no,0,EgyptianDesert,4322,alexandria
2677,MAM,al_misr_arabic,sunni,no,1,1,livestock,1,Farafreh,yes,0,Farafreh,4323,alexandria
2678,TIM,khorasani,sunni,no,1,1,livestock,1,Ghuriyan,yes,0,Ghuriyan,4324,persia
2679,TIM,khorasani,sunni,no,2,2,wool,1,Sarakhs,yes,0,Sarakhs,4325,persia
2680,TIM,khorasani,sunni,no,2,2,,2,Nishapur,yes,0,Nishapur,4326,persia
2681,TIM,gulf_arabic,sunni,no,1,1,fish,1,Jask,yes,0,Jask,4327,hormuz
2682,Unowned,Unowned,Unowned,no,0,0,,0,Chagai,no,0,Chagai,4328,
2683,FRS,persian,sunni,no,4,4,,1,Fasa,yes,0,Fasa,4329,hormuz
2684,TIM,persian,zoroastrian,no,2,2,paper,2,Yazd,yes,1,Yazd,433,persia
2685,FRS,persian,shiite,no,2,2,,1,Darab,yes,0,Darab,4330,hormuz
2686,FRS,luri,sunni,no,3,3,,1,Kazerun,yes,0,Kazerun,4331,hormuz
2687,FRS,persian,shiite,no,1,1,spices,1,Siraf,yes,1,Siraf,4332,hormuz
2688,Unowned,Unowned,Unowned,no,0,0,,0,DahlekArchipelago,no,0,DahlekArchipelago,4333,gulf_of_aden
2689,TIM,khorasani,sunni,no,1,1,wool,1,Tabas,yes,0,Tabas,4334,persia
2690,TIM,persian,shiite,no,3,3,silk,1,Kashan,yes,0,Kashan,4335,persia
2691,TIM,khorasani,sunni,no,1,1,,1,Tun,yes,0,Tus,4336,persia
2692,TIM,persian,sunni,no,2,2,grain,2,Savah,yes,0,Savah,4337,persia
2693,TIM,azerbaijani,sunni,no,3,3,,1,Soltanieh,yes,0,Soltanieh,4338,persia
2694,BPI,mazandarani,sunni,no,4,4,silk,2,Rasht,yes,0,Rasht,4339,persia
2695,BAL,baluchi,sunni,no,2,2,livestock,3,Bampur,yes,0,Quhistan,434,hormuz
2696,BPI,azerbaijani,shiite,no,1,1,fish,1,Astara,yes,0,Astara,4340,persia
2697,TAB,mazandarani,shiite,no,5,5,silk,3,Sari,yes,2,Sari,4341,persia
2698,LRI,luri,shiite,no,1,1,wool,1,Malamir,yes,0,Malamir,4342,basra
2699,TIM,uzbehk,sunni,no,1,1,livestock,2,Termez,yes,0,Termez,4343,samarkand
2700,TIM,uzbehk,sunni,no,2,2,wool,2,Kish,yes,0,Kish,4344,samarkand
2701,TIM,persian,shiite,no,1,1,livestock,1,Saidabad,yes,0,Saidabad,4345,hormuz
2702,Unowned,Unowned,Unowned,no,0,0,,0,QamrBay,no,0,QamrBay,4346,gulf_of_aden
2703,Unowned,Unowned,Unowned,no,0,0,,0,PirateCoast,no,0,PirateCoast,4347,hormuz
2704,Unowned,filipino,animism,no,1,1,unknown,1,Ifugao,no,0,Ifugao,4348,philippines
2705,TDO,filipino,animism,no,3,3,grain,1,Laguna,yes,0,Laguna,4349,philippines
2706,SIS,khorasani,sunni,no,2,2,wool,2,Zaranj,yes,0,Zaranj,435,persia
2707,TDO,filipino,mahayana,no,2,2,gems,1,Caminawit,yes,0,Mindoro,4350,philippines
2708,MAS,filipino,animism,no,2,2,sugar,1,Silay,yes,0,Buglas,4351,philippines
2709,CEB,filipino,hinduism,no,2,2,,2,Cebu,yes,2,Cebu,4352,philippines
2710,SPA,filipino,animism,no,2,2,unknown,1,Leyte,yes,0,Leyte,4353,philippines
2711,MGD,filipino,animism,no,2,2,unknown,1,Zamboanga,yes,0,Zamboanga,4354,philippines
2712,Unowned,filipino,animism,no,1,1,unknown,1,Caraga,no,0,Caraga,4355,philippines
2713,SPA,filipino,animism,no,2,2,unknown,1,Taytay,no,0,Taytay,4356,philippines
2714,Unowned,Unowned,Unowned,no,0,0,,0,CuyuArcihpelago,no,0,CuyuArcihpelago,4357,
2715,Unowned,Unowned,Unowned,no,0,0,,0,PhilippineTrench,no,0,PhilippineTrench,4358,
2716,KTB,japanese,shinto,no,3,2,fish,1,Kiriyama,yes,0,Ise,4359,nippon
2717,TIM,khorasani,sunni,no,2,2,cotton,2,Birjand,yes,0,Birjand,436,persia
2718,TKG,togoku,shinto,no,2,2,grain,3,Okazaki,yes,0,Mikawa,4360,nippon
2719,SCO,scottish,catholic,no,2,2,iron,1,Jedburgh,yes,0,EastMarch,4361,north_sea
2720,SCO,scottish,catholic,no,3,3,wool,2,Dumfries,yes,0,WestMarch,4362,north_sea
2721,SCO,highland_scottish,catholic,no,3,3,iron,2,Argyll,yes,0,Argyll,4363,north_sea
2722,LOI,highland_scottish,catholic,no,1,1,grain,1,Skye,yes,0,InnerHebrides,4364,north_sea
2723,ENG,highland_scottish,catholic,no,1,1,fish,1,Castletown,yes,0,Mann,4365,north_sea
2724,ENG,welsh,catholic,no,1,1,iron,1,Montgomery,yes,0,Montgomery,4366,english_channel
2725,ENG,english,catholic,no,3,3,naval_supplies,1,Hull,yes,0,Hull,4367,english_channel
2726,ENG,english,catholic,no,2,2,wool,1,Scarborough,yes,0,Scarborough,4368,english_channel
2727,ENG,welsh,catholic,no,1,1,livestock,1,Carmarthen,yes,0,Carmarthen,4369,english_channel
2728,TIM,turkmeni,sunni,no,1,1,livestock,1,Nisa,yes,0,Atak,437,samarkand
2729,ENG,english,catholic,no,3,3,cloth,2,Cambridge,yes,0,Cambridgeshire,4370,english_channel
2730,ENG,english,catholic,no,4,4,grain,2,Hastings,yes,0,Sussex,4371,english_channel
2731,ENG,english,catholic,no,3,3,iron,2,Coventry,yes,0,Coventry,4372,english_channel
2732,ENG,english,catholic,no,2,2,wool,2,Plymouth,yes,0,Devon,4373,english_channel
2733,ENG,english,catholic,no,2,3,livestock,1,Weymouth,yes,0,Dorset,4374,english_channel
2734,ENG,english,catholic,no,2,2,salt,1,Chester,yes,0,Chester,4375,north_sea
2735,ENG,english,catholic,no,2,2,cloth,2,Leicester,yes,0,Leicester,4376,english_channel
2736,ORD,irish,catholic,no,3,3,livestock,1,Kilkenny,yes,0,Ormond,4377,north_sea
2737,MCM,irish,catholic,no,2,1,fish,1,Killarney,yes,0,Kinsale,4378,north_sea
2738,FLY,irish,catholic,no,2,2,livestock,1,Annaly,yes,0,Middlands,4379,north_sea
2739,TIM,turkmeni,sunni,no,1,1,livestock,1,Geok-Tepe,yes,0,KaraKum,438,samarkand
2740,TRY,irish,catholic,no,2,2,fish,1,Donegal,yes,0,Donegal,4380,north_sea
2741,UTR,dutch,catholic,yes,3,3,livestock,2,Zwolle,yes,0,Oversticht,4381,english_channel
2742,FRI,frisian,catholic,yes,4,4,cloth,2,Groningen,yes,0,Ommeland,4382,english_channel
2743,HOL,dutch,catholic,yes,6,6,cloth,3,'s-Gravenhage,yes,0,Haag,4383,english_channel
2744,BRI,breton,catholic,no,4,4,cloth,4,Rennes,yes,0,Rennes,4384,bordeaux
2745,FRA,normand,catholic,no,4,4,naval_supplies,2,Cherbourg,yes,1,Cotentin,4385,english_channel
2746,FRA,cosmopolitan_french,catholic,no,3,3,salt,3,Luçon,yes,1,Vendee,4386,bordeaux
2747,FRA,cosmopolitan_french,catholic,no,3,3,livestock,2,Angoulême,yes,0,Angouleme,4387,bordeaux
2748,FRA,cosmopolitan_french,catholic,no,5,5,cloth,6,Chartres,yes,0,Chartres,4388,champagne
2749,FRA,cosmopolitan_french,catholic,no,4,4,cloth,3,Tours,yes,0,Touraine,4389,bordeaux
2750,NOG,nogaybak,sunni,no,1,1,fish,1,Mangyshlak,yes,0,Mangyshlak,439,samarkand
2751,FRA,cosmopolitan_french,catholic,no,5,5,iron,3,Troyes,yes,0,Troyes,4390,champagne
2752,FRA,occitain,catholic,no,4,4,wine,2,Viviers,yes,0,Vivarais,4391,valencia
2753,BUR,burgundian,catholic,no,4,4,wine,3,Semur,yes,0,Auxerrois,4392,champagne
2754,AVA,burmese,buddhism,no,2,2,cotton,2,Tabayin,yes,0,Tabayin,4393,burma
2755,AVA,burmese,buddhism,no,3,2,grain,3,Salin,yes,0,Salin,4394,burma
2756,AVA,burmese,buddhism,no,2,3,ivory,2,Yamethin,yes,0,Yamthin,4395,burma
2757,BPR,burmese,buddhism,no,4,4,ivory,3,Prome,yes,0,Prome,4396,burma
2758,HSI,shan,buddhism,no,2,2,cotton,2,Yawnghwe,yes,0,Yawnghwe,4397,burma
2759,MPA,shan,animism,no,2,2,grain,1,Mawkmai,yes,0,Mawkmai,4398,burma
2760,PEG,mon,buddhism,no,5,3,grain,3,Dagon,yes,0,Dagon,4399,burma
2761,HAM,lower_saxon,catholic,yes,7,7,fish,5,Hamburg,yes,2,Hamburg,44,
2762,SHY,uzbehk,sunni,no,3,3,wool,3,Chimbay,yes,0,Qaraqalpak,440,samarkand
2763,Unowned,Unowned,Unowned,no,0,0,,0,NagaHills,no,0,NagaHills,4400,
2764,Unowned,Unowned,Unowned,no,0,0,,0,ArakanMountains,no,0,ArakanMountains,4401,
2765,Unowned,Unowned,Unowned,no,0,0,,0,GaoligongMountains,no,0,GaoligongMountains,4402,
2766,Unowned,Unowned,Unowned,no,0,0,,0,ShanHighlands,no,0,ShanHighlands,4403,
2767,MKA,kachin,animism,no,1,1,grain,1,Minsin,yes,0,Minsin,4404,burma
2768,MYA,shan,buddhism,no,2,2,tea,2,Katha,yes,0,Katha,4405,burma
2769,MNI,shan,buddhism,no,2,2,tropical_wood,1,MongKung,yes,0,MongKung,4406,burma
2770,CEY,sinhala,buddhism,no,2,2,gems,2,Devinuvara,yes,0,Ruhunu,4407,comorin_cape
2771,CEY,sinhala,buddhism,no,2,3,,1,Salavata,yes,0,Salavata,4408,comorin_cape
2772,KND,sinhala,buddhism,no,2,2,,1,Trincomale,yes,1,Trincomale,4409,comorin_cape
2773,TIM,uzbehk,sunni,no,3,3,wool,3,Khiva,yes,1,Khiva,441,samarkand
2774,VND,malayalam,hinduism,no,2,3,spices,2,Kumari,yes,0,Kumari,4410,comorin_cape
2775,SRH,panjabi,hinduism,no,3,3,,1,Samana,yes,0,Samana,4411,lahore
2776,MAD,tamil,hinduism,no,3,3,naval_supplies,2,Dindigul,yes,0,Dindigul,4412,comorin_cape
2777,KLT,malayalam,hinduism,no,3,3,spices,1,Cannanore,yes,1,Cannanore,4413,comorin_cape
2778,VIJ,tamil,hinduism,no,3,3,cotton,1,Salem,yes,0,Salem,4414,comorin_cape
2779,VIJ,tamil,hinduism,no,4,4,cloth,1,Negapatam,yes,0,Negapattam,4415,comorin_cape
2780,VIJ,tamil,hinduism,no,3,3,cloth,1,Tranqebar,yes,0,Tranqebar,4416,comorin_cape
2781,VIJ,tamil,hinduism,no,4,4,cloth,1,Kanchipuram,yes,0,Kanchipuram,4417,comorin_cape
2782,VIJ,telegu,hinduism,no,4,4,cotton,2,Nellore,yes,0,Nelore,4418,comorin_cape
2783,ORI,telegu,hinduism,no,3,3,cotton,1,Adanki,yes,0,Adanki,4419,comorin_cape
2784,TIM,uzbehk,sunni,no,5,5,salt,5,Bukhara,yes,0,Bukhara,442,samarkand
2785,VIJ,telegu,hinduism,no,4,3,cotton,2,Chandragiri,yes,0,Chandragiri,4420,comorin_cape
2786,MYS,kannada,hinduism,no,4,4,cotton,3,Seringapatam,yes,0,Seringapatam,4421,comorin_cape
2787,VIJ,kannada,hinduism,no,3,3,grain,3,Sira,yes,0,Sira,4422,comorin_cape
2788,VIJ,telegu,hinduism,no,2,2,iron,2,Gutti,yes,0,Gutti,4423,comorin_cape
2789,VIJ,telegu,hinduism,no,2,2,grain,1,Adavani,yes,0,Adavani,4424,comorin_cape
2790,ORI,telegu,hinduism,no,2,2,gems,1,Kondavidu,yes,0,Kondavidu,4425,comorin_cape
2791,VIJ,kannada,hinduism,no,3,3,cotton,1,Chitradurg,yes,0,Chitaldurg,4426,comorin_cape
2792,VIJ,kannada,hinduism,no,2,2,spices,1,Honnavara,yes,0,Honnavara,4427,comorin_cape
2793,VIJ,kannada,hinduism,no,4,4,cloth,3,Mudgal,yes,0,Mudgal,4428,deccan
2794,BAH,marathi,hinduism,no,2,2,spices,1,Rajapur,yes,0,Rajapur,4429,gujarat
2795,NOG,nogaybak,sunni,no,2,2,livestock,2,UstYurt,yes,0,UstYurt,443,samarkand
2796,GUJ,marathi,zoroastrian,no,4,4,cloth,1,Daman,yes,0,Daman,4430,gujarat
2797,BAH,marathi,hinduism,no,4,4,naval_supplies,2,Kolhapur,yes,0,Kolhapur,4431,deccan
2798,BAH,marathi,hinduism,no,3,3,cotton,1,Junir,yes,0,Junir,4432,deccan
2799,BAH,marathi,hinduism,no,2,2,paper,1,Nasik,yes,0,Nasik,4433,deccan
2800,KHD,marathi,hinduism,no,3,3,cotton,1,Dharangaon,yes,0,Dharangaon,4434,deccan
2801,BAH,marathi,hinduism,no,3,3,cotton,1,Sholhapur,yes,0,Sholapur,4435,deccan
2802,TLG,telegu,hinduism,no,3,3,iron,2,Devarakonda,yes,0,Rachakonda,4436,deccan
2803,BAH,marathi,hinduism,no,3,3,cloth,2,Paithre,yes,0,Paithre,4437,deccan
2804,BAH,marathi,hinduism,no,2,2,silk,1,Nander,yes,0,Nander,4438,deccan
2805,TLG,telegu,hinduism,no,2,2,dyes,2,Khamammet,yes,0,Kamammet,4439,deccan
2806,TIM,uzbehk,sunni,no,2,2,livestock,2,Charjuy,yes,0,Charjuy,444,samarkand
2807,ASS,assamese,hinduism,no,3,3,tea,1,Narayanpur,yes,0,Narayanpur,4440,burma
2808,ORI,oriya,hinduism,no,3,3,salt,2,Ganjam,yes,0,Ganjam,4441,ganges_delta
2809,BAH,marathi,hinduism,no,3,3,cloth,1,Washim,yes,0,Washim,4442,deccan
2810,BAH,marathi,hinduism,no,3,3,cotton,1,Karanja,yes,0,Karanja,4443,deccan
2811,BAH,telegu,hinduism,no,1,1,tropical_wood,1,Manidurg,yes,0,Manidurg,4444,deccan
2812,BST,gondi,hinduism,no,1,1,tropical_wood,1,Kanker,yes,0,Kanker,4445,ganges_delta
2813,KLH,garjati,hinduism,no,1,1,tropical_wood,1,Kalahandi,yes,0,Kalahandi,4446,ganges_delta
2814,PTT,garjati,hinduism,no,2,1,cotton,1,Patna,yes,0,Patna,4447,ganges_delta
2815,PRD,garjati,hinduism,no,1,1,tropical_wood,1,Parlakhimedi,yes,0,Parlakhimedi,4448,ganges_delta
2816,KSH,kashmiri,hinduism,no,2,2,,1,Jammu,yes,0,Jammu,4449,lahore
2817,TIM,turkmeni,sunni,no,3,3,cotton,2,Merv,yes,1,Merv,445,samarkand
2818,KJH,garjati,hinduism,no,1,1,iron,2,Mayurbhanj,yes,0,Mayurbhanj,4450,ganges_delta
2819,PTT,garjati,hinduism,no,2,1,naval_supplies,1,Sonpur,yes,0,Sonpur,4451,ganges_delta
2820,RTT,gondi,hinduism,no,2,2,grain,1,Ratanpur,yes,0,Ratanpur,4452,ganges_delta
2821,KHD,marathi,hinduism,no,3,3,cotton,1,Thalner,yes,0,Thalner,4453,deccan
2822,PRB,saurashtri,hinduism,no,2,2,cotton,1,Porbandar,yes,0,Porbandar,4454,gujarat
2823,JGD,saurashtri,hinduism,no,2,2,sugar,1,Diu,yes,0,Diu,4455,gujarat
2824,JLV,saurashtri,hinduism,no,2,2,cotton,1,Halwad,yes,0,Jhalavad,4456,gujarat
2825,GUJ,gujarati,hinduism,no,5,5,,1,Khambhat,yes,3,Cambay,4457,gujarat
2826,GDW,gondi,hinduism,no,1,1,tropical_wood,1,Chauragar,yes,0,Narbada,4458,deccan
2827,GDW,gondi,hinduism,no,1,1,grain,2,Saugor,yes,0,Saugor,4459,doab
2828,TIM,khorasani,sunni,no,5,5,paper,3,Herat,yes,2,Herat,446,persia
2829,MLW,malvi,hinduism,no,2,2,cotton,1,Handia,yes,0,Handia,4460,deccan
2830,MLW,malvi,hinduism,no,4,4,spices,3,Ujjain,yes,2,Ujjain,4461,deccan
2831,Unowned,rajput,hinduism,no,2,2,copper,1,Dungarpur,yes,0,Vagad,4462,gujarat
2832,SRH,rajput,hinduism,no,3,3,livestock,2,Bhatnair,yes,0,Bhatnair,4463,lahore
2833,HAD,rajput,hinduism,no,2,2,cotton,1,Bundi,yes,0,Bundi,4464,doab
2834,MER,rajput,hinduism,no,2,2,dyes,1,Ranthambore,yes,0,Ranthambore,4465,doab
2835,BND,vindhyan,hinduism,no,2,2,grain,1,Mahoba,yes,0,Mahoba,4466,doab
2836,PAN,vindhyan,hinduism,no,2,2,,1,Kalinjar,yes,0,Kalinjar,4467,doab
2837,BGL,vindhyan,hinduism,no,2,1,grain,2,Bandogarh,yes,0,Bandogarh,4468,doab
2838,JNP,bihari,hinduism,no,3,3,salt,2,Rohtasgarh,yes,0,Rohtas,4469,ganges_delta
2839,AFG,afghani,sunni,no,2,2,cotton,3,Kandahar,yes,0,Kandahar,447,lahore
2840,NGP,jharkhandi,hinduism,no,1,2,iron,1,Soumelpur,yes,0,Soumelpur,4470,ganges_delta
2841,MBL,bengali,hinduism,no,3,3,naval_supplies,2,Bishnupur,yes,0,Bishnupur,4471,ganges_delta
2842,JNP,bihari,hinduism,no,3,3,silk,1,Monghyr,yes,0,Monghyr,4472,ganges_delta
2843,BNG,chin,hinduism,no,2,2,tropical_wood,1,Chakla,yes,0,Chakla,4473,burma
2844,BNG,bengali,hinduism,no,4,4,,2,Sonargaon,yes,0,Sonargaon,4474,ganges_delta
2845,BNG,bengali,hinduism,no,3,3,,1,Fathabad,yes,0,Fathabad,4475,ganges_delta
2846,BNG,bengali,hinduism,no,7,7,silk,3,Nadia,yes,0,Nadia,4476,ganges_delta
2847,BNG,bengali,hinduism,no,5,5,spices,3,Satgaon,yes,1,Satgaon,4477,ganges_delta
2848,BNG,bengali,hinduism,no,2,2,cotton,1,Haibatnagar,yes,0,Haibitnagar,4478,ganges_delta
2849,BNG,bengali,hinduism,no,4,4,silk,3,Goraghat,yes,0,Goraghat,4479,ganges_delta
2850,AFG,afghani,sunni,no,2,2,grain,3,Gazni,yes,0,Gazni,448,lahore
2851,IDR,gujarati,hinduism,no,1,1,cloth,1,Idar,yes,0,MahiKantha,4480,gujarat
2852,PHA,tibetan,vajrayana,no,1,1,wool,1,Punakha,yes,0,Punakah,4481,lhasa
2853,LWA,nepali,vajrayana,no,1,1,wool,1,Yuksom,yes,0,Sikkim,4482,lhasa
2854,LWA,nepali,vajrayana,no,2,2,wool,2,Rangeli,yes,0,Morang,4483,lhasa
2855,KTU,nepali,hinduism,no,2,2,wool,2,Makwanpur,yes,0,Makwanpur,4484,ganges_delta
2856,GRK,nepali,hinduism,no,2,2,naval_supplies,1,Palpa,yes,0,Palpa,4485,lhasa
2857,BNG,kochi,hinduism,no,3,3,silk,1,Purnia,yes,0,Purnia,4486,ganges_delta
2858,JNP,bihari,hinduism,no,3,3,cotton,1,Saran,yes,0,Saran,4487,ganges_delta
2859,TRT,bihari,hinduism,no,3,3,grain,1,Simraon,yes,0,Champaran,4488,ganges_delta
2860,JNP,bihari,hinduism,no,4,4,glass,2,Hajipur,yes,0,Hajipur,4489,ganges_delta
2861,TIM,afghani,sunni,no,2,2,wool,4,Ahangaran,yes,0,Ghor,449,lahore
2862,JNP,bihari,hinduism,no,3,3,cloth,2,Ghazipur,yes,0,Ghazipur,4490,doab
2863,DNG,nepali,hinduism,no,2,2,wool,1,Dang,yes,0,Dang,4491,doab
2864,DTI,nepali,hinduism,no,1,1,wool,1,Doti,yes,0,Doti,4492,doab
2865,SRM,pahari,hinduism,no,1,1,cotton,1,Malaun,yes,0,Sirmur,4493,doab
2866,JNP,avadhi,hinduism,no,3,3,,1,Khairabad,yes,0,Khairabad,4494,doab
2867,JNP,avadhi,hinduism,no,3,3,cloth,2,Feyzabad,yes,0,Feyzabad,4495,doab
2868,JNP,avadhi,hinduism,no,4,4,cotton,2,Kora,yes,0,Kora,4496,doab
2869,JNP,avadhi,hinduism,no,4,4,grain,2,Qannauj,yes,1,Qannauj,4497,doab
2870,DLH,kanauji,hinduism,no,3,3,,3,Sambhal,yes,0,Sambhal,4498,doab
2871,DLH,kanauji,hinduism,no,2,2,,2,Bareily,yes,0,Bareily,4499,doab
2872,HSA,lower_saxon,catholic,yes,7,7,naval_supplies,3,Lübeck,yes,2,Lubeck,45,
2873,TIM,afghani,sunni,no,3,3,cotton,3,Balkh,yes,0,Balkh,450,lahore
2874,MEW,rajput,hinduism,no,2,2,livestock,2,Bharatpur,yes,0,Bharatpur,4500,doab
2875,MER,rajput,hinduism,no,2,2,grain,1,Bhilwara,yes,0,Bhilwara,4501,gujarat
2876,NGA,rajput,hinduism,no,2,2,livestock,1,Merta,yes,0,Merta,4502,gujarat
2877,SND,sindhi,sunni,no,4,4,cloth,2,Mansura,yes,1,Mansura,4503,gujarat
2878,SND,sindhi,sunni,no,3,4,cotton,1,Nasirpur,yes,0,Nasirpur,4504,gujarat
2879,SND,sindhi,sunni,no,2,2,livestock,1,Khairpur,yes,0,Khairpur,4505,gujarat
2880,MAW,rajput,hinduism,no,1,1,livestock,1,Barmer,yes,0,Barmer,4506,gujarat
2881,JAN,rajput,hinduism,no,1,1,livestock,1,Churu,yes,0,Churu,4507,gujarat
2882,MUL,panjabi,sunni,no,1,1,livestock,1,Bahawalpur,yes,0,Bahawalpur,4508,lahore
2883,MUL,panjabi,sunni,no,2,2,iron,2,Karor,yes,0,Karor,4509,lahore
2884,AFG,afghani,sunni,no,4,4,,4,Kabul,yes,2,Kabul,451,lahore
2885,SRH,panjabi,hinduism,no,5,4,cloth,2,Shorkot,yes,0,Shorkot,4510,lahore
2886,SRH,panjabi,hinduism,no,3,3,salt,1,Bhera,yes,0,Bhera,4511,lahore
2887,GUJ,gujarati,hinduism,no,4,4,,1,Bharuch,yes,0,Baruch,4512,gujarat
2888,SRH,panjabi,hinduism,no,5,5,silk,3,Dipalpur,yes,0,Dipalpur,4513,lahore
2889,UTS,tibetan,vajrayana,no,2,2,livestock,1,Sakya,yes,0,Sakya,4514,lhasa
2890,UTS,tibetan,vajrayana,no,1,2,livestock,1,Gyirong,yes,0,Gyirong,4515,lhasa
2891,GUG,tibetan,vajrayana,no,1,2,wool,2,Purang,yes,0,Purang,4516,lhasa
2892,PHA,tibetan,vajrayana,no,2,1,grain,3,Nedong,yes,0,Nedong,4517,lhasa
2893,UTS,tibetan,vajrayana,no,2,1,livestock,1,Tsurphu,yes,0,Tsurphu,4518,lhasa
2894,UTS,tibetan,vajrayana,no,1,1,wool,1,Damxung,yes,0,Damxung,4519,lhasa
2895,TIM,afghani,sunni,no,1,1,,1,Munjan,yes,0,Badakhshan,452,lahore
2896,GUG,tibetan,vajrayana,no,1,1,wool,1,Rutog,yes,0,Rutog,4520,lhasa
2897,LDK,kashmiri,vajrayana,no,1,1,wool,1,Skardu,yes,0,Skardu,4521,lahore
2898,Unowned,Unowned,Unowned,no,0,0,,0,Aqenganggyai,no,0,Aqenganggyai,4522,
2899,POL,polish,catholic,no,2,2,livestock,1,Inowroclaw,yes,0,Inowroclaw,4523,krakow
2900,POL,polish,catholic,no,2,1,grain,1,Dobrzyn,yes,0,Dobryzn,4524,krakow
2901,MAZ,polish,catholic,no,2,2,grain,1,Rawa,yes,0,Rawa,4525,krakow
2902,POL,polish,catholic,no,3,3,cloth,1,Gniezno,yes,0,Gniezno,4526,krakow
2903,POL,polish,catholic,no,3,2,cloth,2,Checiny,yes,0,Checiny,4527,krakow
2904,POL,polish,catholic,no,2,2,grain,1,Kuyavia,yes,0,Kuyavia,4528,krakow
2905,MOL,romanian,orthodox,no,2,2,wine,2,Iasi,yes,0,Iasi,4529,crimea
2906,TIM,uzbehk,sunni,no,1,1,cotton,2,Qarshi,yes,0,Qarshi,453,samarkand
2907,MOL,romanian,orthodox,no,2,1,wine,1,Birlad,yes,0,Birlad,4530,crimea
2908,WAL,romanian,orthodox,no,3,3,livestock,2,Giurgiu,yes,0,Giurgiu,4531,pest
2909,WAL,romanian,orthodox,no,3,2,livestock,2,Severin,yes,0,Severin,4532,pest
2910,POL,polish,catholic,no,3,3,cloth,1,Wielun,yes,0,Wielun,4533,krakow
2911,LIT,lithuanian,catholic,no,2,1,livestock,1,Upyte,yes,0,Upita,4534,baltic_sea
2912,LIT,lithuanian,catholic,no,2,2,livestock,2,Vilkmerge,yes,0,Wilkimierz,4535,kiev
2913,LIT,lithuanian,catholic,no,2,2,livestock,2,Lyda,yes,0,Lida,4536,kiev
2914,LIT,byelorussian,orthodox,no,2,1,wool,1,Navahrudak,yes,0,Nowogrodek,4537,kiev
2915,POL,ruthenian,orthodox,no,2,2,wool,1,Chelm,yes,0,Chelm,4538,kiev
2916,LIT,ruthenian,orthodox,no,1,1,livestock,1,Kremenets,yes,0,Kremenets,4539,kiev
2917,TIM,uzbehk,sunni,no,7,7,paper,7,Samarkand,yes,2,Samarkand,454,samarkand
2918,LIT,ruthenian,orthodox,no,1,1,livestock,1,Vinnytsia,yes,0,Winnica,4540,kiev
2919,POL,ruthenian,orthodox,no,2,2,livestock,1,Drohobycz,yes,0,Drohobycz,4541,krakow
2920,LIT,ruthenian,orthodox,no,2,2,grain,1,Lubnie,yes,0,Lubnie,4542,kiev
2921,LIT,ryazanian,orthodox,no,1,1,grain,1,Rylsk,yes,0,Rylsk,4543,kiev
2922,LIT,byelorussian,orthodox,no,1,1,grain,1,Bobrujsk,yes,0,Bobrujsk,4544,kiev
2923,LIT,byelorussian,orthodox,no,2,3,cloth,1,Sluck,yes,0,Sluck,4545,kiev
2924,SPA,andalucian,sunni,no,3,3,salt,1,Malaga,yes,0,Malaga,4546,sevilla
2925,SPA,andalucian,catholic,no,2,2,grain,2,Albacete,yes,0,Albacete,4547,sevilla
2926,SPA,andalucian,catholic,no,3,3,copper,2,Huelva,yes,0,Huelva,4548,sevilla
2927,SPA,catalan,catholic,no,4,4,paper,2,Xativa,yes,0,Xativa,4549,valencia
2928,SHY,khazak,sunni,no,1,1,livestock,1,Kyrzyl,yes,0,Kyrzyl,455,samarkand
2929,SPA,catalan,catholic,no,4,4,grain,2,Castellon,yes,0,Castellon,4550,valencia
2930,SPA,castillian,catholic,no,3,2,livestock,1,Avila,yes,0,Avila,4551,sevilla
2931,SPA,castillian,catholic,no,2,2,grain,2,Palencia,yes,0,Palencia,4552,sevilla
2932,SPA,leonese,catholic,no,3,3,wine,2,Zamora,yes,0,Zamora,4553,sevilla
2933,SPA,galician,catholic,no,3,3,fish,2,Lugo,yes,0,Lugo,4554,sevilla
2934,SPA,galician,catholic,no,3,3,fish,2,Pontevedra,yes,0,Vigo,4555,sevilla
2935,POR,portugese,catholic,no,4,4,salt,2,Aveiro,yes,0,Aviero,4556,sevilla
2936,SPA,aragonese,catholic,no,3,2,cloth,2,Calatayud,yes,0,Lleida,4557,valencia
2937,SPA,galician,catholic,no,2,2,naval_supplies,1,Orense,yes,0,Orense,4558,sevilla
2938,SPA,catalan,catholic,no,1,1,fish,1,Mahon,yes,0,Minorca,4559,valencia
2939,SHY,khazak,sunni,no,1,1,grain,1,Yasi,yes,0,Turkestan,456,samarkand
2940,SPA,catalan,catholic,no,1,1,fish,1,Ibiza,yes,0,Ibiza,4560,valencia
2941,MOR,moroccan,sunni,no,4,2,grain,2,Tetouan,yes,0,Tetouan,4561,sevilla
2942,TLC,algerian,sunni,no,3,2,cloth,2,MerselKebir,yes,0,MerselKebir,4562,safi
2943,MOR,moroccan,sunni,no,4,3,grain,2,Sale,yes,0,Sale,4563,sevilla
2944,MOR,moroccan,sunni,no,3,2,grain,1,Anfa,yes,0,Anfa,4564,safi
2945,CAS,berber,animism,no,2,2,unknown,1,Tenerife,yes,0,Tenerife,4565,sevilla
2946,TUN,tunisian,sunni,no,4,5,grain,1,Kairwan,yes,0,Kairwan,4566,tunis
2947,FZA,tunisian,sunni,no,1,1,livestock,1,Sabha,yes,0,Sabha,4567,tunis
2948,MOR,moroccan,sunni,no,2,2,wool,1,Demnate,yes,0,Demnate,4568,safi
2949,Unowned,Unowned,Unowned,no,0,0,,0,HighAtlas3,no,0,HighAtlas3,4569,
2950,TIM,uzbehk,sunni,no,3,3,tea,3,Tashkent,yes,0,Tashkent,457,samarkand
2951,AZT,aztek,nahuatl,no,5,5,gold,2,Texcoco,yes,0,Texcoco,4570,mexico
2952,AZT,aztek,nahuatl,no,5,5,gold,2,Tlacopan,yes,0,Tlacopan,4571,mexico
2953,MAT,matlatzinca,nahuatl,no,3,3,gold,1,Malinalco,yes,0,Malinalco,4572,mexico
2954,OTO,otomi,nahuatl,no,1,1,wool,1,Acambaro,yes,0,Acambaro,4573,mexico
2955,TAR,purepecha,nahuatl,no,3,3,grain,1,Ihuatzio,yes,0,Ihuatzio,4574,mexico
2956,TAR,purepecha,nahuatl,no,3,3,grain,1,Puruaran,yes,0,Puruaran,4575,mexico
2957,XAL,tepic,nahuatl,no,1,1,wool,1,Amaxocotlan,yes,0,Amaxocotlan,4576,mexico
2958,SPA,piman,totemism,no,1,1,unknown,1,Tohono,yes,0,Tohono,4577,california
2959,XAL,tepic,nahuatl,no,1,1,wool,1,Tzapotzingo,yes,0,Tzapotzingo,4578,california
2960,CLM,tecos,nahuatl,no,4,4,fish,1,Sayula,yes,0,Sayula,4579,mexico
2961,TIM,uzbehk,sunni,no,4,4,iron,4,Kokand,yes,0,Kokand,458,samarkand
2962,CLM,tecos,nahuatl,no,4,4,fish,1,Tecoman,yes,0,Tecoman,4580,mexico
2963,COI,mixtec,nahuatl,no,3,3,dyes,1,Yohualtepec,yes,0,Yohualtepec,4581,mexico
2964,TEO,aztek,nahuatl,no,3,3,dyes,1,Teotitlan,yes,0,Teotitlan,4582,mexico
2965,TLX,aztek,nahuatl,no,4,4,sugar,1,Xocotla,yes,0,Xocotla,4583,mexico
2966,ZAP,zapotek,nahuatl,no,2,2,sugar,1,Mitla,yes,0,Mitla,4584,mexico
2967,LAC,lacandon,mesoamerican_religion,no,2,2,fish,1,Tzotzil,yes,0,Tzotzil,4585,mexico
2968,LAC,lacandon,mesoamerican_religion,no,2,2,fish,1,Jakaltek,yes,0,Jakaltek,4586,mexico
2969,KIC,highland_mayan,mesoamerican_religion,no,3,3,cocoa,1,Qumarkaj,yes,0,Qumarkaj,4587,mexico
2970,ITZ,putun,mesoamerican_religion,no,2,2,cocoa,1,Kobox,yes,0,Kobox,4588,mexico
2971,CTM,putun,mesoamerican_religion,no,2,2,cocoa,1,Moran,yes,0,Moran,4589,mexico
2972,CHG,khazak,sunni,no,1,1,cloth,3,Taraz,yes,0,Taraz,459,samarkand
2973,XIU,yucatec,mesoamerican_religion,no,4,4,cocoa,1,Mani,yes,0,Xiu,4590,mexico
2974,COC,yucatec,mesoamerican_religion,no,4,4,cocoa,1,Chikinchel,yes,0,Sotuta,4591,mexico
2975,SPA,miskito,animism,no,1,1,unknown,1,Ulva,yes,0,Ulva,4592,panama
2976,SPA,miskito,animism,no,1,1,unknown,1,Xicaque,yes,0,Xicaque,4593,panama
2977,ITZ,putun,mesoamerican_religion,no,2,2,cocoa,1,Tute,yes,0,Tzul,4594,mexico
2978,SPA,muisca,animism,no,1,1,unknown,1,Guaymi,yes,0,Guaymi,4595,panama
2979,CAS,guajiro,animism,no,1,2,unknown,1,Kuna,yes,0,Kuna,4596,panama
2980,SPA,miskito,animism,no,1,1,unknown,1,Talamanca,yes,0,Talamanca,4597,panama
2981,TOT,totonac,nahuatl,no,2,2,sugar,1,Cuauhtochco,yes,0,Cuauhtochco,4598,mexico
2982,SPA,guajiro,animism,no,1,2,unknown,1,Sinu,yes,0,Sinu,4599,panama
2983,MKL,pommeranian,catholic,yes,4,4,naval_supplies,2,Rostock,yes,0,Rostock,46,
2984,CHG,kirgiz,sunni,no,4,4,wool,4,Uzkend,yes,0,Uzkend,460,samarkand
2985,SPA,guajiro,animism,no,1,2,unknown,1,Magangué,no,0,Magangue,4600,panama
2986,SPA,guajiro,animism,no,1,2,unknown,1,Chimila,no,0,Chimila,4601,panama
2987,SPA,guajiro,animism,no,2,2,unknown,1,Motilones,no,0,Motilones,4602,panama
2988,MCA,muisca,inti,no,5,5,salt,2,Moniquira,yes,0,Moniquira,4603,panama
2989,SPA,guajiro,animism,no,1,2,unknown,1,Pastos,yes,0,Pastos,4604,panama
2990,SPA,guajiro,animism,no,1,2,unknown,1,Putumayos,yes,0,Putumayos,4605,panama
2991,SPA,chichimecan,animism,no,1,1,unknown,1,Chichitames,yes,0,Chichitames,4606,rio_grande
2992,SPA,guajiro,animism,no,2,2,unknown,1,Pijaos,no,0,Pijaos,4607,panama
2993,SPA,guajiro,animism,no,2,2,unknown,1,Achaguas,yes,0,Achaguas,4608,panama
2994,SPA,guajiro,animism,no,1,2,unknown,1,Variquicimeto,yes,0,Variquicimeto,4609,carribean_trade
2995,CHG,khazak,sunni,no,2,2,cloth,2,Almaty,yes,0,Almaty,461,samarkand
2996,SPA,guajiro,animism,no,1,2,unknown,1,Yukpa,no,0,Yukpa,4610,carribean_trade
2997,SPA,guajiro,animism,no,1,2,unknown,1,Wayuu,no,0,Wayuu,4611,carribean_trade
2998,SPA,guajiro,animism,no,1,2,unknown,1,Tacarigua,yes,0,Tacarigua,4612,carribean_trade
2999,SPA,guajiro,animism,no,1,2,unknown,1,Guanaguanare,yes,0,Guanaguanare,4613,carribean_trade
3000,SPA,guajiro,animism,no,2,2,unknown,1,Tuneo,yes,0,Tunebo,4614,carribean_trade
3001,SPA,guajiro,animism,no,1,2,unknown,1,Guanipa,no,0,Guanipa,4615,carribean_trade
3002,SPA,guajiro,animism,no,1,2,unknown,1,Anzoategui,yes,0,Anzoategui,4616,carribean_trade
3003,SPA,guajiro,animism,no,1,2,unknown,1,Guaju,yes,0,Guaju,4617,amazonas_node
3004,CAS,arawak,animism,no,2,2,unknown,1,Yaquimo,yes,0,Yaquimo,4618,carribean_trade
3005,CAS,arawak,animism,no,2,2,unknown,1,Marien,no,0,Marien,4619,carribean_trade
3006,GEO,georgian,orthodox,no,2,2,wine,2,Zugdidi,yes,1,Mingrelia,462,crimea
3007,CAS,arawak,animism,no,2,2,unknown,1,Ciguayo,yes,0,Ciguayo,4620,carribean_trade
3008,CAS,arawak,animism,no,2,2,unknown,1,Higuey,yes,0,Higuey,4621,carribean_trade
3009,SPA,arawak,animism,no,2,3,unknown,1,Canimar,yes,0,Canimar,4622,carribean_trade
3010,CAS,arawak,animism,no,2,3,unknown,1,Escambrey,yes,0,Escambrey,4623,carribean_trade
3011,SPA,arawak,animism,no,2,3,unknown,1,Guane,yes,0,Guane,4624,carribean_trade
3012,SPA,yamasee,totemism,no,1,1,unknown,1,Mayaca,yes,0,Mayaca,4625,carribean_trade
3013,SPA,yamasee,totemism,no,1,1,unknown,1,Potano,yes,0,Potano,4626,carribean_trade
3014,SPA,caddo,totemism,no,1,1,unknown,1,Tanu,no,0,Tanu,4627,rio_grande
3015,SPA,mescalero,totemism,no,1,1,grain,1,Nitahendé,yes,0,Nitahende,4628,rio_grande
3016,Unowned,lipan,totemism,no,1,1,unknown,1,TelKondaha,no,0,TelKondaha,4629,rio_grande
3017,CIR,circassian,orthodox,no,2,2,livestock,3,Adyche,yes,0,Circassia,463,crimea
3018,Unowned,mescalero,totemism,no,1,1,unknown,1,Natahéndé,no,0,Natahende,4630,rio_grande
3019,ISL,pueblo,totemism,no,2,2,salt,1,Cochiti,yes,0,Towa,4631,rio_grande
3020,KER,pueblo,totemism,no,2,2,grain,1,Zia,yes,0,Keres,4632,rio_grande
3021,SPA,piman,totemism,no,1,1,unknown,1,Sobaipuri,no,0,Sobaipuri,4633,california
3022,Unowned,apache,totemism,no,1,1,unknown,1,Tsékaadn,no,0,Tsekaadn,4634,california
3023,Unowned,piman,totemism,no,1,1,unknown,1,Taaqtam,no,0,Taaqtam,4635,california
3024,YKT,yokuts,totemism,no,1,1,grain,1,Choinumni,yes,0,Choinumni,4636,california
3025,SPA,yokuts,totemism,no,4,3,unknown,3,Ohlone,yes,1,Ohlone,4637,california
3026,Unowned,yokuts,totemism,no,1,1,unknown,1,Wintun,no,0,Wintun,4638,california
3027,SPA,piman,totemism,no,1,1,unknown,1,Paipai,yes,0,Paipai,4639,california
3028,GOL,astrakhani,sunni,no,5,5,wool,5,Hajitarkhan,yes,0,Astrakhan,464,astrakhan
3029,TON,tepic,nahuatl,no,1,1,wool,1,Tonala,yes,0,Tecpatitlan,4640,mexico
3030,OTO,otomi,nahuatl,no,1,1,grain,1,Xilotepec,yes,0,Xilotepec,4641,mexico
3031,SPA,chichimecan,animism,no,1,1,unknown,1,Pame,no,0,Pame,4642,mexico
3032,SPA,guamares,animism,no,1,1,wool,1,Xiconaque,no,0,Xiconaque,4643,mexico
3033,SPA,apache,totemism,no,1,1,unknown,1,Jocome,yes,0,Jocome,4644,rio_grande
3034,SPA,guamares,animism,no,1,1,wool,1,Xochipillan,no,0,Xochipillan,4645,mexico
3035,SPA,piman,totemism,no,1,1,unknown,1,Tarahumara,yes,0,Tarahumara,4646,california
3036,SPA,chichimecan,animism,no,1,1,unknown,1,Xecora,yes,0,Xecora,4647,california
3037,SPA,chichimecan,animism,no,1,1,unknown,1,Acaxee,yes,0,Acaxee,4648,california
3038,SPA,piman,totemism,no,1,1,unknown,1,Mayo,yes,0,Mayo,4649,california
3039,NOG,nogaybak,sunni,no,3,3,salt,3,Saraychik,yes,0,Nogay,465,astrakhan
3040,SPA,piman,totemism,no,1,1,unknown,1,Opata,yes,0,Opata,4650,california
3041,SOO,kyushuan,shinto,no,2,1,chinaware,1,Tsushima,yes,0,Tsushima,4651,nippon
3042,MNG,manchu_new,confucianism,no,2,2,fish,2,Haicheng,yes,0,Haicheng,4652,beijing
3043,MJZ,manchu,confucianism,no,3,3,naval_supplies,2,Maolian,yes,0,Maolian,4653,girin
3044,MJZ,manchu,confucianism,no,3,2,naval_supplies,2,Fu'erhe,yes,0,Fuerhe,4654,girin
3045,NHX,manchu,tengri_pagan_reformed,no,2,2,fish,2,Shilimian,yes,0,Shilimian,4655,girin
3046,NHX,manchu,tengri_pagan_reformed,no,2,2,fish,2,Wolanhe,yes,0,Wolanhe,4656,girin
3047,Unowned,Unowned,Unowned,no,0,0,,0,ChangbaiMountains,no,0,ChangbaiMountains,4657,girin
3048,NVK,nivkh,tengri_pagan_reformed,no,1,1,fish,1,Nangha'er,yes,0,Nanghaer,4658,girin
3049,SOL,evenk,tengri_pagan_reformed,no,1,1,fur,1,Tulutingshan,yes,0,Tulutingshan,4659,girin
3050,GOL,astrakhani,sunni,no,6,6,wool,5,Sarai,yes,1,Sarai,466,astrakhan
3051,MYR,manchu,tengri_pagan_reformed,no,1,2,livestock,2,Tunhe,yes,0,Tunhe,4660,girin
3052,MHX,manchu,confucianism,no,3,2,grain,2,Edala,yes,0,Edala,4661,girin
3053,SOL,evenk,tengri_pagan_reformed,no,2,2,fur,2,Halacha,yes,0,Halacha,4662,girin
3054,EJZ,manchu,tengri_pagan_reformed,no,2,2,naval_supplies,1,Jixi,yes,0,Jixi,4663,girin
3055,SOL,evenk,tengri_pagan_reformed,no,1,1,livestock,1,Oroqen,yes,0,NorthButeha,4664,girin
3056,KRC,chahar,tengri_pagan_reformed,no,1,1,livestock,1,SouthButeha,yes,0,SouthButeha,4665,girin
3057,KHA,khalkha,tengri_pagan_reformed,no,1,1,livestock,1,Barag,yes,0,SouthHulunbur,4666,yumen
3058,KHA,khalkha,tengri_pagan_reformed,no,1,1,livestock,2,Bayan-Uul,yes,0,NorthSetsen,4667,yumen
3059,KHA,khalkha,tengri_pagan_reformed,no,1,1,fur,2,Orkhon,yes,0,WestIhHuree,4668,yumen
3060,KHA,khalkha,tengri_pagan_reformed,no,1,1,livestock,2,Sainshand,yes,0,EastDornogovi,4669,yumen
3061,GOL,mishary,sunni,no,2,2,livestock,2,Borisoglebsk,yes,0,Borisoglebsk,467,astrakhan
3062,KHA,mongol,vajrayana,no,1,1,livestock,1,Urad,yes,0,WestKharaNarinUla,4670,beijing
3063,KHA,mongol,vajrayana,no,2,1,livestock,2,Kalgan,yes,0,EastEreen,4671,beijing
3064,KRC,chahar,vajrayana,no,2,1,livestock,2,Josutu,yes,0,NorthJuUd,4672,girin
3065,KHA,mongol,vajrayana,no,1,1,livestock,2,Ujimqin,yes,0,EastXilinGol,4673,yumen
3066,KRC,chahar,vajrayana,no,1,1,livestock,2,Korchin,yes,0,NorthJirem,4674,girin
3067,KRC,chahar,vajrayana,no,1,1,livestock,2,Bayisingtu,yes,0,CentralJirem,4675,girin
3068,OIR,mongol,vajrayana,no,1,1,livestock,2,WestAlxa,yes,0,WestAlxa,4676,xian
3069,OIR,khalkha,tengri_pagan_reformed,no,1,1,livestock,1,Noyon,yes,0,EastGovi,4677,yumen
3070,OIR,khalkha,tengri_pagan_reformed,no,3,3,cloth,3,Qaraqorum,yes,1,EastQaraqorum,4678,yumen
3071,OIR,khalkha,tengri_pagan_reformed,no,1,1,fur,2,Khovsgol,yes,0,EastTsetserleg,4679,siberia
3072,GOL,astrakhani,sunni,no,2,2,livestock,1,Khazaria,yes,0,Khazaria,468,astrakhan
3073,OIR,khalkha,tengri_pagan_reformed,no,1,1,livestock,2,Zakhchin,yes,0,EastZagast,4680,yumen
3074,KHA,oirats,tengri_pagan_reformed,no,1,1,livestock,2,Olgii,yes,0,NorthKobdo,4681,yumen
3075,KHA,oirats,tengri_pagan_reformed,no,2,1,livestock,2,Monkhkhairkhan,yes,0,SouthKobdo,4682,yumen
3076,OIR,oirats,tengri_pagan_reformed,no,1,1,livestock,2,Altay,yes,0,EastHoboskar,4683,yumen
3077,OIR,oirats,sunni,no,1,1,fish,1,Dzhemenika,yes,0,Dzhemenika,4684,yumen
3078,SHY,khazak,sunni,no,1,1,wool,1,Karagandy,yes,0,Karagandy,4685,samarkand
3079,SHY,khazak,sunni,no,2,2,salt,1,Ekibastuz,yes,0,Ekibastuz,4686,siberia
3080,OIR,kirgiz,tengri_pagan_reformed,no,1,1,unknown,1,Imakia,yes,0,Imakia,4687,siberia
3081,SHY,kirgiz,tengri_pagan_reformed,no,1,1,livestock,2,Baraba,yes,0,Baraba,4688,siberia
3082,SHY,siberian,sunni,no,2,3,fur,2,Om,yes,0,Om,4689,siberia
3083,NOG,nogaybak,sunni,no,1,1,fish,1,Ryn,yes,0,Ryn,469,astrakhan
3084,SHY,siberian,sunni,no,1,1,fur,1,Ishim,yes,0,Ishim,4690,siberia
3085,RUS,ostyaki,tengri_pagan_reformed,no,1,1,unknown,1,As,yes,0,As,4691,siberia
3086,SHY,khazak,sunni,no,1,1,iron,1,Zhakeikin,yes,0,Turgay,4692,siberia
3087,KAS,uyghur,sunni,no,2,2,wool,1,Keriya,yes,0,Keriya,4693,yumen
3088,FRA,gascon,catholic,no,2,2,wool,2,Foix,yes,0,Foix,4694,bordeaux
3089,FRA,occitain,catholic,no,3,2,wine,2,Carcassonne,yes,0,Carcassonne,4695,valencia
3090,PRO,occitain,catholic,no,4,4,naval_supplies,3,Toulon,yes,0,Toulon,4696,genua
3091,AMG,gascon,catholic,no,2,2,livestock,2,Guéret,yes,0,LaMarche,4697,bordeaux
3092,EPI,greek,orthodox,no,2,1,wine,2,Cephalonia,yes,0,Cephalonia,4698,ragusa
3093,EPI,greek,orthodox,no,3,2,livestock,1,Arta,yes,0,Arta,4699,ragusa
3094,WOL,pommeranian,catholic,yes,2,2,fish,2,Stralsund,yes,1,Stralsund,47,
3095,NOG,nogaybak,sunni,no,2,2,livestock,2,Bayuly,yes,0,Bayuly,470,astrakhan
3096,GEN,greek,orthodox,no,2,2,fish,1,Mytilene,yes,0,Lesbos,4700,constantinople
3097,ACH,greek,orthodox,no,2,2,wine,2,Corinth,yes,0,Corinth,4701,ragusa
3098,TUR,greek,orthodox,no,2,2,grain,2,Siroz,yes,0,Siroz,4702,ragusa
3099,TUR,bulgarian,orthodox,no,2,2,copper,2,Kostendil,yes,0,Kostendil,4703,constantinople
3100,TUR,bulgarian,orthodox,no,3,3,cloth,3,Tarnovo,yes,0,Tirnovo,4704,constantinople
3101,TUR,greek,orthodox,no,2,1,livestock,3,Gumulcine,yes,0,Gumulcine,4705,constantinople
3102,TUR,bulgarian,orthodox,no,2,1,wool,1,Tolcu,yes,0,Tolcu,4706,constantinople
3103,ING,bavarian,catholic,yes,2,2,,2,Wasserburg,yes,0,Rosenheim,4707,
3104,LBV,bavarian,catholic,yes,4,4,,2,Freising,yes,0,Freising,4708,
3105,PSS,bavarian,catholic,yes,5,5,salt,1,Passau,yes,0,Passau,4709,
3106,NOG,nogaybak,sunni,no,2,2,livestock,2,Alimuly,yes,0,Alimuly,471,astrakhan
3107,MBZ,austrian,catholic,yes,2,2,wool,1,Bregenz,yes,0,Bregenz,4710,
3108,ING,swabian,catholic,yes,2,2,grain,2,Nördlingen,yes,0,Donauwoerth,4711,
3109,KNZ,swabian,catholic,yes,6,6,cloth,1,Konstanz,yes,1,Konstanz,4712,
3110,WUR,swabian,catholic,yes,3,3,grain,2,Reutlingen,yes,0,Urach,4713,
3111,BAD,swabian,catholic,yes,3,3,wine,2,Durlach,yes,0,Durlach,4714,
3112,ROT,franconian,catholic,yes,4,5,grain,1,Rothenburg,yes,0,Rothenburg,4715,
3113,THU,franconian,catholic,yes,3,2,livestock,1,Coburg,yes,0,Coburg,4716,
3114,BYT,franconian,catholic,yes,2,2,wool,2,Bayreuth,yes,0,Bayreuth,4717,
3115,MAI,franconian,catholic,yes,3,2,cloth,2,Aschaffenburg,yes,0,Aschaffenburg,4718,
3116,SAV,occitain,catholic,yes,3,2,cloth,2,Bourg-en-Bresse,yes,0,Annecy,4719,champagne
3117,NOG,nogaybak,sunni,no,2,2,naval_supplies,2,Zhetyru,yes,0,Jetyru,472,astrakhan
3118,GNV,swiss,catholic,yes,6,4,cloth,3,Geneva,yes,0,Geneva,4720,champagne
3119,SWI,swiss,catholic,yes,3,3,livestock,2,Fribourg,yes,0,Fribourg,4721,champagne
3120,TTL,swiss,catholic,yes,3,2,livestock,1,Illanz,yes,0,Illanz,4722,
3121,OPL,schlesian,catholic,yes,3,3,grain,2,Opole,yes,0,Opole,4723,krakow
3122,BOH,czech,hussite,yes,3,2,grain,1,Chlumec,yes,0,Pardubice,4724,
3123,BOH,czech,catholic,yes,3,2,grain,2,JindrichuvHradec,yes,0,JindrichuvHradec,4725,
3124,BOH,czech,catholic,yes,2,2,grain,1,Hradiste,yes,0,Ostrava,4726,
3125,SZO,piedmontese,catholic,yes,3,4,iron,4,Saluzzo,yes,0,Saluzzo,4727,genua
3126,MLO,lombard,catholic,yes,6,5,grain,5,Pavia,no,0,Pavia,4728,genua
3127,VEN,venetian,catholic,no,4,3,paper,2,Padova,yes,0,Padova,4729,venice
3128,KAZ,kazani,sunni,no,3,3,livestock,1,Samara,yes,0,Samara,473,kazan
3129,BLG,romagnan,catholic,no,5,4,cloth,3,Bologna,yes,0,Bologna,4730,venice
3130,PAP,umbrian,catholic,no,3,2,livestock,1,Spoleto,yes,0,Spoleto,4731,genua
3131,PAP,umbrian,catholic,no,3,3,fish,0,Terracina,yes,0,Terracina,4732,genua
3132,NAP,neapolitan,catholic,no,3,2,paper,2,Campobasso,yes,0,Molise,4733,venice
3133,NAP,neapolitan,catholic,no,4,4,grain,3,Avellino,no,0,Avellino,4734,genua
3134,SAR,sardinian,catholic,no,2,2,grain,2,Arborea,no,0,Arborea,4735,genua
3135,SIC,sicilian,catholic,no,2,3,fish,2,Trapani,yes,0,Trapani,4736,genua
3136,SIC,sicilian,catholic,no,3,3,grain,2,Girgenti,yes,0,Girgenti,4737,genua
3137,HAB,venetian,catholic,yes,4,3,fish,2,Trieste,no,0,Trieste,4738,venice
3138,MLO,lombard,catholic,yes,4,3,cloth,2,Bergamo,yes,0,Bergamo,4739,venice
3139,NOG,nogaybak,sunni,no,2,2,iron,2,Yaik,yes,0,Yaik,474,astrakhan
3140,MLO,lombard,catholic,yes,4,4,cloth,2,Como,no,0,Como,4740,genua
3141,MAG,saxon,catholic,yes,3,3,,1,Halle,yes,0,Halle,4741,
3142,GOS,saxon,catholic,yes,5,5,,1,Goslar,yes,0,Goslar,4742,
3143,THU,saxon,catholic,yes,3,3,grain,2,Weimar,yes,0,Weimar,4743,
3144,SAX,saxon,catholic,yes,2,3,cloth,2,Zwickau,yes,0,Zwickau,4744,
3145,WOL,pommeranian,catholic,yes,2,1,fish,1,Rugen,yes,0,Rugen,4745,
3146,STE,pommeranian,catholic,yes,3,3,naval_supplies,3,Stargard,yes,0,Stargard,4746,
3147,TEU,pommeranian,catholic,yes,2,2,livestock,1,Dramburg,yes,0,Dramburg,4747,
3148,BRA,saxon,catholic,yes,4,3,iron,3,Brandenburg,yes,0,Brandenburg,4748,
3149,MKL,pommeranian,catholic,yes,3,3,livestock,2,Neubrandenburg,yes,0,Stargard,4749,
3150,KAZ,bashkir,sunni,no,3,3,wool,3,Bashkort,yes,0,Bashkortostan,475,kazan
3151,ALB,albanian,orthodox,no,2,2,wool,1,Krujë,yes,0,Kruje,4750,ragusa
3152,CLI,slovene,catholic,yes,3,4,wine,2,Celje,yes,0,Cilli,4751,venice
3153,CRO,croatian,catholic,no,4,4,cloth,2,Rijeka,yes,1,Rijeka,4752,ragusa
3154,DAL,dalmatian,catholic,no,3,2,naval_supplies,2,Zadar,yes,0,Zadar,4753,ragusa
3155,VEN,serbian,orthodox,no,3,3,naval_supplies,1,Kotor,yes,0,Kotor,4754,ragusa
3156,TUR,bosnian,orthodox,no,2,2,salt,1,Visegrad,yes,0,Podrinje,4755,ragusa
3157,CRO,croatian,catholic,no,2,3,grain,1,Bjelovar,yes,0,Bjelovar,4756,pest
3158,SER,serbian,orthodox,no,2,2,grain,1,Valjevo,yes,0,Kolubara,4757,ragusa
3159,HAB,austrian,catholic,yes,2,2,wool,2,Meran,yes,0,Etsch,4758,
3160,HAB,Unowned,catholic,yes,3,3,iron,2,Villach,yes,0,Oberkaernten,4759,
3161,SHY,khazak,sunni,no,6,6,grain,6,Orda-Bazar,yes,0,Kypshak,476,samarkand
3162,LBV,bavarian,catholic,yes,3,3,wine,2,Innbaiern,yes,0,Innbaiern,4760,
3163,HAB,austrian,catholic,yes,2,4,iron,2,Steyr,yes,0,Traungau,4761,
3164,HAB,austrian,catholic,yes,3,3,wine,3,Wienerwald,yes,0,Wienerwald,4762,
3165,BUR,burgundian,catholic,yes,2,3,salt,2,Salins,yes,0,Salins,4764,champagne
3166,MLH,swabian,catholic,yes,3,3,cloth,2,Mülhausen,yes,0,Mulhouse,4765,
3167,BAR,burgundian,catholic,yes,3,3,grain,3,Verdun,yes,0,Verdun,4766,champagne
3168,PAL,hessian,catholic,yes,3,3,cloth,2,Zweibrücken,yes,0,Zweibrucken,4767,
3169,BRG,hessian,catholic,yes,3,3,grain,2,Jülich,yes,0,Julich,4768,
3170,FLA,wallonian,catholic,no,4,5,cloth,2,Lille,yes,0,Lille,4769,english_channel
3171,SHY,khazak,sunni,no,2,2,wool,2,Nadym,yes,0,Nadym,477,samarkand
3172,BRB,dutch,catholic,yes,4,4,paper,2,'s-Hertogenbosch,yes,0,s,4770,english_channel
3173,VER,lower_saxon,catholic,yes,2,2,livestock,3,Verden,yes,0,Verden,4771,
3174,LUN,lower_saxon,catholic,yes,2,2,livestock,2,Celle,yes,0,Celle,4772,
3175,BRU,lower_saxon,catholic,yes,2,2,cloth,2,Göttingen,yes,0,Goettingen,4773,
3176,WBG,hessian,catholic,yes,2,2,grain,1,Fulda,yes,0,Fulda,4774,
3177,BRG,hannoverian,catholic,yes,2,2,,1,Bielefeld,yes,0,Bielefeld,4775,
3178,FRA,cosmopolitan_french,catholic,no,4,4,wine,3,Blois,yes,0,Blois,4776,champagne
3179,FRA,occitain,catholic,no,3,2,livestock,2,Montbrison,yes,0,Forez,4777,bordeaux
3180,BOH,sorbian,catholic,yes,2,2,livestock,1,Zhorelec,yes,0,Gorlitz,4778,
3181,TUR,greek,orthodox,no,2,1,livestock,3,Gallipoli,yes,0,Gallipoli,4779,constantinople
3182,SHY,khazak,sunni,no,2,2,wool,2,Argyn,yes,0,Argyn,478,samarkand
3183,TUR,bulgarian,orthodox,no,2,2,wool,2,Ohrid,yes,0,Ohrid,4780,ragusa
3184,Unowned,nguni,Unowned,no,2,2,unknown,1,Pretoria,no,0,Transvaal,4781,cape_of_good_hope
3185,Unowned,khoisan,Unowned,no,1,1,unknown,1,Vryburg,no,0,Tswana,4782,cape_of_good_hope
3186,Unowned,nguni,Unowned,no,1,1,unknown,1,Mbabane,no,0,Swazi,4783,cape_of_good_hope
3187,Unowned,nguni,Unowned,no,1,1,unknown,1,Polokwane,no,0,UpperLimpopo,4784,cape_of_good_hope
3188,ENG,english,catholic,no,2,2,iron,1,Sheffield,yes,0,Sheffield,4785,english_channel
3189,BRA,saxon,catholic,yes,2,2,livestock,1,Pankow,yes,0,Priegnitz,4786,
3190,POR,portugese,catholic,no,4,3,grain,3,Santarém,yes,0,Ribatejo,4787,sevilla
3191,SPA,leonese,catholic,no,2,2,livestock,1,Plasencia,yes,0,Plasencia,4788,sevilla
3192,SPA,castillian,catholic,no,3,3,wool,2,Segovia,yes,0,Segovia,4789,sevilla
3193,SHY,khazak,sunni,no,2,2,copper,2,Kerey,yes,0,Kerey,479,siberia
3194,SUN,sundanese,hinduism,no,3,3,grain,2,Pangguyanan,yes,0,Pangguyanan,4790,the_moluccas
3195,SUN,sundanese,hinduism,no,4,4,spices,3,Cirebon,yes,0,Cirebon,4791,the_moluccas
3196,MAJ,javanese,hinduism,no,2,2,naval_supplies,2,Kendal,yes,0,Kendal,4792,the_moluccas
3197,MAJ,javanese,hinduism,no,2,2,grain,2,Pajang,yes,0,SouthDemak,4793,the_moluccas
3198,MAJ,javanese,hinduism,no,2,2,fish,2,Malang,yes,0,EastKediri,4794,the_moluccas
3199,BNE,sulawesi,animism,no,3,4,spices,2,Bone,yes,0,Bone,4795,the_moluccas
3200,NED,sulawesi,animism,no,4,4,unknown,3,Kendari,yes,0,Kendari,4796,the_moluccas
3201,MKS,sulawesi,animism,no,3,3,spices,2,Soppeng,yes,0,Soppeng,4797,the_moluccas
3202,BNE,sulawesi,animism,no,3,3,spices,2,Wajo,yes,0,Wajo,4798,the_moluccas
3203,KUT,bornean,hinduism,no,3,3,spices,2,Sangkulirang,yes,0,Sangkulirang,4799,malacca
3204,WOL,pommeranian,catholic,yes,2,2,fish,2,Kolberg,yes,0,Kolberg,48,
3205,OIR,kirgiz,tengri_pagan_reformed,no,1,1,unknown,1,Kulunda,yes,0,Kulunda,480,siberia
3206,BNJ,bornean,hinduism,no,3,3,unknown,2,Paser,yes,0,Paser,4800,malacca
3207,BNJ,bornean,hinduism,no,2,3,unknown,1,Batulican,yes,0,Batulican,4801,malacca
3208,SMB,bornean,hinduism,no,5,5,gold,3,Pontiniak,yes,0,SouthPontiniak,4802,malacca
3209,SMB,bornean,hinduism,no,3,3,unknown,3,Meliau,yes,0,NorthKatapang,4803,malacca
3210,BEI,bornean,sunni,no,3,3,fish,2,Kuching,yes,0,Kuching,4804,malacca
3211,BEI,bornean,sunni,no,3,3,fish,2,Bintulu,yes,0,EastSibu,4805,malacca
3212,BEI,bornean,sunni,no,1,1,tropical_wood,1,Kapit,yes,0,InlandSarawak,4806,malacca
3213,Unowned,Unowned,Unowned,no,0,0,,0,NorthBorneo,no,0,NorthBorneo,4807,
3214,Unowned,Unowned,Unowned,no,0,0,,0,Sumatra,no,0,Sumatra,4808,
3215,PSA,acehnese,sunni,no,4,4,spices,3,Langkat,yes,0,SouthPeureulak,4809,malacca
3216,ENG,english,protestant,no,1,1,unknown,1,Bermuda,no,0,Bermuda,481,carribean_trade
3217,DLI,sumatran,sunni,no,4,4,spices,3,Deli,yes,0,SouthDeli,4810,malacca
3218,BRS,sumatran,hinduism,no,4,4,spices,3,Barus,yes,0,Barus,4811,malacca
3219,PAT,malayan,sunni,no,2,2,tropical_wood,1,Gerik,yes,0,Gerik,4812,malacca
3220,KED,malayan,sunni,no,2,2,tropical_wood,1,Pengang,yes,0,Penang,4813,malacca
3221,PAH,malayan,mahayana,no,2,2,tropical_wood,1,Semantan,yes,0,Semantan,4814,malacca
3222,MLC,malayan,sunni,no,2,2,fish,1,Singapura,yes,0,Singapura,4815,malacca
3223,SAK,sumatran,sunni,no,2,2,fish,3,Rengat,yes,0,Rengat,4816,malacca
3224,PGR,sumatran,hinduism,no,2,2,grain,2,Padang,yes,0,Padang,4817,malacca
3225,IND,sumatran,hinduism,no,2,2,grain,2,Indrapura,yes,0,Indrapura,4818,malacca
3226,DAI,vietnamese,mahayana,no,4,3,grain,3,SonNam,yes,0,SonNam,4819,canton
3227,CAS,arawak,animism,no,2,2,unknown,1,Bahamas,yes,0,Bahamas,482,carribean_trade
3228,DAI,vietnamese,mahayana,no,4,3,grain,2,MinhQuang,yes,0,MinhQuang,4820,canton
3229,DAI,vietnamese,mahayana,no,4,3,grain,3,NgheAn,yes,0,NgheAn,4821,canton
3230,CHA,cham,hinduism,no,4,3,incense,2,Amaravati,yes,0,Amaravati,4822,gulf_of_siam
3231,JAR,cham,animism,no,2,2,tea,2,Jarai,yes,0,Jarai,4823,gulf_of_siam
3232,RHA,cham,animism,no,2,2,copper,2,Rhade,yes,0,Rhade,4824,gulf_of_siam
3233,KHM,khmer,buddhism,no,3,3,grain,2,Pursat,yes,0,Pursat,4825,gulf_of_siam
3234,KHM,khmer,buddhism,no,4,4,grain,2,Kampot,yes,0,Kampot,4826,gulf_of_siam
3235,KHM,khmer,hinduism,no,2,2,grain,2,KampomPousThom,yes,0,KampomPousThom,4827,gulf_of_siam
3236,KHM,khmer,hinduism,no,2,2,grain,2,PreahVihear,yes,0,PreahVihear,4828,gulf_of_siam
3237,KHM,khmer,hinduism,no,2,2,grain,2,RaungDapey,yes,0,RaungDapey,4829,gulf_of_siam
3238,CAS,carib,animism,no,3,3,unknown,1,TurksIslands,no,0,TurksIslands,483,carribean_trade
3239,AYU,central_thai,buddhism,no,3,3,grain,3,Rayong,yes,0,Rayong,4830,gulf_of_siam
3240,AYU,central_thai,buddhism,no,3,3,grain,3,Bangkok,yes,0,Bangkok,4831,gulf_of_siam
3241,AYU,central_thai,buddhism,no,3,3,grain,3,Lopburi,yes,0,Lopburi,4832,gulf_of_siam
3242,AYU,central_thai,buddhism,no,3,3,grain,3,Phetchaburi,yes,0,Phetchabun,4833,gulf_of_siam
3243,AYU,central_thai,buddhism,no,3,3,grain,3,Suphanburi,yes,0,Suphanburi,4834,gulf_of_siam
3244,AYU,central_thai,buddhism,no,2,2,ivory,2,Kanchanaburi,yes,0,Kanchanaburi,4835,gulf_of_siam
3245,AYU,khmer,buddhism,no,3,3,grain,3,SiThep,yes,0,SiThep,4836,gulf_of_siam
3246,LXA,lao,animism,no,2,2,ivory,1,MuangNgoi,yes,0,MuangNgoi,4837,gulf_of_siam
3247,LXA,lao,buddhism,no,2,2,ivory,1,SipEt,yes,0,SipEt,4838,gulf_of_siam
3248,LXA,lao,animism,no,4,3,tea,3,Champasak,yes,0,Champasak,4839,gulf_of_siam
3249,CAS,arawak,animism,no,5,5,unknown,1,Havana,yes,1,Havana,484,carribean_trade
3250,LXA,lao,animism,no,2,2,ivory,1,Xekong,yes,0,Xekong,4840,gulf_of_siam
3251,LNA,northern_thai,buddhism,no,4,3,grain,3,Lamphun,yes,0,Lamphun,4841,gulf_of_siam
3252,LNA,northern_thai,buddhism,no,3,3,grain,2,Lakhon,yes,0,Lakhon,4842,gulf_of_siam
3253,Unowned,Unowned,Unowned,no,0,0,,0,AnnamiteMountains,no,0,AnnamiteMountains,4843,
3254,Unowned,Unowned,Unowned,no,0,0,,0,DawnaHills,no,0,DawnaHills,4844,
3255,TER,sulawesi,animism,no,4,4,unknown,2,Mamuju,yes,0,Mamuju,4845,the_moluccas
3256,LAR,gunwinyguan,dreamtime,no,2,2,,1,Woolna,yes,1,Woolna,4846,australia
3257,YNU,paman,dreamtime,no,1,1,fish,1,Yunawa,yes,0,Yunawa,4847,australia
3258,Unowned,paman,dreamtime,no,1,2,unknown,1,Mingin,no,0,Mingin,4848,australia
3259,Unowned,paman,dreamtime,no,1,1,unknown,1,Kurtjar,no,0,Kurtjar,4849,australia
3260,CAS,arawak,animism,no,2,3,unknown,1,Moron,yes,0,Moron,485,carribean_trade
3261,Unowned,paman,dreamtime,no,3,2,unknown,1,Biri,no,0,Biri,4850,australia
3262,Unowned,aboriginal,dreamtime,no,2,2,unknown,1,Gureng,no,0,Gureng,4851,australia
3263,Unowned,gamilaraay,dreamtime,no,2,2,unknown,1,Wuli,no,0,WuliWuli,4852,australia
3264,Unowned,gamilaraay,dreamtime,no,1,1,unknown,1,Bidjara,no,0,Bidjara,4853,australia
3265,Unowned,aboriginal,dreamtime,no,4,3,unknown,2,Badtajala,no,1,Badtjala,4854,australia
3266,Unowned,gamilaraay,dreamtime,no,1,1,unknown,1,Yiman,no,0,Yiman,4855,australia
3267,GMI,gamilaraay,dreamtime,no,4,3,unknown,3,Barunggam,no,0,Barunggam,4856,australia
3268,Unowned,aboriginal,dreamtime,no,2,2,unknown,1,Bundjalung,no,0,Bundjalung,4857,australia
3269,Unowned,aboriginal,dreamtime,no,2,2,unknown,1,Tharawal,no,1,Tharawal,4858,australia
3270,Unowned,aboriginal,dreamtime,no,4,3,unknown,2,Gundungurra,no,0,Gundungurra,4859,australia
3271,CAS,arawak,animism,no,2,3,unknown,1,Guantanamo,yes,0,Guantanamo,486,carribean_trade
3272,Unowned,aboriginal,dreamtime,no,2,1,unknown,1,Dharug,no,0,Dharug,4860,australia
3273,Unowned,kulin,dreamtime,no,1,2,unknown,2,Waveroo,no,0,Waveroo,4861,australia
3274,Unowned,yura,dreamtime,no,1,2,unknown,2,Ngadjuri,no,0,Ngadjuri,4862,australia
3275,Unowned,nyoongah,dreamtime,no,2,1,unknown,1,Nyaki,no,0,Nyaki,4863,australia
3276,Unowned,nyoongah,dreamtime,no,1,1,unknown,1,Yuat,no,0,Yuat,4864,australia
3277,Unowned,nyoongah,dreamtime,no,1,1,unknown,1,Kurrama,no,0,Kurrama,4865,australia
3278,Unowned,nyoongah,dreamtime,no,1,1,unknown,1,Mangala,no,0,Mangala,4866,australia
3279,Unowned,gunwinyguan,dreamtime,no,1,1,unknown,1,Wunambul,no,0,Wunambul,4867,australia
3280,GBR,palawa,dreamtime,no,1,2,fur,3,Pyemmairrener,yes,0,Pyemmairrener,4868,australia
3281,PLW,palawa,dreamtime,no,1,2,gems,3,Peerapper,yes,0,Peerapper,4869,australia
3282,CAS,arawak,animism,no,4,5,unknown,1,Jamaica,yes,1,Jamaica,487,carribean_trade
3283,Unowned,Unowned,Unowned,no,0,0,,0,AustralianLakes,no,0,AustralianLakes,4870,
3284,GBR,abenaki,totemism,no,2,2,unknown,1,Cowasuk,yes,0,Cowasuk,4871,st_lawrence
3285,WEN,tionontate,totemism,no,1,2,fur,2,Wenrohonon,yes,0,Wenrohonon,4872,ohio
3286,GBR,abenaki,totemism,no,2,2,unknown,1,Pegwaki,yes,0,Pegwaki,4873,st_lawrence
3287,ENG,mahican,totemism,no,2,2,unknown,1,Westenhuck,yes,0,Westenhuck,4874,chesapeake_bay
3288,USA,iroquois,totemism,no,3,2,unknown,1,Welhikane,no,0,Welhikhane,4875,ohio
3289,LEN,susquehannock,totemism,no,2,2,unknown,1,Scahentowanen,yes,0,Scahentowanen,4876,ohio
3290,ENG,iroquois,totemism,no,3,2,unknown,1,Nottoway,yes,0,Nottoway,4877,chesapeake_bay
3291,GBR,catawba,totemism,no,3,2,unknown,1,Eno,no,0,Eno,4878,chesapeake_bay
3292,CHE,cherokee,totemism,no,2,2,tobacco,1,Kituwah,yes,0,Kituwah,4879,chesapeake_bay
3293,CAS,arawak,animism,no,2,3,unknown,1,LesCayes,yes,1,LesCayes,488,carribean_trade
3294,GBR,yamasee,totemism,no,3,2,unknown,1,Combahee,no,0,Combahee,4880,chesapeake_bay
3295,USA,creek,totemism,no,3,2,unknown,1,Sawokli,no,0,Sawokli,4881,chesapeake_bay
3296,CHE,cherokee,totemism,no,3,2,unknown,1,Eta,yes,0,Etali,4882,chesapeake_bay
3297,CHI,chickasaw,totemism,no,3,2,unknown,1,Napochi,yes,0,Napochi,4883,mississippi_river
3298,FRA,natchez,totemism,no,3,2,unknown,1,Houma,yes,0,Houma,4884,mississippi_river
3299,FRA,natchez,totemism,no,3,2,unknown,1,Avoyel,yes,0,Avoyel,4885,mississippi_river
3300,Unowned,caddo,totemism,no,3,2,unknown,1,Nasoni,no,0,Nasoni,4886,mississippi_river
3301,USA,chickasaw,totemism,no,3,2,unknown,1,Cochati,no,0,Cochati,4887,ohio
3302,HWK,shawnee,totemism,no,1,2,fur,2,Tatteroa,yes,0,Tatteroa,4888,ohio
3303,GBR,shawnee,totemism,no,3,2,unknown,1,Mohetan,no,0,Mohetan,4889,ohio
3304,CAS,arawak,animism,no,2,2,unknown,1,Tortuga,no,0,Tortuga,489,carribean_trade
3305,FRA,algonquin,totemism,no,3,2,unknown,1,Kichessipirini,yes,0,Kichessipirini,4890,st_lawrence
3306,MIK,mikmaq,totemism,no,2,2,fish,1,Piktuk,yes,0,Piktuk,4891,st_lawrence
3307,FRA,laurentian,totemism,no,3,2,unknown,1,Iroquet,yes,0,Iroquet,4892,st_lawrence
3308,FRA,laurentian,totemism,no,2,2,unknown,1,Nebesek,yes,0,Nebesek,4893,st_lawrence
3309,Unowned,algonquin,totemism,no,2,2,unknown,1,Ottagotouemin,no,0,Ottagotouemin,4894,st_lawrence
3310,Unowned,algonquin,totemism,no,2,2,unknown,1,Batiscan,no,0,Batiscan,4895,st_lawrence
3311,Unowned,maliseet,totemism,no,2,2,unknown,1,Meductic,no,0,Meductic,4896,st_lawrence
3312,FRA,algonquin,totemism,no,3,2,unknown,1,Keinouche,yes,0,Keinouche,4897,st_lawrence
3313,OJI,anishinabe,totemism,no,3,2,fur,1,Noquet,yes,0,Noquet,4898,ohio
3314,FRA,anishinabe,totemism,no,3,2,unknown,1,Mamaceqtaw,yes,0,Mamaceqtaw,4899,ohio
3315,BRA,saxon,catholic,yes,2,2,livestock,2,Landsberg,yes,0,Neumark,49,
3316,CAS,arawak,animism,no,2,3,unknown,1,Barahona,yes,1,Barahonas,490,carribean_trade
3317,Unowned,pawnee,totemism,no,3,2,unknown,1,Otoe,no,0,Otoe,4900,mississippi_river
3318,WCY,dakota,totemism,no,3,2,unknown,1,Saone,yes,0,Saone,4901,mississippi_river
3319,CHY,cheyenne,totemism,no,3,2,unknown,1,Makandwewinni,yes,0,Makandwewin,4902,james_bay
3320,FRA,illini,totemism,no,3,2,unknown,1,Chinko,no,0,Chinko,4903,ohio
3321,FRA,illini,totemism,no,3,2,unknown,1,Espeminkia,yes,0,Espeminkia,4904,ohio
3322,PEO,illini,totemism,no,3,2,unknown,1,Tapouaro,yes,0,Tapouaro,4905,mississippi_river
3323,FRA,illini,totemism,no,3,2,unknown,1,Coiracoentanon,yes,0,Coiracoentanon,4906,mississippi_river
3324,USA,osage,totemism,no,3,2,unknown,1,Mosopelea,yes,0,Mosopelea,4907,ohio
3325,Unowned,wichita,totemism,no,3,2,unknown,1,Tawehash,no,0,Tawehash,4908,mississippi_river
3326,Unowned,wichita,totemism,no,3,2,unknown,1,Kitsash,no,0,Kitsash,4909,rio_grande
3327,CAS,arawak,animism,no,3,3,unknown,1,Curacao,yes,1,Curacao,491,carribean_trade
3328,Unowned,wichita,totemism,no,3,2,unknown,1,Tawakoni,no,0,Tawakoni,4910,rio_grande
3329,Unowned,caddo,totemism,no,3,2,unknown,1,Nabaydacu,no,0,Nabaydacu,4911,rio_grande
3330,MOH,laurentian,totemism,no,2,2,unknown,1,Kaniatarowanen,yes,0,Ahkwesahsne,4912,ohio
3331,USA,yuchi,totemism,no,3,2,unknown,1,Aniyutsi,no,0,Aniyutsi,4913,mississippi_river
3332,Unowned,wichita,totemism,no,3,2,unknown,1,Neozho,no,0,Neozho,4914,mississippi_river
3333,Unowned,pawnee,totemism,no,3,2,unknown,1,Pitahawirata,no,0,Pitahawirata,4915,mississippi_river
3334,Unowned,pawnee,totemism,no,3,2,unknown,1,Panka,no,0,Panka,4916,mississippi_river
3335,Unowned,salish,totemism,no,3,2,unknown,1,Selis,no,0,Selis,4917,james_bay
3336,Unowned,kiowa,totemism,no,3,2,unknown,1,Hunkpapha,no,0,Hunkpapha,4918,james_bay
3337,NAK,nakota,totemism,no,3,2,unknown,1,Sihabi,yes,0,Sihabi,4919,james_bay
3338,CAS,arawak,animism,no,4,5,unknown,1,PuertoRico,yes,1,PuertoRico,492,carribean_trade
3339,Unowned,nakota,totemism,no,3,2,unknown,1,Wadopabina,no,0,Wadopabina,4920,james_bay
3340,GBR,shawnee,totemism,no,3,2,unknown,1,Kuttawa,no,0,Kuttawa,4921,ohio
3341,USA,miami,totemism,no,3,2,unknown,1,Pepikokia,yes,0,Pepikokia,4922,ohio
3342,PCH,yoron,totemism,no,1,1,unknown,1,Satsukhdin,yes,0,Pacaha,4923,mississippi_river
3343,Unowned,Unowned,Unowned,no,0,0,,0,LaurentianMassif,no,0,LaurentianMassif,4924,
3344,Unowned,Unowned,Unowned,no,0,0,,0,WhiteMountains,no,0,WhiteMountains,4925,
3345,Unowned,Unowned,Unowned,no,0,0,,0,Adirondacks,no,0,Adirondacks,4926,
3346,Unowned,Unowned,Unowned,no,0,0,,0,BlueMountains,no,0,BlueMountains,4927,
3347,Unowned,Unowned,Unowned,no,0,0,,0,AlleghenyFront,no,0,AlleghenyFront,4928,
3348,Unowned,Unowned,Unowned,no,0,0,,0,Appalachians,no,0,Appalachians,4929,
3349,CAS,arawak,animism,no,4,4,unknown,1,St,yes,0,St,493,carribean_trade
3350,Unowned,Unowned,Unowned,no,0,0,,0,Alleghenies,no,0,Alleghenies,4930,
3351,Unowned,Unowned,Unowned,no,0,0,,0,CumberlandMountains,no,0,CumberlandMountains,4931,
3352,Unowned,Unowned,Unowned,no,0,0,,0,GreatSmokyMountains,no,0,GreatSmokyMountains,4932,
3353,Unowned,Unowned,Unowned,no,0,0,,0,BlueRidge,no,0,BlueRidge,4933,
3354,MAU,polynesian,animism,no,2,2,naval_supplies,1,Lahaina,yes,0,Maui,4934,polynesia_node
3355,OAH,polynesian,animism,no,2,2,cloth,1,Honolulu,yes,1,Oahu,4935,polynesia_node
3356,KAA,polynesian,animism,no,2,2,fish,1,Tapaa,yes,0,Kauai,4936,polynesia_node
3357,LAI,melanesian,animism,no,1,1,livestock,1,Bau,yes,0,Lau,4937,polynesia_node
3358,VNL,melanesian,animism,no,2,2,fish,1,Labasa,yes,0,VanuaLevu,4938,polynesia_node
3359,MAA,maori,animism,no,3,4,naval_supplies,1,Tauwhare,yes,0,TeUrewera,4939,polynesia_node
3360,FRA,arawak,animism,no,4,4,unknown,1,St,yes,0,St,494,carribean_trade
3361,Unowned,Unowned,Unowned,no,0,0,,0,LakeTulare,no,0,LakeTulare,4940,
3362,Unowned,Unowned,Unowned,no,0,0,,0,LakeCahuilla,no,0,LakeCahuilla,4941,
3363,ENG,carib,animism,no,4,5,unknown,1,Antigua,yes,0,Antigua,495,carribean_trade
3364,FRA,carib,animism,no,4,5,unknown,1,Guadeloupe,yes,0,Guadeloupe,496,carribean_trade
3365,FRA,carib,animism,no,4,5,unknown,1,Dominica,yes,0,Dominica,497,carribean_trade
3366,CAS,carib,animism,no,4,5,unknown,1,Martinique,yes,0,Martinique,498,carribean_trade
3367,ENG,carib,animism,no,4,5,unknown,1,St,yes,0,St,499,carribean_trade
3368,SWE,swedish,catholic,no,1,1,iron,1,Karlstad,yes,0,Varmland,5,baltic_sea
3369,BRA,saxon,catholic,yes,4,4,cloth,4,Berlin-Cölln,yes,1,Berlin,50,
3370,FRA,arawak,animism,no,4,5,unknown,1,St,yes,0,St,500,carribean_trade
3371,ENG,carib,animism,no,4,5,unknown,1,Barbados,yes,0,Barbados,501,carribean_trade
3372,CAS,carib,animism,no,4,5,unknown,1,Trinidad,yes,0,Trinidad,502,amazonas_node
3373,KAT,saurashtri,hinduism,no,1,1,salt,1,Lakhiyarvira,yes,0,Kutch,503,gujarat
3374,SND,sindhi,sunni,no,4,4,cloth,2,Thatta,yes,0,Thatta,504,gujarat
3375,SND,sindhi,sunni,no,2,2,,2,Sehwan,yes,0,Sehwan,505,gujarat
3376,MUL,panjabi,sunni,no,5,5,,2,Multan,yes,1,Multan,506,lahore
3377,SRH,panjabi,hinduism,no,10,10,silk,3,Lahore,yes,2,Lahore,507,lahore
3378,KSH,kashmiri,hinduism,no,3,3,paper,1,Srinagar,yes,0,Kashmir,508,lahore
3379,KGR,pahari,hinduism,no,2,2,cotton,1,Kangra,yes,0,Kangra,509,doab
3380,BRA,saxon,catholic,yes,2,2,livestock,1,Neuruppin,yes,0,Ruppin,51,
3381,SRH,panjabi,hinduism,no,4,4,cotton,2,Sirhind,yes,1,Sirhind,510,lahore
3382,GHR,pahari,hinduism,no,1,1,cotton,1,Devalgarh,yes,0,Garhwal,511,doab
3383,JAN,rajput,hinduism,no,1,1,livestock,1,Pugal,yes,0,Jangladesh,512,gujarat
3384,JSL,rajput,hinduism,no,1,1,wool,1,Jaisalmer,yes,0,Jaisalmer,513,gujarat
3385,MAW,rajput,hinduism,no,2,2,cotton,2,Mandore,yes,0,Marwar,514,gujarat
3386,JGD,saurashtri,hinduism,no,3,3,iron,2,Girnar,yes,0,Girnar,515,gujarat
3387,GUJ,gujarati,hinduism,no,4,4,dyes,1,Baroda,yes,0,Baroda,516,gujarat
3388,GUJ,gujarati,hinduism,no,5,5,silk,1,Surat,yes,2,Surat,517,gujarat
3389,MER,rajput,hinduism,no,2,2,grain,1,Chittor,yes,1,Chittor,518,gujarat
3390,DHU,rajput,hinduism,no,3,3,copper,2,Amber,yes,1,Dhundar,519,doab
3391,MAG,saxon,catholic,yes,4,4,cloth,2,Magdeburg,yes,2,Magdeburg,52,
3392,MEW,rajput,hinduism,no,1,1,glass,2,Alwar,yes,0,Mewat,520,doab
3393,KAT,saurashtri,hinduism,no,2,2,dyes,1,Rajkot,yes,0,Kathiawar,521,gujarat
3394,DLH,kanauji,hinduism,no,9,9,silk,4,Delhi,no,2,Delhi,522,doab
3395,JNP,avadhi,hinduism,no,4,4,,2,Lucknow,yes,0,Oudh,523,doab
3396,DLH,kanauji,hinduism,no,10,10,silk,4,Mathura,yes,2,CentralDoab,524,doab
3397,GWA,vindhyan,hinduism,no,3,3,dyes,2,Gwalior,yes,0,Gird,525,doab
3398,MLW,malvi,hinduism,no,5,5,dyes,3,Mandu,yes,0,Mandu,526,deccan
3399,KHD,marathi,hinduism,no,5,5,cloth,2,Burhanpur,yes,2,Khandesh,527,deccan
3400,HAD,rajput,hinduism,no,2,2,cotton,1,Kota,yes,0,Hadoti,528,doab
3401,BAH,marathi,hinduism,no,4,4,cloth,1,Thana,yes,1,NorthKonkan,529,gujarat
3402,LUN,lower_saxon,catholic,yes,3,3,salt,2,Lüneburg,yes,0,Luneburg,53,
3403,BAH,marathi,hinduism,no,4,4,spices,2,Dabhol,yes,0,SouthKonkan,530,gujarat
3404,VIJ,kannada,hinduism,no,3,3,spices,1,Bhatkal,yes,1,NorthKanara,531,comorin_cape
3405,VIJ,kannada,hinduism,no,5,5,cloth,3,Raichur,yes,0,RaichurDoab,532,deccan
3406,MYS,kannada,hinduism,no,3,3,iron,2,Ummatur,yes,0,Mysore,533,comorin_cape
3407,MAB,malayalam,hinduism,no,3,3,spices,1,Calicut,yes,2,Malabar,534,comorin_cape
3408,KOC,malayalam,hinduism,no,3,3,spices,2,Kochin,yes,0,Kochin,535,comorin_cape
3409,MAD,tamil,hinduism,no,4,4,silk,3,Madurai,yes,1,Madurai,536,comorin_cape
3410,VND,malayalam,hinduism,no,2,1,spices,2,Quilon,yes,0,Venad,537,comorin_cape
3411,VIJ,tamil,hinduism,no,2,2,,2,Karur,yes,0,Kongu,538,comorin_cape
3412,VIJ,tamil,hinduism,no,4,4,cloth,2,Pulicat,yes,2,Tondainadu,539,comorin_cape
3413,VER,lower_saxon,catholic,yes,2,2,fish,2,Stade,yes,0,Stade,54,
3414,VIJ,tamil,hinduism,no,4,4,cloth,3,Kuddaluru,yes,2,Coromandel,540,comorin_cape
3415,VIJ,kannada,hinduism,no,6,6,grain,4,Vijayanagar,yes,1,Vijayanagar,541,comorin_cape
3416,GOC,telegu,hinduism,no,5,5,,1,Golconda,yes,1,Golconda,542,deccan
3417,YOR,telegu,hinduism,no,4,4,gems,3,Masulipatnam,yes,1,Velanadu,543,comorin_cape
3418,BAH,marathi,hinduism,no,4,4,cotton,1,Ahmednagar,yes,0,Ahmadnagar,544,deccan
3419,BAH,marathi,hinduism,no,4,3,paper,1,Daulatabad,yes,2,Marathwada,545,deccan
3420,BAH,gondi,hinduism,no,3,3,cotton,3,Wairagarh,yes,0,EastBerar,546,deccan
3421,BST,gondi,hinduism,no,1,1,tropical_wood,2,Jagdalpur,yes,0,Bastar,547,ganges_delta
3422,BAH,marathi,hinduism,no,2,2,copper,1,Illichpur,yes,0,WestBerar,548,deccan
3423,ORI,telegu,hinduism,no,3,3,cotton,2,Vizianagaram,yes,1,Kalingandhra,549,comorin_cape
3424,OLD,hannoverian,catholic,yes,3,2,salt,2,Oldenburg,yes,0,Oldenburg,55,
3425,GDW,gondi,hinduism,no,3,3,grain,3,Garha,yes,0,Mahakoshal,550,deccan
3426,GDW,gondi,hinduism,no,3,2,tropical_wood,3,Mandla,yes,0,Mandla,551,deccan
3427,ORI,oriya,hinduism,no,6,6,cloth,2,Cuttack,yes,1,Cuttack,552,ganges_delta
3428,PTT,garjati,hinduism,no,2,3,cloth,3,Sambalpur,yes,1,Sambalpur,553,ganges_delta
3429,JML,nepali,hinduism,no,2,2,wool,1,Jumbla,yes,0,BaisiRajya,554,doab
3430,JNP,avadhi,hinduism,no,6,6,,2,Jaunpur,yes,0,Jaunpur,555,doab
3431,JNP,avadhi,hinduism,no,6,6,cloth,2,Allahabad,yes,2,LowerDoab,556,doab
3432,KTU,nepali,hinduism,no,3,3,incense,2,Kathmandu,yes,1,Katmandu,557,lhasa
3433,JNP,bihari,hinduism,no,5,5,,2,Patna,yes,2,Patna,558,ganges_delta
3434,KLP,vindhyan,hinduism,no,3,3,iron,2,Jhansi,yes,0,Bundelkhand,559,doab
3435,MUN,hannoverian,catholic,yes,3,4,salt,2,Osnabrück,yes,0,Osnabruck,56,
3436,NGP,jharkhandi,hinduism,no,2,2,iron,1,Palamau,yes,0,Jharkand,560,ganges_delta
3437,BNG,bengali,hinduism,no,5,5,silk,2,Howrah,yes,1,BengalDelta,561,ganges_delta
3438,KMT,kochi,hinduism,no,3,3,grain,3,Kamatapur,yes,0,KochBehar,562,ganges_delta
3439,BNG,bengali,hinduism,no,6,6,,4,Pandua,yes,2,Gauda,563,ganges_delta
3440,BNG,bengali,hinduism,no,5,5,cloth,3,Dakha,yes,1,Dakha,564,ganges_delta
3441,PHA,tibetan,vajrayana,no,2,2,wool,1,Bhutan,yes,0,Bhutan,565,lhasa
3442,ASS,assamese,hinduism,no,4,4,grain,3,Charaideo,yes,0,Assam,566,burma
3443,BNG,bengali,hinduism,no,3,3,cotton,2,Sylhet,yes,0,Silhet,567,burma
3444,BNG,bengali,Unowned,no,5,5,cotton,3,Chittagong,yes,3,Chittagong,568,ganges_delta
3445,BAH,kannada,hinduism,no,5,5,cotton,3,Bijapur,yes,1,Bijapur,569,deccan
3446,BRU,lower_saxon,catholic,yes,3,3,iron,3,Braunschweig,yes,0,Brunswick,57,
3447,KAC,chin,hinduism,no,2,2,tropical_wood,2,Dimapur,yes,0,Naga,570,burma
3448,ASS,assamese,hinduism,no,3,3,silk,3,Koliabar,yes,0,Darrang,571,burma
3449,CEY,sinhala,buddhism,no,3,2,,2,Kotte,yes,1,Kotte,572,comorin_cape
3450,KAC,chin,hinduism,no,1,1,grain,1,Maibang,yes,0,Cachar,573,burma
3451,DAN,Unowned,animism,no,1,1,unknown,1,Frederiksøerne,yes,0,TheAndamans,574,comorin_cape
3452,BAL,baluchi,sunni,no,1,1,fish,1,Gwadar,yes,0,EasternMakran,575,hormuz
3453,BAL,baluchi,sunni,no,3,3,dyes,4,Kalat,yes,0,Kalat,576,lahore
3454,BAL,baluchi,sunni,no,3,3,grain,3,Quetta,yes,0,Quetta,577,lahore
3455,AFG,afghani,sunni,no,4,4,livestock,2,Peshawar,yes,1,Roh,578,lahore
3456,ARK,arakanese,buddhism,no,4,4,grain,2,MraukU,yes,1,MraukU,579,ganges_delta
3457,ANH,saxon,catholic,yes,2,2,wool,2,Dessau,yes,0,Anhalt,58,
3458,KAL,chin,animism,no,3,3,ivory,1,Kale,yes,0,Kale,580,burma
3459,AVA,burmese,buddhism,no,5,5,cotton,4,Sagaing,yes,0,Sagaing,581,burma
3460,MYA,shan,buddhism,no,3,3,copper,3,MongYang,yes,0,MongYang,582,burma
3461,HSE,shan,buddhism,no,3,3,tropical_wood,3,Hsenwi,yes,0,Hsenwi,583,burma
3462,AVA,burmese,buddhism,no,6,6,,4,Ava,yes,2,Ava,584,burma
3463,TAU,burmese,buddhism,no,5,5,chinaware,4,Toungoo,yes,0,Taungoo,585,burma
3464,PEG,mon,buddhism,no,5,4,spices,3,Pegu,yes,1,Pegu,586,burma
3465,HSE,shan,animism,no,1,1,tropical_wood,2,Kengtung,yes,0,Kengtung,587,burma
3466,MNI,shan,buddhism,no,2,2,cotton,2,MongNai,yes,0,MongNai,588,burma
3467,LNA,northern_thai,buddhism,no,7,5,ivory,5,ChiangMai,yes,0,ChiangMai,589,gulf_of_siam
3468,SAX,saxon,catholic,yes,4,4,wool,2,Wittenberg,yes,0,Wittenberg,59,
3469,PEG,mon,buddhism,no,3,3,sugar,2,Martaban,yes,0,Moulmein,590,burma
3470,AYU,mon,buddhism,no,4,4,naval_supplies,2,Tavoy,yes,0,Tavoy,591,gulf_of_siam
3471,AYU,central_thai,buddhism,no,3,3,grain,3,Ratchaburi,yes,0,Ratchaburi,592,gulf_of_siam
3472,LIG,central_thai,buddhism,no,5,5,tropical_wood,2,NakhonSiThammarat,yes,0,NakhonSiThammarat,593,malacca
3473,PAT,malayan,sunni,no,6,6,tropical_wood,3,Pattani,yes,1,Pattani,594,malacca
3474,MLC,malayan,sunni,no,5,5,copper,2,Perak,yes,0,Perak,595,malacca
3475,MLC,malayan,sunni,no,7,7,spices,3,Malacca,yes,2,Malacca,596,malacca
3476,MLC,malayan,sunni,no,5,5,chinaware,2,Johor,yes,0,Johor,597,malacca
3477,PAH,malayan,sunni,no,2,2,fish,1,Pahang,yes,0,Pahang,598,malacca
3478,KEL,malayan,sunni,no,2,2,naval_supplies,2,Kelantan,yes,0,Kelantan,599,malacca
3479,DAN,danish,catholic,no,7,7,,6,Lund,yes,0,Skane,6,
3480,BOH,sorbian,catholic,yes,2,2,cloth,1,Budyšín,yes,0,Lausitz,60,
3481,AYU,central_thai,buddhism,no,8,8,ivory,4,Ayutthaya,yes,2,Ayutthaya,600,gulf_of_siam
3482,SUK,central_thai,buddhism,no,6,6,chinaware,3,Sukhothai,yes,0,Sukhothai,601,gulf_of_siam
3483,LNA,northern_thai,buddhism,no,5,4,grain,3,ChiangRai,yes,0,ChiangRai,602,gulf_of_siam
3484,AYU,central_thai,buddhism,no,4,4,,3,NakhonThungYai,yes,0,NakhonThungYai,603,gulf_of_siam
3485,KHM,khmer,buddhism,no,4,4,incense,2,Oudong,yes,0,Oudong,604,gulf_of_siam
3486,KHM,khmer,hinduism,no,4,4,tropical_wood,3,PreyNokor,yes,0,PreyNokor,605,gulf_of_siam
3487,CHA,cham,hinduism,no,4,4,fish,2,Panduranga,yes,0,Panduranga,606,gulf_of_siam
3488,CHA,cham,hinduism,no,5,5,tropical_wood,2,Vijaya,yes,1,Vijaya,607,gulf_of_siam
3489,LXA,lao,animism,no,2,2,ivory,1,Attapeu,yes,0,Attapeu,608,gulf_of_siam
3490,KHM,khmer,hinduism,no,3,2,tropical_wood,1,Angkor,yes,0,Angkor,609,gulf_of_siam
3491,MEI,saxon,catholic,yes,6,6,iron,2,Meissen,yes,1,Dresden,61,
3492,DAI,vietnamese,mahayana,no,7,4,grain,4,ThanhHoa,yes,0,ThanhHoa,610,canton
3493,LXA,lao,animism,no,2,2,grain,2,Sikhottabong,yes,0,Sikhottabong,611,gulf_of_siam
3494,AYU,khmer,buddhism,no,2,2,silk,1,Khorat,yes,0,Khorat,612,gulf_of_siam
3495,DAI,vietnamese,mahayana,no,9,7,chinaware,4,DongKinh,yes,1,DongKinh,613,canton
3496,LXA,lao,buddhism,no,5,5,grain,4,Vientiane,yes,1,Vientiane,614,gulf_of_siam
3497,LXA,lao,animism,no,4,4,chinaware,3,LuangPrabang,yes,0,LuangPrabang,615,gulf_of_siam
3498,DAI,zhuang,mahayana,no,2,2,grain,3,CaoBang,yes,0,CaoBang,616,canton
3499,PSA,acehnese,sunni,no,4,4,spices,3,Lamuri,yes,1,Lamuri,617,malacca
3500,DLI,sumatran,sunni,no,3,3,spices,2,Riau,yes,0,Deli,618,malacca
3501,BRS,sumatran,hinduism,no,2,2,incense,2,Batak,yes,0,Batak,619,malacca
3502,SAX,saxon,catholic,yes,4,4,wool,2,Leipzig,yes,0,Leipzig,62,
3503,SAK,sumatran,sunni,no,5,5,chinaware,3,Siak,yes,1,Siak,620,malacca
3504,BAN,sumatran,hinduism,no,3,3,unknown,2,Bengkulu,yes,0,Bengkulu,621,malacca
3505,PLB,sumatran,hinduism,no,6,5,unknown,2,Palembang,yes,1,Palembang,622,malacca
3506,PLB,sumatran,hinduism,no,1,5,spices,1,Tulangbewang,yes,0,Tulangbewang,623,malacca
3507,SUN,sundanese,hinduism,no,4,4,spices,3,Banten,yes,1,Banten,624,the_moluccas
3508,SUN,sundanese,hinduism,no,4,4,tropical_wood,2,Ciamis,yes,0,Ciamis,625,the_moluccas
3509,MAJ,javanese,hinduism,no,5,5,grain,3,Karta,yes,0,Karta,626,the_moluccas
3510,BLM,javanese,hinduism,no,4,4,cotton,3,Blambangan,yes,0,Blambangan,627,the_moluccas
3511,MAJ,javanese,hinduism,no,5,5,cotton,3,Surabaya,yes,0,Surabaya,628,the_moluccas
3512,MAJ,javanese,hinduism,no,5,5,cotton,3,Demak,yes,1,Demak,629,the_moluccas
3513,THU,saxon,catholic,yes,5,4,,3,Erfurt,yes,1,Erfurt,63,
3514,SUN,sundanese,hinduism,no,4,4,spices,2,Kalapa,yes,2,Kalapa,630,the_moluccas
3515,BLI,nusa_tenggara,hinduism,no,3,3,cloth,3,Gianyar,yes,0,Bali,631,the_moluccas
3516,Unowned,nusa_tenggara,animism,no,3,3,unknown,2,Sumbawa,no,0,Sumbawa,632,the_moluccas
3517,POR,nusa_tenggara,animism,no,4,4,unknown,3,Flores,yes,0,Flores,633,the_moluccas
3518,Unowned,nusa_tenggara,animism,no,2,2,unknown,1,Sumba,no,0,Sumba,634,the_moluccas
3519,POR,nusa_tenggara,animism,no,3,3,unknown,3,Lifau,yes,0,WestTimor,635,the_moluccas
3520,BEI,bornean,sunni,no,5,5,spices,3,Brunei,yes,2,Brunei,636,malacca
3521,BEI,bornean,sunni,no,3,3,spices,3,Api-Api,yes,0,Api,637,malacca
3522,KUT,bornean,hinduism,no,5,5,fish,3,Kutai,yes,0,Kutai,638,malacca
3523,BNJ,bornean,hinduism,no,4,4,unknown,3,Banjar,yes,0,Banjar,639,malacca
3524,LBV,bavarian,catholic,yes,5,5,salt,2,Landshut,yes,0,Landshut,64,
3525,SMB,bornean,hinduism,no,3,3,unknown,3,Pontianak,yes,0,Pontianak,640,malacca
3526,MKS,sulawesi,animism,no,5,6,spices,3,Makassar,yes,2,Makassar,641,the_moluccas
3527,LUW,sulawesi,animism,no,3,3,spices,3,Kolaka,yes,0,Kendari,642,the_moluccas
3528,NED,sulawesi,animism,no,4,4,unknown,2,Poso,yes,0,Poso,643,the_moluccas
3529,TER,sulawesi,animism,no,4,4,unknown,2,Manado,yes,0,Manado,644,the_moluccas
3530,NED,moluccan,animism,no,2,2,unknown,1,Buru,yes,0,Buru,645,the_moluccas
3531,POR,moluccan,animism,no,5,5,unknown,2,Ambon,yes,0,Ambon,646,the_moluccas
3532,NED,moluccan,animism,no,3,3,unknown,1,Ceram,yes,0,Ceram,647,the_moluccas
3533,NED,moluccan,animism,no,2,2,unknown,1,Halmahera,yes,0,Halmahera,648,the_moluccas
3534,TER,moluccan,animism,no,5,5,cloves,3,Ternate,yes,0,Ternate,649,the_moluccas
3535,UBV,bavarian,catholic,yes,6,5,grain,4,München,yes,0,Munchen,65,
3536,TID,moluccan,animism,no,5,5,cloves,3,Tidore,yes,0,Tidore,650,the_moluccas
3537,SUL,filipino,sunni,no,4,4,unknown,3,Jolo,yes,1,Sulu,651,philippines
3538,MGD,filipino,animism,no,5,5,spices,3,Maguindanao,yes,0,Maguindanao,652,philippines
3539,MGD,filipino,animism,no,3,3,spices,2,Marawi,yes,0,Lanao,653,philippines
3540,SPA,filipino,animism,no,2,2,unknown,1,Samar,yes,0,Samar,654,philippines
3541,BEI,filipino,sunni,no,3,3,sugar,2,Palawan,yes,0,Palawan,655,philippines
3542,MNA,filipino,sunni,no,5,5,spices,2,Manila,yes,2,Manila,656,philippines
3543,SPA,filipino,animism,no,2,2,unknown,2,Ilocos,yes,0,Ilocos,657,philippines
3544,SPA,filipino,animism,no,2,2,unknown,2,Cagayan,yes,0,Cagayan,658,philippines
3545,JMB,sumatran,sunni,no,1,1,fish,1,Lingga,yes,0,Lingga,659,malacca
3546,BAM,franconian,catholic,yes,2,2,wine,2,Bamberg,yes,0,Bamberg,66,
3547,MMA,shan,buddhism,no,3,3,tea,2,Sibsongbanna,yes,0,Sibsongbanna,660,chengdu
3548,MNG,bai,buddhism,no,3,3,tea,3,Dali,yes,1,Dali,661,chengdu
3549,MNG,bai,buddhism,no,6,5,copper,3,Kunming,yes,1,Yunnan,662,canton
3550,MNG,bai,buddhism,no,1,1,copper,1,Guangnan,yes,0,Guangnan,663,canton
3551,MNG,zhuang,confucianism,no,1,1,tea,1,Lingyun,yes,0,Lingyun,664,canton
3552,MNG,cantonese,confucianism,no,4,4,chinaware,3,Shiuhing,yes,0,Shiuhing,665,canton
3553,MNG,chimin,confucianism,no,1,1,tropical_wood,1,Kingchow,yes,0,Kiungchow,666,canton
3554,MNG,cantonese,confucianism,no,12,12,incense,3,Canton,yes,3,Canton,667,canton
3555,MNG,cantonese,confucianism,no,3,3,fish,1,Macau,yes,1,Macau,668,canton
3556,MNG,chimin,confucianism,no,8,8,tea,3,Fuzhou,yes,1,Fuzhou,669,hangzhou
3557,NUM,franconian,catholic,yes,8,8,paper,3,Nürnberg,yes,2,Nurnberg,67,
3558,MNG,hakka,confucianism,no,4,4,grain,2,Ganzhou,yes,0,Ganzhou,670,hangzhou
3559,MNG,xiang,confucianism,no,6,6,grain,4,Changsha,yes,1,Changsha,671,canton
3560,MNG,xiang,confucianism,no,3,3,cotton,2,Wulin,yes,0,Wulin,672,canton
3561,MNG,miao,animism,no,1,1,tea,1,Zhenyuan,yes,0,Zhenyuan,673,canton
3562,MNG,yi,animism,no,3,3,iron,2,Guiyang,yes,0,Guiyang,674,canton
3563,MNG,yi,animism,no,1,1,copper,3,Umung,yes,0,Umung,675,chengdu
3564,UTS,tibetan,vajrayana,no,2,2,incense,2,Shigatse,yes,0,Shigatse,676,lhasa
3565,UTS,tibetan,vajrayana,no,0,0,cloth,3,Lhasa,yes,2,Lhasa,677,lhasa
3566,KAM,tibetan,vajrayana,no,2,2,tea,2,Tachienlu,yes,0,Tachienlu,678,chengdu
3567,MNG,sichuanese,confucianism,no,9,9,silk,3,Chengdu,yes,2,Chengdu,679,chengdu
3568,MEM,swabian,catholic,yes,5,5,cloth,3,Memmingen,yes,0,Memmingen,68,
3569,MNG,sichuanese,confucianism,no,8,8,spices,4,Chongqing,yes,1,Chongqing,680,chengdu
3570,MNG,sichuanese,confucianism,no,3,3,tea,2,Yichang,yes,0,Yichang,681,xian
3571,MNG,hubei,confucianism,no,8,8,salt,3,Wuchang,yes,1,Wuchang,682,xian
3572,MNG,gan,confucianism,no,6,6,paper,3,Nanchang,yes,1,Nanchang,683,hangzhou
3573,MNG,wu,confucianism,no,12,12,silk,3,Hangzhou,yes,2,Hangzhou,684,hangzhou
3574,MNG,jianghuai,confucianism,no,12,12,salt,2,Yangzhou,yes,0,Yangzhou,685,hangzhou
3575,MNG,jianghuai,confucianism,no,6,6,cloth,2,Anqing,yes,0,Anqing,686,hangzhou
3576,MNG,zhongyuan,confucianism,no,4,4,,2,Nanyang,yes,0,Nanyang,687,xian
3577,MNG,zhongyuan,confucianism,no,8,8,chinaware,4,Kaifeng,yes,0,Kaifeng,688,xian
3578,MNG,xibei,confucianism,no,4,4,iron,3,Hanzhong,yes,0,Hanzhong,689,xian
3579,RVA,hannoverian,catholic,yes,6,5,cloth,1,Dortmund,yes,1,Dortmund,69,
3580,MNG,shandong_culture,confucianism,no,5,4,iron,3,Qingzhou,yes,0,Qingzhou,690,beijing
3581,MNG,shandong_culture,confucianism,no,5,5,cloth,3,Jinan,yes,0,Jinan,691,beijing
3582,MNG,jin,confucianism,no,3,3,grain,2,Huaiqing,yes,0,Huaiqing,692,xian
3583,MNG,jin,confucianism,no,6,6,iron,3,Taiyuan,yes,1,Taiyuan,693,beijing
3584,MNG,jin,confucianism,no,3,2,iron,2,Pingyang,yes,0,Pingyang,694,beijing
3585,MNG,chihan,confucianism,no,3,3,salt,2,Hejian,yes,0,Hejian,695,beijing
3586,MNG,chihan,confucianism,no,3,3,chinaware,2,Baoding,yes,0,Baoding,696,beijing
3587,MNG,jin,confucianism,no,4,4,iron,3,Datong,yes,0,Datong,697,beijing
3588,MNG,mongol,confucianism,no,3,2,salt,2,Ningxia,yes,0,Ningxia,698,xian
3589,MNG,xibei,confucianism,no,6,6,grain,3,Lanzhou,yes,0,Lanzhou,699,xian
3590,SWE,swedish,catholic,no,2,2,grain,2,Skara,yes,0,Skaraborg,7,
3591,WUR,swabian,catholic,yes,4,4,grain,3,Stuttgart,yes,0,Wurttemberg,70,
3592,MNG,xibei,confucianism,no,7,7,grain,3,Xi'an,yes,2,Xi'an,700,xian
3593,MNG,mongol,vajrayana,no,2,2,livestock,1,Ordos,yes,0,Ordos,701,xian
3594,MNG,mongol,vajrayana,no,4,4,iron,4,Hohhot,yes,0,Hohhot,702,beijing
3595,KRC,chahar,vajrayana,no,3,3,livestock,1,Chengde,yes,0,Chengde,703,beijing
3596,MNG,chihan,confucianism,no,2,2,grain,2,Ningyuan,yes,0,Ningyuan,704,beijing
3597,KAM,tibetan,vajrayana,no,1,1,wool,2,Gyegu,yes,0,Gyegu,705,lhasa
3598,SYG,oirats,vajrayana,no,1,1,salt,1,Tsaidam,yes,0,Tsaidam,706,lhasa
3599,HMI,oirats,vajrayana,no,2,2,livestock,1,Yumen,yes,2,Yumen,707,yumen
3600,MNG,xibei,confucianism,no,3,3,livestock,1,Zhangye,yes,0,Gansu,708,yumen
3601,OIR,mongol,vajrayana,no,1,1,,2,Alxa,yes,0,Alxa,709,xian
3602,ANS,franconian,catholic,yes,3,3,salt,2,Ansbach,yes,0,Ansbach,71,
3603,KAS,uyghur,sunni,no,2,2,,3,Hotan,yes,1,Hotan,710,yumen
3604,KAS,uyghur,vajrayana,no,1,1,livestock,2,Qarqan,yes,0,Qarqan,711,yumen
3605,KAS,uyghur,sunni,no,2,2,cotton,2,Aksu,yes,0,Aksu,712,yumen
3606,CHG,uyghur,tengri_pagan_reformed,no,2,2,salt,2,Bechbaliq,yes,0,Bechbaliq,713,yumen
3607,OIR,oirats,tengri_pagan_reformed,no,1,1,livestock,2,Hoboksar,yes,0,Hoboksar,714,yumen
3608,CHG,uyghur,tengri_pagan_reformed,no,2,2,grain,3,Urumqi,yes,0,Urumqi,715,yumen
3609,KHA,buryat,tengri_pagan_reformed,no,1,1,fur,1,TannuUriankhai,yes,0,TannuUriankhai,716,siberia
3610,KHA,khalkha,tengri_pagan_reformed,no,1,1,livestock,1,Kherlen,yes,0,Kherlen,717,yumen
3611,KHA,oirats,tengri_pagan_reformed,no,2,2,cloth,2,Kobdo,yes,0,Kobdo,718,yumen
3612,KHA,khalkha,tengri_pagan_reformed,no,3,3,wool,3,Uliastai,yes,0,Uliastai,719,yumen
3613,HAB,swabian,catholic,yes,4,4,glass,3,Freiburg,yes,0,Breisgau,72,
3614,KHA,khalkha,tengri_pagan_reformed,no,1,1,livestock,2,Dornogovi,yes,0,DornoGovi,720,yumen
3615,KHA,khalkha,tengri_pagan_reformed,no,2,1,livestock,2,Setsen,yes,0,Setsen,721,yumen
3616,KRC,chahar,vajrayana,no,1,2,livestock,2,Jirem,yes,0,Jirem,722,girin
3617,KHA,mongol,vajrayana,no,2,2,livestock,2,XilinGol,yes,0,XilinGol,723,yumen
3618,KHA,buryat,tengri_pagan_reformed,no,1,1,livestock,1,Hulunbuir,yes,0,Hulunbuir,724,girin
3619,KRC,chahar,tengri_pagan_reformed,no,4,4,naval_supplies,2,Cicigar,yes,0,Cicigar,725,girin
3620,MNG,manchu,confucianism,no,5,5,,2,Shenyang,yes,0,Shenyang,726,beijing
3621,MYR,manchu,tengri_pagan_reformed,no,3,3,fur,3,Aigun,yes,0,Aigun,727,girin
3622,MYR,manchu,tengri_pagan_reformed,no,1,2,livestock,2,Tuwan,yes,0,Tuwan,728,girin
3623,NHX,manchu,tengri_pagan_reformed,no,2,2,fish,2,Bohori,yes,0,Bohori,729,girin
3624,HAB,austrian,catholic,yes,3,4,gold,2,Innsbruck,yes,0,Tirol,73,
3625,MHX,manchu,confucianism,no,5,5,grain,5,Girin,yes,2,Girin,730,girin
3626,EJZ,manchu,tengri_pagan_reformed,no,3,3,naval_supplies,2,IlanHala,yes,0,IlanHala,731,girin
3627,KOR,korean,confucianism,no,1,1,fish,2,SouthHamgyeong,yes,0,SouthHamgyeong,732,nippon
3628,KOR,korean,confucianism,no,2,2,fish,2,Hwangju,yes,0,Hwangju,733,nippon
3629,KOR,korean,confucianism,no,1,1,chinaware,2,Wonju,yes,0,WestGangwon,734,nippon
3630,KOR,korean,confucianism,no,9,10,paper,6,Hanseong,yes,1,Hanseong,735,nippon
3631,KOR,korean,confucianism,no,4,3,cotton,2,Sangju,yes,0,Sangju,736,nippon
3632,KOR,korean,confucianism,no,4,4,chinaware,2,Jeonju,yes,0,Jeonju,737,nippon
3633,NED,polynesian,animism,no,4,4,unknown,2,Sakam,yes,0,Sakam,738,canton
3634,KAS,uyghur,sunni,no,2,2,wool,2,Kashgar,yes,2,Kashgar,739,samarkand
3635,BAD,swabian,catholic,yes,3,3,wine,2,Baden,yes,0,Baden,74,
3636,MLW,malvi,hinduism,no,3,2,,1,Chanderi,yes,0,Chanderi,740,doab
3637,SPA,carib,animism,no,1,2,unknown,1,Cumana,yes,0,Cumana,741,carribean_trade
3638,SPA,carib,animism,no,2,1,unknown,1,Angostura,yes,0,Guayana,742,amazonas_node
3639,ARW,guajiro,animism,no,1,1,sugar,1,Essequibo,yes,0,Essequibo,743,amazonas_node
3640,NED,guajiro,animism,no,1,1,unknown,1,Demerara,yes,0,Demerara,744,amazonas_node
3641,SPA,guajiro,animism,no,1,1,unknown,1,Paramaribo,yes,0,Suriname,745,amazonas_node
3642,NED,cosmopolitan_french,animism,no,1,1,unknown,1,Cayenne,yes,0,Cayenne,746,amazonas_node
3643,POR,guajiro,animism,no,1,2,unknown,1,Amapa,yes,0,Tucujulandia,747,amazonas_node
3644,TPA,tupinamba,animism,no,1,2,cocoa,1,Belém,yes,0,GraoPara,748,amazonas_node
3645,FRA,ge,animism,no,3,3,unknown,1,Maranhao,yes,0,Maranhao,749,amazonas_node
3646,ALS,swabian,catholic,yes,6,6,paper,4,Straßburg,yes,1,Elsass,75,
3647,POR,ge,animism,no,1,2,unknown,1,Crato,yes,0,Alpercatas,750,brazil
3648,PTG,tupinamba,animism,no,2,3,sugar,1,Ceara,yes,1,Ceara,751,brazil
3649,POR,ge,animism,no,1,2,unknown,1,Oeiras,no,0,Oeiras,752,amazonas_node
3650,POR,tupinamba,animism,no,3,3,unknown,1,RioGrande,yes,0,RioGrande,753,brazil
3651,POR,tupinamba,animism,no,2,4,unknown,1,Filipeia,no,0,Itamaraca,754,brazil
3652,POR,tupinamba,animism,no,3,5,unknown,2,Olinda,yes,1,Pernambuco,755,brazil
3653,POR,tupinamba,animism,no,3,5,unknown,2,Bahia,yes,1,Bahia,756,brazil
3654,TPQ,tupinamba,animism,no,2,4,cocoa,1,Ilheus,yes,0,Ilheus,757,brazil
3655,POR,ge,animism,no,1,2,unknown,1,Goias,yes,0,Goias,758,brazil
3656,POR,ge,animism,no,2,3,unknown,1,Diamentina,no,0,Diamentina,759,brazil
3657,SLZ,bavarian,catholic,yes,5,5,salt,4,Salzburg,yes,1,Salzburg,76,
3658,POR,ge,animism,no,2,4,unknown,1,PortoSeguro,yes,0,PortoSeguro,760,brazil
3659,TUA,ge,animism,no,2,3,cocoa,1,EspiritoSanto,yes,0,EspiritoSanto,761,brazil
3660,POR,tupinamba,animism,no,2,3,unknown,1,SaoTome,yes,0,SaoTome,762,brazil
3661,FRA,tupinamba,animism,no,4,5,unknown,1,RiodeJaneiro,yes,1,RiodeJaneiro,763,brazil
3662,POR,portugese,animism,no,1,2,unknown,1,SantoAmaro,yes,0,SantoAmaro,764,brazil
3663,POR,portugese,animism,no,2,3,unknown,1,Sabará,no,0,MinasGerais,765,brazil
3664,POR,tupinamba,animism,no,2,3,unknown,1,SaoVicente,yes,0,SaoVicente,766,brazil
3665,TEU,prussian,catholic,no,2,2,naval_supplies,2,Ortelsburg,yes,0,Ortelsburg,767,baltic_sea
3666,SPA,guarani,animism,no,1,1,unknown,1,Guayra,yes,0,Guayra,768,brazil
3667,POR,guarani,animism,no,2,3,unknown,1,Curitiba,yes,0,Curitiba,769,brazil
3668,PAL,hessian,catholic,yes,5,4,wine,4,Heidelberg,yes,0,Heidelberg,77,
3669,LIT,lithuanian,catholic,no,3,3,livestock,2,Breslauja,yes,0,Braslaw,770,kiev
3670,LIT,byelorussian,orthodox,no,2,2,grain,1,Vitebsk,yes,0,Vitebsk,771,kiev
3671,POR,charruan,animism,no,1,2,unknown,1,Paysandu,yes,0,Paysandu,772,laplata
3672,POR,charruan,animism,no,1,1,unknown,1,BandaOriente,yes,0,BandaOriente,773,laplata
3673,WAD,tunjur,Unowned,no,1,1,unknown,1,Al-Junaynahr,yes,0,AlJunaynahr,774,ethiopia
3674,SPA,guarani,animism,no,1,1,unknown,1,Asunción,no,1,Xeres,775,cuiaba
3675,SPA,guarani,animism,no,1,1,unknown,1,Concepcion,yes,0,Itenines,776,cuiaba
3676,SPA,guarani,animism,no,1,2,unknown,1,Corrientes,yes,0,Parana,777,laplata
3677,CUA,charruan,animism,no,4,1,grain,2,RiodelaPlata,yes,1,RiodelaPlata,778,laplata
3678,SPA,het,animism,no,1,1,unknown,1,Tandil,yes,0,Serranos,779,laplata
3679,MAI,hessian,catholic,yes,4,4,paper,2,Mainz,yes,1,Mainz,78,
3680,SPA,patagonian,animism,no,1,1,unknown,1,Candelaria,yes,1,Tehuelmapu,780,patagonia
3681,SPA,patagonian,animism,no,1,1,unknown,1,PatagoniaOriental,yes,0,PatagoniaOriental,781,patagonia
3682,Unowned,patagonian,animism,no,1,1,unknown,1,TierradelFuego,no,0,TierradelFuego,782,patagonia
3683,CHL,patagonian,animism,no,1,1,unknown,1,Alacaluf,yes,0,PatagoniaOccidental,783,patagonia
3684,MPC,mapuche,animism,no,1,1,fish,1,Huillimapu,yes,0,Huillimapu,784,patagonia
3685,SPA,mapuche,animism,no,1,1,unknown,1,Pehuenmapu,yes,0,Pehuenmapu,785,patagonia
3686,SPA,het,animism,no,1,1,unknown,1,Carmen,yes,0,SalinasGrande,786,patagonia
3687,INC,mapuche,animism,no,2,1,unknown,1,Picunmapu,yes,1,Pincunmapu,787,patagonia
3688,ZAN,swahili,sunni,no,3,3,ivory,1,Angoche,yes,0,Angoche,788,zanzibar
3689,Unowned,nguni,Unowned,no,1,1,unknown,1,Mtetwa,no,0,Mtetwa,789,cape_of_good_hope
3690,WBG,franconian,catholic,yes,4,4,wine,3,Würzburg,yes,0,Wurzburg,79,
3691,SPA,chacoan,animism,no,1,1,unknown,1,ChacoAustral,yes,0,ChacoAustral,790,laplata
3692,INC,diaguita,animism,no,2,2,unknown,1,Catamarca,yes,0,Catamarca,791,cuiaba
3693,INC,mapuche,animism,no,2,1,unknown,1,Copiapo,yes,0,Copiapo,792,cuiaba
3694,INC,diaguita,animism,no,2,1,unknown,1,Iquique,yes,0,Atacama,793,cuiaba
3695,CCQ,diaguita,inti,no,3,3,wool,1,Jujuy,yes,1,Jujuy,794,cuiaba
3696,CRA,aimara,inti,no,4,4,gold,2,Potosí,yes,0,Potosi,795,cuiaba
3697,INC,aimara,inti,no,2,2,unknown,1,Arica,yes,0,Arica,796,cuiaba
3698,PCJ,aimara,inti,no,2,2,copper,2,Caracara,yes,0,Caracara,797,cuiaba
3699,KON,mbundu,Unowned,no,2,2,grain,1,Nsoyo,yes,0,Nsoyo,798,kongo
3700,SPA,chacoan,animism,no,1,1,unknown,1,ChacoBoreal,yes,0,ChacoBoreal,799,cuiaba
3701,SWE,swedish,catholic,no,1,2,copper,2,Mora,yes,0,Dalaskogen,8,baltic_sea
3702,TRI,hessian,catholic,yes,5,5,grain,2,Trier,yes,0,Trier,80,
3703,SPA,maipurean,animism,no,1,1,unknown,1,Chiquitos,yes,0,Chiquitos,800,cuiaba
3704,SPA,guarani,animism,no,2,1,unknown,1,Caranga,yes,0,Caranga,801,cuiaba
3705,CLA,aimara,inti,no,4,4,cloth,1,Chuquiabo,yes,2,Chuquiabo,802,cuiaba
3706,SPA,guarani,animism,no,1,1,unknown,1,Moxos,yes,0,Moxos,803,cuiaba
3707,CLA,aimara,inti,no,2,2,gold,2,Hatuncolla,yes,0,Puno,804,cuiaba
3708,INC,aimara,inti,no,2,2,grain,1,Arequipa,yes,0,Arequipa,805,lima
3709,INC,inca,inti,no,1,1,fish,1,Nazca,yes,0,Nazca,806,lima
3710,CSU,inca,inti,no,3,3,grain,2,Abancay,yes,0,Huamanga,807,lima
3711,CSU,inca,inti,no,6,6,gold,2,Cuzco,yes,1,Cuzco,808,lima
3712,ICM,inca,inti,no,3,2,cloth,1,Lima,yes,2,Lima,809,lima
3713,HES,hessian,catholic,yes,4,3,wool,3,Marburg,yes,0,Hessen,81,
3714,WKA,inca,inti,no,2,2,gold,1,Huancavelica,yes,0,Huancavelica,810,lima
3715,WKA,inca,inti,no,2,2,wool,2,Jauja,yes,0,Tarma,811,lima
3716,CHM,chimuan,inti,no,4,4,cocoa,2,Chanchan,yes,1,Chanchan,812,lima
3717,CJA,inca,inti,no,3,3,cocoa,2,Cajamarca,yes,0,Cajamarca,813,lima
3718,HJA,inca,inti,no,2,2,grain,1,Huanuco,yes,0,Huanuco,814,lima
3719,SPA,jivaro,animism,no,1,1,unknown,1,Iquitos,yes,0,Maynas,815,lima
3720,CHM,chimuan,inti,no,2,2,grain,1,Tumbes,yes,0,Tumbes,816,lima
3721,QTO,cara,inti,no,3,3,wool,2,Surampalli,yes,0,Cuenca,817,lima
3722,SPA,jivaro,animism,no,2,1,unknown,1,Canelos,yes,0,Canelos,818,lima
3723,QTO,cara,inti,no,3,2,fish,1,Guayaquil,yes,0,Guayaquil,819,lima
3724,KOL,hannoverian,catholic,yes,3,3,wool,1,Arnsberg,yes,0,Lippe,82,
3725,QTO,cara,inti,no,6,6,cloth,2,Quito,yes,1,Quito,820,lima
3726,SPA,jivaro,animism,no,1,1,unknown,1,Baeza,yes,0,Quijos,821,lima
3727,SPA,jivaro,animism,no,1,1,unknown,1,Mocoa,yes,0,Caqueta,822,panama
3728,SPA,guajiro,animism,no,2,2,unknown,1,Cauca,yes,1,Cauca,823,panama
3729,SPA,guajiro,animism,no,2,2,unknown,1,Mariquita,yes,0,Mariquita,824,panama
3730,MCA,muisca,inti,no,6,6,gems,2,Bogotá,yes,1,Bogota,825,panama
3731,SPA,guajiro,animism,no,1,1,unknown,1,Choco,yes,0,Choco,826,panama
3732,SPA,muisca,animism,no,2,4,unknown,1,Antioquía,yes,0,Antioquia,827,panama
3733,SPA,guajiro,animism,no,3,3,unknown,2,Cartagena,yes,1,Cartagena,828,panama
3734,TAI,muisca,animism,no,1,1,coffee,1,Tairo,yes,0,Magdalena,829,panama
3735,NSA,hessian,catholic,yes,3,3,copper,3,Wiesbaden,yes,0,Nassau,83,
3736,SPA,guajiro,animism,no,1,2,unknown,1,Maracaibo,no,0,Maracaibo,830,carribean_trade
3737,SPA,castillian,animism,no,1,2,unknown,1,Caracas,yes,0,Caracas,831,carribean_trade
3738,MCA,muisca,inti,no,5,5,salt,2,Tunja,yes,0,Chiancon,832,panama
3739,NED,nguni,reformed,no,2,2,unknown,1,Graaff-Reinet,yes,0,GraaffReinet,833,cape_of_good_hope
3740,SPA,guajiro,animism,no,1,1,unknown,1,Barinas,yes,0,Barinas,834,carribean_trade
3741,CAS,muisca,animism,no,1,1,unknown,1,Panama,no,1,Panama,835,panama
3742,SPA,muisca,animism,no,1,1,unknown,1,Chorotega,yes,0,Chorotega,836,panama
3743,SPA,miskito,animism,no,1,1,unknown,1,Nicaragua,yes,0,Nicaragua,837,panama
3744,MIS,miskito,animism,no,1,1,coffee,1,Mosquito,yes,0,Mosquito,838,panama
3745,CHT,highland_mayan,mesoamerican_religion,no,1,1,cocoa,1,Pipil,yes,0,Pipil,839,mexico
3746,BRG,hessian,catholic,yes,4,4,cloth,1,Düsseldorf,yes,0,Berg,84,
3747,SPA,miskito,animism,no,1,1,unknown,1,Honduras,yes,0,Honduras,840,panama
3748,KIC,highland_mayan,mesoamerican_religion,no,3,3,cocoa,1,Tapachula,yes,0,Guatemala,841,mexico
3749,ITZ,putun,mesoamerican_religion,no,2,2,cocoa,1,Petén,yes,0,Peten,842,mexico
3750,CTM,yucatec,mesoamerican_religion,no,4,4,sugar,1,Chactemal,yes,0,Belize,843,mexico
3751,ZAP,zapotek,nahuatl,no,2,2,sugar,1,Zaachila,yes,0,Zapotec,844,mexico
3752,CNP,yucatec,mesoamerican_religion,no,4,4,sugar,1,Campeche,yes,0,Campeche,845,mexico
3753,COC,yucatec,mesoamerican_religion,no,4,4,fish,1,Sotuta,yes,0,Yucatan,846,mexico
3754,MIX,mixtec,nahuatl,no,3,3,grain,1,Totopec,yes,0,Mixtec,847,mexico
3755,TOT,totonac,nahuatl,no,2,2,spices,1,Tohancapan,yes,0,Tohancapan,848,mexico
3756,TLA,tlapanec,nahuatl,no,4,4,gold,1,Acapulco,yes,1,Tlapanec,849,mexico
3757,KOL,hessian,catholic,yes,6,6,paper,3,Köln,yes,2,Koln,85,
3758,TLX,aztek,nahuatl,no,4,4,sugar,1,Tlaxcala,yes,0,Tlaxcala,850,mexico
3759,TLA,tlapanec,nahuatl,no,3,3,fish,1,Tarasco,yes,0,Tarasco,851,mexico
3760,AZT,aztek,nahuatl,no,7,7,gold,2,Tenochtitlan,yes,1,Mexico,852,mexico
3761,AZT,aztek,nahuatl,no,3,3,cotton,1,Tlapacoyan,yes,0,Huastec,853,mexico
3762,XAL,tepic,nahuatl,no,4,4,grain,3,Sayultecas,yes,1,Sayultecas,854,mexico
3763,SPA,tepic,nahuatl,no,2,1,unknown,1,Huichol,yes,0,Huichol,855,california
3764,SPA,chichimecan,animism,no,1,1,gold,1,Zacatecas,no,0,Zacatecas,856,mexico
3765,CCM,chichimecan,animism,no,1,1,gold,1,Guachichil,yes,0,Guachichil,857,mexico
3766,HST,wastek,mesoamerican_religion,no,1,1,sugar,1,Tamaulipas,yes,0,Tamaulipas,858,rio_grande
3767,SPA,piman,totemism,no,1,1,unknown,1,Sinaloa,yes,0,Sinaloa,859,california
3768,MUN,hannoverian,catholic,yes,4,4,cloth,4,Münster,yes,0,Munster,86,
3769,SPA,chichimecan,animism,no,1,1,unknown,1,Tepehuan,yes,0,Tepehuan,860,california
3770,SPA,chichimecan,animism,no,1,1,unknown,1,Coahuila,yes,0,Coahuila,861,rio_grande
3771,YAQ,piman,totemism,no,1,1,unknown,1,Yaqui,yes,0,Yaqui,862,california
3772,SPA,mescalero,totemism,no,1,1,unknown,1,Suma,yes,0,Suma,863,rio_grande
3773,SPA,mescalero,totemism,no,1,1,unknown,1,Concho,yes,0,Concho,864,rio_grande
3774,SPA,piman,animism,no,1,1,unknown,1,Cochimi,yes,0,Cochimi,865,california
3775,SPA,piman,animism,no,1,1,unknown,1,Guaycura,yes,0,Guaycura,866,california
3776,Unowned,piman,totemism,no,1,1,unknown,1,Cahuila,no,0,Mojave,867,california
3777,SPA,piman,totemism,no,2,2,unknown,1,Chumash,yes,0,Chumash,868,california
3778,SPA,piman,totemism,no,1,2,unknown,1,Salinan,yes,0,Salinan,869,california
3779,ENG,wallonian,catholic,no,5,5,fish,3,Calais,yes,1,Calais,87,english_channel
3780,Unowned,yokuts,totemism,no,1,1,unknown,1,Yorkuts,no,0,Yorkuts,870,california
3781,RUS,chinook,totemism,no,1,1,unknown,1,Pomo,yes,0,Pomo,871,california
3782,CNK,chinook,totemism,no,2,2,unknown,1,Siuslaw,yes,0,Kalapuya,872,california
3783,CNK,chinook,totemism,no,2,2,fur,1,Chinook,yes,0,Chinook,873,california
3784,SAL,salish,totemism,no,2,2,fur,1,Salish,yes,0,Salish,874,california
3785,Unowned,navajo,totemism,no,1,1,salt,1,Canyon,no,0,Canyon,875,rio_grande
3786,PIM,piman,totemism,no,1,1,unknown,1,Yavapai,yes,0,Yavapai,876,california
3787,PIM,piman,totemism,no,1,1,salt,1,Pima,yes,0,Pima,877,california
3788,NAH,navajo,totemism,no,1,2,salt,1,Navajo,yes,0,Navajo,878,rio_grande
3789,APA,apache,totemism,no,1,1,salt,1,Apache,yes,0,Apache,879,california
3790,BUR,wallonian,catholic,no,6,6,cloth,3,Arras,yes,0,Artois,88,english_channel
3791,OHK,pueblo,totemism,no,2,2,salt,1,Pueblo,yes,1,Pueblo,880,rio_grande
3792,SPA,mescalero,totemism,no,2,2,grain,1,Teypana,no,0,Piro,881,rio_grande
3793,MSC,mescalero,totemism,no,1,1,wool,1,Mescalero,yes,0,Mescalero,882,rio_grande
3794,LIP,lipan,totemism,no,1,1,grain,1,Lipan,yes,0,Lipan,883,rio_grande
3795,SPA,caddo,totemism,no,1,1,unknown,1,Karankawa,yes,0,Karankawa,884,rio_grande
3796,COM,mescalero,totemism,no,1,1,unknown,1,Comanche,yes,0,Comanche,885,rio_grande
3797,WIC,wichita,totemism,no,1,1,grain,1,Waco,yes,0,Waco,886,rio_grande
3798,SPA,caddo,totemism,no,1,1,unknown,1,Tonkawa,no,0,Tonkawa,887,rio_grande
3799,SPA,caddo,totemism,no,1,1,unknown,1,Atakapa,yes,0,Atakapa,888,rio_grande
3800,Unowned,wichita,totemism,no,1,1,unknown,1,Arapaho,no,0,Arapaho,889,mississippi_river
3801,FRA,cosmopolitan_french,catholic,no,6,6,grain,5,Amiens,yes,0,Picardie,89,english_channel
3802,KIO,kiowa,totemism,no,1,1,unknown,1,Kiowa,yes,0,Kiowa,890,mississippi_river
3803,Unowned,Unowned,totemism,no,1,1,unknown,1,Jicarilla,no,0,Jicarilla,891,mississippi_river
3804,Unowned,wichita,totemism,no,1,1,unknown,1,Wichita,no,0,Wichita,892,mississippi_river
3805,FRA,natchez,totemism,no,5,3,unknown,2,Chitimacha,yes,1,Chitimacha,893,mississippi_river
3806,CAD,caddo,totemism,no,1,1,cotton,1,Caddo,yes,0,Caddo,894,mississippi_river
3807,ANL,yoron,totemism,no,2,2,unknown,1,Arkansas,yes,0,Arkansas,895,mississippi_river
3808,Unowned,Unowned,totemism,no,1,1,unknown,1,Ozark,no,0,Ozark,896,mississippi_river
3809,CAQ,yoron,totemism,no,1,1,unknown,1,Quapaw,yes,0,Quapaw,897,mississippi_river
3810,Unowned,Unowned,totemism,no,1,1,unknown,1,Kansas,no,0,Kansas,898,mississippi_river
3811,OSA,yoron,totemism,no,1,1,grain,1,Pahatsi,yes,0,Osage,899,mississippi_river
3812,SWE,swedish,catholic,no,2,2,fish,1,Gävle,yes,0,Halsingland,9,baltic_sea
3813,FLA,flemish,catholic,no,7,7,cloth,4,Brugge,yes,2,Vlaanderen,90,english_channel
3814,FRA,illini,totemism,no,2,2,unknown,1,Tamaroa,no,1,Tamaroa,900,mississippi_river
3815,PAW,pawnee,totemism,no,2,1,grain,1,Pawnee,yes,0,Pawnee,901,mississippi_river
3816,FRA,pawnee,totemism,no,1,1,unknown,1,Missouri,yes,0,Missouri,902,mississippi_river
3817,USA,american,totemism,no,1,1,unknown,1,Omaha,yes,0,Omaha,903,mississippi_river
3818,Unowned,chiwere,totemism,no,1,1,unknown,1,Nakota,no,0,Nakota,904,mississippi_river
3819,OEO,chiwere,totemism,no,1,1,unknown,1,Iowa,yes,0,Iowa,905,mississippi_river
3820,Unowned,dakota,totemism,no,1,1,unknown,1,Lakota,no,0,Lakota,906,james_bay
3821,LAK,dakota,totemism,no,1,1,unknown,1,Dakota,yes,0,Dakota,907,mississippi_river
3822,Unowned,dakota,totemism,no,1,1,fur,1,Dakota,no,0,Minnesota,908,mississippi_river
3823,Unowned,arapaho,totemism,no,1,1,unknown,1,Mandan,no,0,Mandan,909,james_bay
3824,BUR,wallonian,catholic,yes,6,6,cloth,3,Mons,yes,0,Hainaut,91,champagne
3825,FRA,anishinabe,totemism,no,1,1,unknown,1,Makoua,yes,0,Chippewa,910,ohio
3826,FRA,anishinabe,totemism,no,1,2,unknown,1,Menominee,yes,0,Menominee,911,ohio
3827,USA,chiwere,totemism,no,1,1,unknown,1,Sauk,no,0,Sauk,912,ohio
3828,OEO,chiwere,totemism,no,2,2,fur,2,Fox,no,0,Fox,913,ohio
3829,FRA,chiwere,totemism,no,2,2,unknown,2,Winnebago,yes,0,Winnebago,914,ohio
3830,PEO,illini,totemism,no,1,1,grain,1,Illinois,yes,0,Illinois,915,ohio
3831,KSK,illini,totemism,no,2,2,fur,1,Kaskaskia,yes,0,Kaskaskia,916,ohio
3832,CAO,illini,totemism,no,2,2,grain,2,Cahokia,yes,0,Cahokia,917,ohio
3833,CHI,chickasaw,totemism,no,2,2,unknown,1,Tennessee,yes,0,Tennessee,918,mississippi_river
3834,CHI,chickasaw,totemism,no,2,2,grain,1,Chickasaw,yes,0,Chickasaw,919,mississippi_river
3835,BRB,flemish,catholic,yes,7,7,cloth,4,Brussel,yes,0,Brabant,92,english_channel
3836,CHO,choctaw,totemism,no,2,2,cotton,1,Choctaw,yes,0,Choctaw,920,mississippi_river
3837,FRA,natchez,totemism,no,2,2,unknown,1,Bayougoula,yes,0,Bayougoula,921,mississippi_river
3838,FRA,choctaw,totemism,no,2,2,unknown,1,Mobile,yes,0,Mobile,922,mississippi_river
3839,SPA,choctaw,totemism,no,1,1,unknown,1,Pensacola,yes,0,Pensacola,923,mississippi_river
3840,FRA,choctaw,totemism,no,1,1,unknown,2,Alabama,yes,0,Alabama,924,mississippi_river
3841,COW,creek,totemism,no,2,2,cotton,2,Tuskegee,yes,0,Tuskegee,925,mississippi_river
3842,Unowned,yamasee,totemism,no,1,1,unknown,1,Seminole,no,0,Seminole,926,carribean_trade
3843,FRA,yamasee,totemism,no,1,1,unknown,1,Timucua,yes,0,Timucua,927,carribean_trade
3844,SPA,creek,totemism,no,2,1,unknown,1,Apalachee,yes,0,Apalachee,928,carribean_trade
3845,SPA,yamasee,totemism,no,2,2,unknown,2,Guale,yes,0,Muskogee,929,chesapeake_bay
3846,LIE,wallonian,catholic,yes,6,6,glass,3,Liège,yes,0,Liege,93,champagne
3847,KSI,creek,totemism,no,2,2,cotton,1,Yamasee,yes,0,Yamasee,930,chesapeake_bay
3848,COO,creek,totemism,no,2,2,fur,1,Chiaha,yes,0,Chiaha,931,chesapeake_bay
3849,ENG,catawba,totemism,no,2,2,unknown,2,Santee,yes,0,Santee,932,chesapeake_bay
3850,COF,catawba,totemism,no,2,2,tobacco,1,Catawba,yes,0,Catawba,933,chesapeake_bay
3851,CCA,yuchi,totemism,no,1,1,grain,1,Tsoyaha,no,0,Shawnee,934,mississippi_river
3852,CIA,yuchi,totemism,no,2,2,naval_supplies,1,Cherokee,yes,0,Cherokee,935,chesapeake_bay
3853,JOA,catawba,totemism,no,2,2,tobacco,1,Cheraw,yes,0,Cheraw,936,chesapeake_bay
3854,TSC,iroquois,totemism,no,1,2,tobacco,2,Tuscarora,yes,0,Tuscarora,937,chesapeake_bay
3855,GBR,powhatan,totemism,no,2,2,unknown,1,Pamlico,yes,0,Pamlico,938,chesapeake_bay
3856,USA,shawnee,totemism,no,2,2,unknown,1,Pennyrile,no,0,Pennyrile,939,mississippi_river
3857,BUR,wallonian,catholic,yes,5,5,iron,2,Luxemburg,yes,0,Luxemburg,94,champagne
3858,GBR,shawnee,totemism,no,1,2,unknown,2,Kentucky,no,0,Kentucky,940,ohio
3859,CCA,yuchi,totemism,no,1,1,fur,1,Ouasioto,yes,0,Cumberland,941,ohio
3860,USA,miami,totemism,no,1,1,unknown,1,Wea,no,0,Wea,942,ohio
3861,MMI,miami,totemism,no,1,1,fur,1,Miami,yes,0,Miami,943,ohio
3862,FOX,mesquakie,totemism,no,2,3,fur,1,Potawatomi,yes,2,Potawatomi,944,ohio
3863,POT,anishinabe,totemism,no,1,2,fur,1,Michigan,yes,0,Michigan,945,ohio
3864,HUR,miami,totemism,no,1,1,unknown,1,Wyandot,yes,0,Wyandot,946,ohio
3865,IRO,tionontate,totemism,no,2,2,unknown,3,Erie,no,0,Erie,947,ohio
3866,LEN,shawnee,totemism,no,1,1,unknown,1,Ohio,yes,0,Ohio,948,ohio
3867,GBR,yuchi,totemism,no,1,1,unknown,1,Monacan,yes,0,Monacan,949,chesapeake_bay
3868,BRB,dutch,catholic,yes,4,3,cloth,2,Breda,yes,0,Breda,95,english_channel
3869,ENG,powhatan,totemism,no,5,3,unknown,2,Chesapeake,yes,0,Powhatan,950,chesapeake_bay
3870,GBR,shawnee,totemism,no,1,1,unknown,1,Kanawha,no,0,Kanawha,951,ohio
3871,POW,powhatan,totemism,no,2,2,tobacco,1,Powhatan,yes,0,Powhatan,952,chesapeake_bay
3872,ENG,powhatan,totemism,no,2,2,unknown,2,Conoy,yes,0,Conoy,953,chesapeake_bay
3873,ERI,tionontate,totemism,no,1,2,fur,2,Allegheny,yes,0,Allegheny,954,ohio
3874,LEN,susquehannock,totemism,no,2,2,unknown,2,Susquehanna,no,0,Susquehanna,955,ohio
3875,LEN,delaware,totemism,no,2,2,fur,1,Lenape,yes,0,Lenape,956,chesapeake_bay
3876,SWE,delaware,totemism,no,4,3,unknown,3,Delaware,yes,0,Delaware,957,chesapeake_bay
3877,SEN,iroquois,totemism,no,1,2,fur,1,Seneca,no,0,Seneca,958,ohio
3878,CAY,iroquois,totemism,no,2,2,fur,1,Cayuga,yes,0,Cayuga,959,ohio
3879,HOL,dutch,catholic,yes,5,5,salt,1,Middelburg,yes,0,Zeeland,96,english_channel
3880,ONO,iroquois,totemism,no,3,3,fur,2,Onondaga,yes,0,Onondaga,960,ohio
3881,ONE,iroquois,totemism,no,2,2,fur,1,Oneida,yes,0,Oneida,961,ohio
3882,SWE,delaware,totemism,no,2,2,unknown,1,Unami,yes,0,Unami,962,chesapeake_bay
3883,NED,mahican,totemism,no,1,2,unknown,2,Mahican,no,0,Mahican,963,ohio
3884,MOH,iroquois,totemism,no,2,2,fur,2,Mohawk,yes,0,Mohawk,964,ohio
3885,NED,delaware,totemism,no,2,2,unknown,1,Manhattan,yes,0,Manhattan,965,chesapeake_bay
3886,WAM,massachusset,totemism,no,2,2,unknown,1,Nipmuc,no,0,Nipmuc,966,chesapeake_bay
3887,ENG,pequot,totemism,no,3,2,unknown,1,Narraganset,yes,0,Narraganset,967,chesapeake_bay
3888,ENG,massachusset,totemism,no,4,4,unknown,2,Massachusetts,no,1,Massachusetts,968,chesapeake_bay
3889,MAH,mahican,totemism,no,2,2,naval_supplies,3,Pocumtuk,yes,0,Pocumtuk,969,st_lawrence
3890,HOL,dutch,catholic,yes,6,6,cloth,4,Amsterdam,yes,2,Holland,97,english_channel
3891,ENG,massachusset,totemism,no,2,2,unknown,1,Merrimack,yes,0,Pennacook,970,chesapeake_bay
3892,PEN,abenaki,totemism,no,1,2,naval_supplies,2,Abnaki,yes,0,Abnaki,971,st_lawrence
3893,Unowned,aleutian,totemism,no,1,1,unknown,1,Nootka,no,0,Nootka,972,california
3894,Unowned,salish,totemism,no,2,2,unknown,1,Squamish,no,0,Squamish,973,california
3895,Unowned,aleutian,totemism,no,1,1,unknown,1,Kwakiutl,no,0,Kwakiutl,974,california
3896,Unowned,chinook,totemism,no,1,1,unknown,1,Tsimshian,no,0,Tsimshian,975,california
3897,Unowned,haida,totemism,no,1,1,unknown,1,Tlingit,no,0,Tlingit,976,california
3898,RUS,aleutian,totemism,no,1,1,unknown,1,Yakutat,yes,0,Yakutat,977,california
3899,RUS,aleutian,totemism,no,1,1,unknown,1,Alaska,yes,0,Alaska,978,california
3900,RUS,aleutian,totemism,no,1,1,unknown,1,Aleut,yes,0,Aleut,979,california
3901,UTR,dutch,catholic,yes,5,5,cloth,2,Utrecht,yes,0,Utrecht,98,english_channel
3902,ENG,innu,totemism,no,1,2,unknown,1,Beothuk,yes,1,Beothuk,980,st_lawrence
3903,FRA,innu,totemism,no,1,2,unknown,1,Taqamkuk,yes,0,Taqamkuk,981,st_lawrence
3904,FRA,mikmaq,totemism,no,1,1,unknown,1,Unamakik,yes,0,Unamakik,982,st_lawrence
3905,FRA,mikmaq,totemism,no,1,1,unknown,1,Epekwitk,yes,0,Epekwitk,983,st_lawrence
3906,FRA,mikmaq,totemism,no,2,2,unknown,1,Sipeknekatik,yes,0,Acadia,984,st_lawrence
3907,FRA,mikmaq,totemism,no,2,2,unknown,1,Micmac,yes,0,Micmac,985,st_lawrence
3908,FRA,mikmaq,totemism,no,1,1,unknown,1,Kespek,yes,0,Kespek,986,st_lawrence
3909,ATW,tionontate,totemism,no,2,2,fur,2,Niagara,yes,0,Niagara,987,ohio
3910,ATT,huron,totemism,no,2,2,fur,4,Attignawantan,yes,0,Huron,988,ohio
3911,AGG,huron,totemism,no,2,2,grain,2,Attigneenongnahac,yes,0,Ontario,989,ohio
3912,GEL,dutch,catholic,yes,6,6,livestock,3,Arnhem,yes,0,Gelre,99,english_channel
3913,FRA,laurentian,totemism,no,3,2,unknown,1,Maisouna,yes,0,Kwedech,990,st_lawrence
3914,FRA,algonquin,totemism,no,2,2,unknown,1,Nipissing,yes,0,Ottawa,991,ohio
3915,AGQ,algonquin,totemism,no,3,2,fur,1,Algonquin,yes,0,Algonquin,992,st_lawrence
3916,OSH,laurentian,totemism,no,2,2,fur,1,Hochelega,yes,1,Hochelega,993,st_lawrence
3917,STA,laurentian,totemism,no,4,4,fish,2,Stadacona,yes,0,Stadacona,994,st_lawrence
3918,FRA,innu,totemism,no,2,2,unknown,1,Tadoussac,yes,0,Atiamekw,995,st_lawrence
3919,Unowned,innu,totemism,no,1,1,unknown,1,Innu,no,0,Innu,996,st_lawrence
3920,Unowned,innu,totemism,no,1,1,unknown,1,Labrador,no,0,Labrador,997,st_lawrence
3921,GBR,inuit,totemism,no,1,2,unknown,1,Ungava,yes,0,Ungava,998,james_bay
3922,GBR,cree,totemism,no,1,2,unknown,1,Nunavik,yes,0,Nunavik,999,james_bay
